event_date,event_timestamp,event_time,event_name,action_id,interaction_weight,user_key,session_key,location_id,location_name,location_category_name,primary_category,num_categories,is_hot_spot_location,is_favorite_location,previous_location_id,page_location,engagement_time_msec,engagement_time_msec_capped
20260701,1782921900000000,2026-07-01T16:05:00+00:00,map-user-action,marker_click,1.5,synthetic-user-008,synthetic-user-008-session-01,3fd80f7d-ab09-4088-9796-9571a14a7926,Clark Street in Lincoln Park,HOT SPOTS; Neighborhood Organizations,Neighborhood Organizations,2,1,0,,https://demo.invalid/places/3fd80f7d-ab09-4088-9796-9571a14a7926,1600,1600
20260701,1782921945000000,2026-07-01T16:05:45+00:00,page_view,detail_view,1.0,synthetic-user-008,synthetic-user-008-session-01,3fd80f7d-ab09-4088-9796-9571a14a7926,Clark Street in Lincoln Park,HOT SPOTS; Neighborhood Organizations,Neighborhood Organizations,2,1,0,,https://demo.invalid/places/3fd80f7d-ab09-4088-9796-9571a14a7926,4200,4200
20260701,1782922980000000,2026-07-01T16:23:00+00:00,map-user-action,marker_click,1.5,synthetic-user-008,synthetic-user-008-session-01,8c84468c-e58a-4eb7-acba-a9d1932f872a,Goose Island Taproom,Bars; Restaurants,Bars,2,0,0,3fd80f7d-ab09-4088-9796-9571a14a7926,https://demo.invalid/places/8c84468c-e58a-4eb7-acba-a9d1932f872a,1600,1600
20260701,1782923025000000,2026-07-01T16:23:45+00:00,page_view,detail_view,1.0,synthetic-user-008,synthetic-user-008-session-01,8c84468c-e58a-4eb7-acba-a9d1932f872a,Goose Island Taproom,Bars; Restaurants,Bars,2,0,0,3fd80f7d-ab09-4088-9796-9571a14a7926,https://demo.invalid/places/8c84468c-e58a-4eb7-acba-a9d1932f872a,4200,4200
20260701,1782924060000000,2026-07-01T16:41:00+00:00,map-user-action,marker_click,1.5,synthetic-user-008,synthetic-user-008-session-01,6cf9b47c-e237-456a-876d-8ba9028bf56e,Chicago's North Shore,HOT SPOTS; Neighborhood Organizations,Neighborhood Organizations,2,1,0,8c84468c-e58a-4eb7-acba-a9d1932f872a,https://demo.invalid/places/6cf9b47c-e237-456a-876d-8ba9028bf56e,1600,1600
20260701,1782924105000000,2026-07-01T16:41:45+00:00,page_view,detail_view,1.0,synthetic-user-008,synthetic-user-008-session-01,6cf9b47c-e237-456a-876d-8ba9028bf56e,Chicago's North Shore,HOT SPOTS; Neighborhood Organizations,Neighborhood Organizations,2,1,0,8c84468c-e58a-4eb7-acba-a9d1932f872a,https://demo.invalid/places/6cf9b47c-e237-456a-876d-8ba9028bf56e,4200,4200
20260701,1782925140000000,2026-07-01T16:59:00+00:00,map-user-action,marker_click,1.5,synthetic-user-008,synthetic-user-008-session-01,5e91b706-eae2-4e5e-8ae3-085bc517de57,Flyover Chicago,Attractions; HOT SPOTS,Attractions,2,1,0,6cf9b47c-e237-456a-876d-8ba9028bf56e,https://demo.invalid/places/5e91b706-eae2-4e5e-8ae3-085bc517de57,1600,1600
20260701,1782925185000000,2026-07-01T16:59:45+00:00,page_view,detail_view,1.0,synthetic-user-008,synthetic-user-008-session-01,5e91b706-eae2-4e5e-8ae3-085bc517de57,Flyover Chicago,Attractions; HOT SPOTS,Attractions,2,1,0,6cf9b47c-e237-456a-876d-8ba9028bf56e,https://demo.invalid/places/5e91b706-eae2-4e5e-8ae3-085bc517de57,4200,4200
20260701,1782929400000000,2026-07-01T18:10:00+00:00,map-user-action,marker_click,1.5,synthetic-user-016,synthetic-user-016-session-02,0ed825ef-99cd-4b15-8e93-5a0b9b6c65ed,Big Bus Tours Stop 2: Skydeck Chicago & Willis Tower,Big Bus Tours Stops,Big Bus Tours Stops,1,0,0,,https://demo.invalid/places/0ed825ef-99cd-4b15-8e93-5a0b9b6c65ed,1600,1600
20260701,1782929445000000,2026-07-01T18:10:45+00:00,page_view,detail_view,1.0,synthetic-user-016,synthetic-user-016-session-02,0ed825ef-99cd-4b15-8e93-5a0b9b6c65ed,Big Bus Tours Stop 2: Skydeck Chicago & Willis Tower,Big Bus Tours Stops,Big Bus Tours Stops,1,0,0,,https://demo.invalid/places/0ed825ef-99cd-4b15-8e93-5a0b9b6c65ed,4200,4200
20260701,1782930480000000,2026-07-01T18:28:00+00:00,map-user-action,marker_click,1.5,synthetic-user-016,synthetic-user-016-session-02,b704aaa2-37b1-4615-8a6c-e5478ff2948b,Big Bus Tours Stop 5: Adler Planetarium,Big Bus Tours Stops,Big Bus Tours Stops,1,0,0,0ed825ef-99cd-4b15-8e93-5a0b9b6c65ed,https://demo.invalid/places/b704aaa2-37b1-4615-8a6c-e5478ff2948b,1600,1600
20260701,1782930525000000,2026-07-01T18:28:45+00:00,page_view,detail_view,1.0,synthetic-user-016,synthetic-user-016-session-02,b704aaa2-37b1-4615-8a6c-e5478ff2948b,Big Bus Tours Stop 5: Adler Planetarium,Big Bus Tours Stops,Big Bus Tours Stops,1,0,0,0ed825ef-99cd-4b15-8e93-5a0b9b6c65ed,https://demo.invalid/places/b704aaa2-37b1-4615-8a6c-e5478ff2948b,4200,4200
20260701,1782931560000000,2026-07-01T18:46:00+00:00,map-user-action,marker_click,1.5,synthetic-user-016,synthetic-user-016-session-02,3fd80f7d-ab09-4088-9796-9571a14a7926,Clark Street in Lincoln Park,HOT SPOTS; Neighborhood Organizations,Neighborhood Organizations,2,1,0,b704aaa2-37b1-4615-8a6c-e5478ff2948b,https://demo.invalid/places/3fd80f7d-ab09-4088-9796-9571a14a7926,1600,1600
20260701,1782931605000000,2026-07-01T18:46:45+00:00,page_view,detail_view,1.0,synthetic-user-016,synthetic-user-016-session-02,3fd80f7d-ab09-4088-9796-9571a14a7926,Clark Street in Lincoln Park,HOT SPOTS; Neighborhood Organizations,Neighborhood Organizations,2,1,0,b704aaa2-37b1-4615-8a6c-e5478ff2948b,https://demo.invalid/places/3fd80f7d-ab09-4088-9796-9571a14a7926,4200,4200
20260701,1782932640000000,2026-07-01T19:04:00+00:00,map-user-action,marker_click,1.5,synthetic-user-016,synthetic-user-016-session-02,d0dd29f4-691d-430e-bc60-3e3038313a29,Chicago History Museum,Attractions; Museums,Attractions,2,0,0,3fd80f7d-ab09-4088-9796-9571a14a7926,https://demo.invalid/places/d0dd29f4-691d-430e-bc60-3e3038313a29,1600,1600
20260701,1782932685000000,2026-07-01T19:04:45+00:00,page_view,detail_view,1.0,synthetic-user-016,synthetic-user-016-session-02,d0dd29f4-691d-430e-bc60-3e3038313a29,Chicago History Museum,Attractions; Museums,Attractions,2,0,0,3fd80f7d-ab09-4088-9796-9571a14a7926,https://demo.invalid/places/d0dd29f4-691d-430e-bc60-3e3038313a29,4200,4200
20260701,1782936900000000,2026-07-01T20:15:00+00:00,map-user-action,marker_click,1.5,synthetic-user-024,synthetic-user-024-session-03,52bd65c2-e431-4558-90a6-6dd907ff5a2b,Vosges Haut-Chocolat,Shops,Shops,1,0,0,,https://demo.invalid/places/52bd65c2-e431-4558-90a6-6dd907ff5a2b,1600,1600
20260701,1782936945000000,2026-07-01T20:15:45+00:00,page_view,detail_view,1.0,synthetic-user-024,synthetic-user-024-session-03,52bd65c2-e431-4558-90a6-6dd907ff5a2b,Vosges Haut-Chocolat,Shops,Shops,1,0,0,,https://demo.invalid/places/52bd65c2-e431-4558-90a6-6dd907ff5a2b,4200,4200
20260701,1782937980000000,2026-07-01T20:33:00+00:00,map-user-action,marker_click,1.5,synthetic-user-024,synthetic-user-024-session-03,d85af6a8-8d67-4b9a-9bc9-39ac42ea30d9,Primark,Shops,Shops,1,0,0,52bd65c2-e431-4558-90a6-6dd907ff5a2b,https://demo.invalid/places/d85af6a8-8d67-4b9a-9bc9-39ac42ea30d9,1600,1600
20260701,1782938025000000,2026-07-01T20:33:45+00:00,page_view,detail_view,1.0,synthetic-user-024,synthetic-user-024-session-03,d85af6a8-8d67-4b9a-9bc9-39ac42ea30d9,Primark,Shops,Shops,1,0,0,52bd65c2-e431-4558-90a6-6dd907ff5a2b,https://demo.invalid/places/d85af6a8-8d67-4b9a-9bc9-39ac42ea30d9,4200,4200
20260701,1782939060000000,2026-07-01T20:51:00+00:00,map-user-action,marker_click,1.5,synthetic-user-024,synthetic-user-024-session-03,1525a1f9-6615-4c5f-9b45-fc871577444a,Chicago Children's Museum,Attractions; Museums,Attractions,2,0,0,d85af6a8-8d67-4b9a-9bc9-39ac42ea30d9,https://demo.invalid/places/1525a1f9-6615-4c5f-9b45-fc871577444a,1600,1600
20260701,1782939105000000,2026-07-01T20:51:45+00:00,page_view,detail_view,1.0,synthetic-user-024,synthetic-user-024-session-03,1525a1f9-6615-4c5f-9b45-fc871577444a,Chicago Children's Museum,Attractions; Museums,Attractions,2,0,0,d85af6a8-8d67-4b9a-9bc9-39ac42ea30d9,https://demo.invalid/places/1525a1f9-6615-4c5f-9b45-fc871577444a,4200,4200
20260701,1782940140000000,2026-07-01T21:09:00+00:00,map-user-action,marker_click,1.5,synthetic-user-024,synthetic-user-024-session-03,04262787-4b85-4d95-a301-c7b3b6068a6d,Garrett Popcorn Shops,HOT SPOTS; Shops,Shops,2,1,0,1525a1f9-6615-4c5f-9b45-fc871577444a,https://demo.invalid/places/04262787-4b85-4d95-a301-c7b3b6068a6d,1600,1600
20260701,1782940185000000,2026-07-01T21:09:45+00:00,page_view,detail_view,1.0,synthetic-user-024,synthetic-user-024-session-03,04262787-4b85-4d95-a301-c7b3b6068a6d,Garrett Popcorn Shops,HOT SPOTS; Shops,Shops,2,1,0,1525a1f9-6615-4c5f-9b45-fc871577444a,https://demo.invalid/places/04262787-4b85-4d95-a301-c7b3b6068a6d,4200,4200
20260701,1782942360000000,2026-07-01T21:46:00+00:00,map-user-action,marker_click,1.5,synthetic-user-039,synthetic-user-039-session-01,5f80e827-2e15-40f7-b873-1963d407d632,Lyric Opera of Chicago,HOT SPOTS; Theaters and Music Venues,Theaters and Music Venues,2,1,0,,https://demo.invalid/places/5f80e827-2e15-40f7-b873-1963d407d632,1600,1600
20260701,1782942405000000,2026-07-01T21:46:45+00:00,page_view,detail_view,1.0,synthetic-user-039,synthetic-user-039-session-01,5f80e827-2e15-40f7-b873-1963d407d632,Lyric Opera of Chicago,HOT SPOTS; Theaters and Music Venues,Theaters and Music Venues,2,1,0,,https://demo.invalid/places/5f80e827-2e15-40f7-b873-1963d407d632,4200,4200
20260701,1782943440000000,2026-07-01T22:04:00+00:00,map-user-action,marker_click,1.5,synthetic-user-039,synthetic-user-039-session-01,075cbd0b-5080-46e7-b4c0-4628b3f50c6e,Canopy,Hotels,Hotels,1,0,0,5f80e827-2e15-40f7-b873-1963d407d632,https://demo.invalid/places/075cbd0b-5080-46e7-b4c0-4628b3f50c6e,1600,1600
20260701,1782943485000000,2026-07-01T22:04:45+00:00,page_view,detail_view,1.0,synthetic-user-039,synthetic-user-039-session-01,075cbd0b-5080-46e7-b4c0-4628b3f50c6e,Canopy,Hotels,Hotels,1,0,0,5f80e827-2e15-40f7-b873-1963d407d632,https://demo.invalid/places/075cbd0b-5080-46e7-b4c0-4628b3f50c6e,4200,4200
20260701,1782944520000000,2026-07-01T22:22:00+00:00,map-user-action,marker_click,1.5,synthetic-user-039,synthetic-user-039-session-01,a4cc19e2-521b-4707-91f5-a68ddd9236cd,City Cruises Chicago,Attractions,Attractions,1,0,0,075cbd0b-5080-46e7-b4c0-4628b3f50c6e,https://demo.invalid/places/a4cc19e2-521b-4707-91f5-a68ddd9236cd,1600,1600
20260701,1782944565000000,2026-07-01T22:22:45+00:00,page_view,detail_view,1.0,synthetic-user-039,synthetic-user-039-session-01,a4cc19e2-521b-4707-91f5-a68ddd9236cd,City Cruises Chicago,Attractions,Attractions,1,0,0,075cbd0b-5080-46e7-b4c0-4628b3f50c6e,https://demo.invalid/places/a4cc19e2-521b-4707-91f5-a68ddd9236cd,4200,4200
20260701,1782945600000000,2026-07-01T22:40:00+00:00,map-user-action,marker_click,1.5,synthetic-user-039,synthetic-user-039-session-01,69466b09-ac7c-4b96-b83e-11c91756b7f6,Goodman Theater Center,Theaters and Music Venues,Theaters and Music Venues,1,0,0,a4cc19e2-521b-4707-91f5-a68ddd9236cd,https://demo.invalid/places/69466b09-ac7c-4b96-b83e-11c91756b7f6,1600,1600
20260701,1782945645000000,2026-07-01T22:40:45+00:00,page_view,detail_view,1.0,synthetic-user-039,synthetic-user-039-session-01,69466b09-ac7c-4b96-b83e-11c91756b7f6,Goodman Theater Center,Theaters and Music Venues,Theaters and Music Venues,1,0,0,a4cc19e2-521b-4707-91f5-a68ddd9236cd,https://demo.invalid/places/69466b09-ac7c-4b96-b83e-11c91756b7f6,4200,4200
20260701,1782949860000000,2026-07-01T23:51:00+00:00,map-user-action,marker_click,1.5,synthetic-user-047,synthetic-user-047-session-02,de2fb87e-f914-4639-8d38-1b8792583d21,10pin Bowling Lounge,HOT SPOTS; Bars; Restaurants,Bars,3,1,0,,https://demo.invalid/places/de2fb87e-f914-4639-8d38-1b8792583d21,1600,1600
20260701,1782949905000000,2026-07-01T23:51:45+00:00,page_view,detail_view,1.0,synthetic-user-047,synthetic-user-047-session-02,de2fb87e-f914-4639-8d38-1b8792583d21,10pin Bowling Lounge,HOT SPOTS; Bars; Restaurants,Bars,3,1,0,,https://demo.invalid/places/de2fb87e-f914-4639-8d38-1b8792583d21,4200,4200
20260702,1782950940000000,2026-07-02T00:09:00+00:00,map-user-action,marker_click,1.5,synthetic-user-047,synthetic-user-047-session-02,3fd80f7d-ab09-4088-9796-9571a14a7926,Clark Street in Lincoln Park,HOT SPOTS; Neighborhood Organizations,Neighborhood Organizations,2,1,0,de2fb87e-f914-4639-8d38-1b8792583d21,https://demo.invalid/places/3fd80f7d-ab09-4088-9796-9571a14a7926,1600,1600
20260702,1782950985000000,2026-07-02T00:09:45+00:00,page_view,detail_view,1.0,synthetic-user-047,synthetic-user-047-session-02,3fd80f7d-ab09-4088-9796-9571a14a7926,Clark Street in Lincoln Park,HOT SPOTS; Neighborhood Organizations,Neighborhood Organizations,2,1,0,de2fb87e-f914-4639-8d38-1b8792583d21,https://demo.invalid/places/3fd80f7d-ab09-4088-9796-9571a14a7926,4200,4200
20260702,1782952020000000,2026-07-02T00:27:00+00:00,map-user-action,marker_click,1.5,synthetic-user-047,synthetic-user-047-session-02,6cf9b47c-e237-456a-876d-8ba9028bf56e,Chicago's North Shore,HOT SPOTS; Neighborhood Organizations,Neighborhood Organizations,2,1,0,3fd80f7d-ab09-4088-9796-9571a14a7926,https://demo.invalid/places/6cf9b47c-e237-456a-876d-8ba9028bf56e,1600,1600
20260702,1782952065000000,2026-07-02T00:27:45+00:00,page_view,detail_view,1.0,synthetic-user-047,synthetic-user-047-session-02,6cf9b47c-e237-456a-876d-8ba9028bf56e,Chicago's North Shore,HOT SPOTS; Neighborhood Organizations,Neighborhood Organizations,2,1,0,3fd80f7d-ab09-4088-9796-9571a14a7926,https://demo.invalid/places/6cf9b47c-e237-456a-876d-8ba9028bf56e,4200,4200
20260702,1782953100000000,2026-07-02T00:45:00+00:00,map-user-action,marker_click,1.5,synthetic-user-047,synthetic-user-047-session-02,09eff1bb-4cc1-4973-83b8-ff08e0c6e9d0,Citizen M,Hotels,Hotels,1,0,0,6cf9b47c-e237-456a-876d-8ba9028bf56e,https://demo.invalid/places/09eff1bb-4cc1-4973-83b8-ff08e0c6e9d0,1600,1600
20260702,1782953145000000,2026-07-02T00:45:45+00:00,page_view,detail_view,1.0,synthetic-user-047,synthetic-user-047-session-02,09eff1bb-4cc1-4973-83b8-ff08e0c6e9d0,Citizen M,Hotels,Hotels,1,0,0,6cf9b47c-e237-456a-876d-8ba9028bf56e,https://demo.invalid/places/09eff1bb-4cc1-4973-83b8-ff08e0c6e9d0,4200,4200
20260702,1782957360000000,2026-07-02T01:56:00+00:00,map-user-action,marker_click,1.5,synthetic-user-055,synthetic-user-055-session-03,3b8694ae-ef47-42dc-844d-f21f321a33af,Big Bus Tours Stop 6: Museum Campus,Big Bus Tours Stops,Big Bus Tours Stops,1,0,0,,https://demo.invalid/places/3b8694ae-ef47-42dc-844d-f21f321a33af,1600,1600
20260702,1782957405000000,2026-07-02T01:56:45+00:00,page_view,detail_view,1.0,synthetic-user-055,synthetic-user-055-session-03,3b8694ae-ef47-42dc-844d-f21f321a33af,Big Bus Tours Stop 6: Museum Campus,Big Bus Tours Stops,Big Bus Tours Stops,1,0,0,,https://demo.invalid/places/3b8694ae-ef47-42dc-844d-f21f321a33af,4200,4200
20260702,1782958440000000,2026-07-02T02:14:00+00:00,map-user-action,marker_click,1.5,synthetic-user-055,synthetic-user-055-session-03,122a12f9-cf54-4983-9787-64633fc79b15,Big Bus Tours Stop 4: Hilton Chicago & Grant Park,Big Bus Tours Stops,Big Bus Tours Stops,1,0,0,3b8694ae-ef47-42dc-844d-f21f321a33af,https://demo.invalid/places/122a12f9-cf54-4983-9787-64633fc79b15,1600,1600
20260702,1782958485000000,2026-07-02T02:14:45+00:00,page_view,detail_view,1.0,synthetic-user-055,synthetic-user-055-session-03,122a12f9-cf54-4983-9787-64633fc79b15,Big Bus Tours Stop 4: Hilton Chicago & Grant Park,Big Bus Tours Stops,Big Bus Tours Stops,1,0,0,3b8694ae-ef47-42dc-844d-f21f321a33af,https://demo.invalid/places/122a12f9-cf54-4983-9787-64633fc79b15,4200,4200
20260702,1782959520000000,2026-07-02T02:32:00+00:00,map-user-action,marker_click,1.5,synthetic-user-055,synthetic-user-055-session-03,a3cfdda6-ce51-4d35-83f3-ac6dd89485a9,Bloomingdale's,Shops,Shops,1,0,0,122a12f9-cf54-4983-9787-64633fc79b15,https://demo.invalid/places/a3cfdda6-ce51-4d35-83f3-ac6dd89485a9,1600,1600
20260702,1782959565000000,2026-07-02T02:32:45+00:00,page_view,detail_view,1.0,synthetic-user-055,synthetic-user-055-session-03,a3cfdda6-ce51-4d35-83f3-ac6dd89485a9,Bloomingdale's,Shops,Shops,1,0,0,122a12f9-cf54-4983-9787-64633fc79b15,https://demo.invalid/places/a3cfdda6-ce51-4d35-83f3-ac6dd89485a9,4200,4200
20260702,1782960600000000,2026-07-02T02:50:00+00:00,map-user-action,marker_click,1.5,synthetic-user-055,synthetic-user-055-session-03,a7a8852d-df90-4edc-aada-644177987a76,Buckingham Fountain,Attractions,Attractions,1,0,0,a3cfdda6-ce51-4d35-83f3-ac6dd89485a9,https://demo.invalid/places/a7a8852d-df90-4edc-aada-644177987a76,1600,1600
20260702,1782960645000000,2026-07-02T02:50:45+00:00,page_view,detail_view,1.0,synthetic-user-055,synthetic-user-055-session-03,a7a8852d-df90-4edc-aada-644177987a76,Buckingham Fountain,Attractions,Attractions,1,0,0,a3cfdda6-ce51-4d35-83f3-ac6dd89485a9,https://demo.invalid/places/a7a8852d-df90-4edc-aada-644177987a76,4200,4200
20260702,1782962820000000,2026-07-02T03:27:00+00:00,map-user-action,marker_click,1.5,synthetic-user-070,synthetic-user-070-session-01,94382a2a-4917-44d0-ab63-ce6237df694d,Hampton Inn & Suites Chicago Medical District UIC,Hotels,Hotels,1,0,0,,https://demo.invalid/places/94382a2a-4917-44d0-ab63-ce6237df694d,1600,1600
20260702,1782962865000000,2026-07-02T03:27:45+00:00,page_view,detail_view,1.0,synthetic-user-070,synthetic-user-070-session-01,94382a2a-4917-44d0-ab63-ce6237df694d,Hampton Inn & Suites Chicago Medical District UIC,Hotels,Hotels,1,0,0,,https://demo.invalid/places/94382a2a-4917-44d0-ab63-ce6237df694d,4200,4200
20260702,1782963900000000,2026-07-02T03:45:00+00:00,map-user-action,marker_click,1.5,synthetic-user-070,synthetic-user-070-session-01,cc926fb8-553c-47bc-82e2-16b8e013a2ae,Chicago Fire Department - Engine Co. 18,Movie & TV Locations,Movie & TV Locations,1,0,0,94382a2a-4917-44d0-ab63-ce6237df694d,https://demo.invalid/places/cc926fb8-553c-47bc-82e2-16b8e013a2ae,1600,1600
20260702,1782963945000000,2026-07-02T03:45:45+00:00,page_view,detail_view,1.0,synthetic-user-070,synthetic-user-070-session-01,cc926fb8-553c-47bc-82e2-16b8e013a2ae,Chicago Fire Department - Engine Co. 18,Movie & TV Locations,Movie & TV Locations,1,0,0,94382a2a-4917-44d0-ab63-ce6237df694d,https://demo.invalid/places/cc926fb8-553c-47bc-82e2-16b8e013a2ae,4200,4200
20260702,1782964980000000,2026-07-02T04:03:00+00:00,map-user-action,marker_click,1.5,synthetic-user-070,synthetic-user-070-session-01,30e333b3-7b46-42b4-b4d9-55ba70272f1f,Black Barrel Tavern,Bars; Restaurants,Bars,2,0,0,cc926fb8-553c-47bc-82e2-16b8e013a2ae,https://demo.invalid/places/30e333b3-7b46-42b4-b4d9-55ba70272f1f,1600,1600
20260702,1782965025000000,2026-07-02T04:03:45+00:00,page_view,detail_view,1.0,synthetic-user-070,synthetic-user-070-session-01,30e333b3-7b46-42b4-b4d9-55ba70272f1f,Black Barrel Tavern,Bars; Restaurants,Bars,2,0,0,cc926fb8-553c-47bc-82e2-16b8e013a2ae,https://demo.invalid/places/30e333b3-7b46-42b4-b4d9-55ba70272f1f,4200,4200
20260702,1782966060000000,2026-07-02T04:21:00+00:00,map-user-action,marker_click,1.5,synthetic-user-070,synthetic-user-070-session-01,4c4aaf2e-2e5d-4508-9d4e-42a85223f47d,Ever Restaurant,Movie & TV Locations; Restaurants,Movie & TV Locations,2,0,0,30e333b3-7b46-42b4-b4d9-55ba70272f1f,https://demo.invalid/places/4c4aaf2e-2e5d-4508-9d4e-42a85223f47d,1600,1600
20260702,1782966105000000,2026-07-02T04:21:45+00:00,page_view,detail_view,1.0,synthetic-user-070,synthetic-user-070-session-01,4c4aaf2e-2e5d-4508-9d4e-42a85223f47d,Ever Restaurant,Movie & TV Locations; Restaurants,Movie & TV Locations,2,0,0,30e333b3-7b46-42b4-b4d9-55ba70272f1f,https://demo.invalid/places/4c4aaf2e-2e5d-4508-9d4e-42a85223f47d,4200,4200
20260702,1782970320000000,2026-07-02T05:32:00+00:00,map-user-action,marker_click,1.5,synthetic-user-078,synthetic-user-078-session-02,3b97f91d-0aae-4060-a574-04bcb09f5357,CIBC Theatre,Theaters and Music Venues,Theaters and Music Venues,1,0,0,,https://demo.invalid/places/3b97f91d-0aae-4060-a574-04bcb09f5357,1600,1600
20260702,1782970365000000,2026-07-02T05:32:45+00:00,page_view,detail_view,1.0,synthetic-user-078,synthetic-user-078-session-02,3b97f91d-0aae-4060-a574-04bcb09f5357,CIBC Theatre,Theaters and Music Venues,Theaters and Music Venues,1,0,0,,https://demo.invalid/places/3b97f91d-0aae-4060-a574-04bcb09f5357,4200,4200
20260702,1782971400000000,2026-07-02T05:50:00+00:00,map-user-action,marker_click,1.5,synthetic-user-078,synthetic-user-078-session-02,7f27b473-2df0-4bfa-a7f5-f41117322754,Huntington Bank Pavilion,Theaters and Music Venues,Theaters and Music Venues,1,0,0,3b97f91d-0aae-4060-a574-04bcb09f5357,https://demo.invalid/places/7f27b473-2df0-4bfa-a7f5-f41117322754,1600,1600
20260702,1782971445000000,2026-07-02T05:50:45+00:00,page_view,detail_view,1.0,synthetic-user-078,synthetic-user-078-session-02,7f27b473-2df0-4bfa-a7f5-f41117322754,Huntington Bank Pavilion,Theaters and Music Venues,Theaters and Music Venues,1,0,0,3b97f91d-0aae-4060-a574-04bcb09f5357,https://demo.invalid/places/7f27b473-2df0-4bfa-a7f5-f41117322754,4200,4200
20260702,1782972480000000,2026-07-02T06:08:00+00:00,map-user-action,marker_click,1.5,synthetic-user-078,synthetic-user-078-session-02,ff40b238-44f5-4584-97b5-7ed9b05f840a,Broadway Playhouse,Theaters and Music Venues,Theaters and Music Venues,1,0,0,7f27b473-2df0-4bfa-a7f5-f41117322754,https://demo.invalid/places/ff40b238-44f5-4584-97b5-7ed9b05f840a,1600,1600
20260702,1782972525000000,2026-07-02T06:08:45+00:00,page_view,detail_view,1.0,synthetic-user-078,synthetic-user-078-session-02,ff40b238-44f5-4584-97b5-7ed9b05f840a,Broadway Playhouse,Theaters and Music Venues,Theaters and Music Venues,1,0,0,7f27b473-2df0-4bfa-a7f5-f41117322754,https://demo.invalid/places/ff40b238-44f5-4584-97b5-7ed9b05f840a,4200,4200
20260702,1782973560000000,2026-07-02T06:26:00+00:00,map-user-action,marker_click,1.5,synthetic-user-078,synthetic-user-078-session-02,56824653-dfe5-4776-a089-423e18796d34,Courtyard by Marriott Chicago at Medical District/UIC,Attractions,Attractions,1,0,0,ff40b238-44f5-4584-97b5-7ed9b05f840a,https://demo.invalid/places/56824653-dfe5-4776-a089-423e18796d34,1600,1600
20260702,1782973605000000,2026-07-02T06:26:45+00:00,page_view,detail_view,1.0,synthetic-user-078,synthetic-user-078-session-02,56824653-dfe5-4776-a089-423e18796d34,Courtyard by Marriott Chicago at Medical District/UIC,Attractions,Attractions,1,0,0,ff40b238-44f5-4584-97b5-7ed9b05f840a,https://demo.invalid/places/56824653-dfe5-4776-a089-423e18796d34,4200,4200
20260702,1783009200000000,2026-07-02T16:20:00+00:00,map-user-action,marker_click,1.5,synthetic-user-006,synthetic-user-006-session-02,d5d24b26-e2cd-41ff-b4e8-eaf891f8b1de,Chicago Style by Katie Lukes,Murals,Murals,1,0,0,,https://demo.invalid/places/d5d24b26-e2cd-41ff-b4e8-eaf891f8b1de,1600,1600
20260702,1783009245000000,2026-07-02T16:20:45+00:00,page_view,detail_view,1.0,synthetic-user-006,synthetic-user-006-session-02,d5d24b26-e2cd-41ff-b4e8-eaf891f8b1de,Chicago Style by Katie Lukes,Murals,Murals,1,0,0,,https://demo.invalid/places/d5d24b26-e2cd-41ff-b4e8-eaf891f8b1de,4200,4200
20260702,1783010280000000,2026-07-02T16:38:00+00:00,map-user-action,marker_click,1.5,synthetic-user-006,synthetic-user-006-session-02,0ed825ef-99cd-4b15-8e93-5a0b9b6c65ed,Big Bus Tours Stop 2: Skydeck Chicago & Willis Tower,Big Bus Tours Stops,Big Bus Tours Stops,1,0,0,d5d24b26-e2cd-41ff-b4e8-eaf891f8b1de,https://demo.invalid/places/0ed825ef-99cd-4b15-8e93-5a0b9b6c65ed,1600,1600
20260702,1783010325000000,2026-07-02T16:38:45+00:00,page_view,detail_view,1.0,synthetic-user-006,synthetic-user-006-session-02,0ed825ef-99cd-4b15-8e93-5a0b9b6c65ed,Big Bus Tours Stop 2: Skydeck Chicago & Willis Tower,Big Bus Tours Stops,Big Bus Tours Stops,1,0,0,d5d24b26-e2cd-41ff-b4e8-eaf891f8b1de,https://demo.invalid/places/0ed825ef-99cd-4b15-8e93-5a0b9b6c65ed,4200,4200
20260702,1783011360000000,2026-07-02T16:56:00+00:00,map-user-action,marker_click,1.5,synthetic-user-006,synthetic-user-006-session-02,b704aaa2-37b1-4615-8a6c-e5478ff2948b,Big Bus Tours Stop 5: Adler Planetarium,Big Bus Tours Stops,Big Bus Tours Stops,1,0,0,0ed825ef-99cd-4b15-8e93-5a0b9b6c65ed,https://demo.invalid/places/b704aaa2-37b1-4615-8a6c-e5478ff2948b,1600,1600
20260702,1783011405000000,2026-07-02T16:56:45+00:00,page_view,detail_view,1.0,synthetic-user-006,synthetic-user-006-session-02,b704aaa2-37b1-4615-8a6c-e5478ff2948b,Big Bus Tours Stop 5: Adler Planetarium,Big Bus Tours Stops,Big Bus Tours Stops,1,0,0,0ed825ef-99cd-4b15-8e93-5a0b9b6c65ed,https://demo.invalid/places/b704aaa2-37b1-4615-8a6c-e5478ff2948b,4200,4200
20260702,1783012440000000,2026-07-02T17:14:00+00:00,map-user-action,marker_click,1.5,synthetic-user-006,synthetic-user-006-session-02,8cb3a078-97e0-468e-aa20-67eb3be462d6,Embassy Suites,Hotels,Hotels,1,0,0,b704aaa2-37b1-4615-8a6c-e5478ff2948b,https://demo.invalid/places/8cb3a078-97e0-468e-aa20-67eb3be462d6,1600,1600
20260702,1783012485000000,2026-07-02T17:14:45+00:00,page_view,detail_view,1.0,synthetic-user-006,synthetic-user-006-session-02,8cb3a078-97e0-468e-aa20-67eb3be462d6,Embassy Suites,Hotels,Hotels,1,0,0,b704aaa2-37b1-4615-8a6c-e5478ff2948b,https://demo.invalid/places/8cb3a078-97e0-468e-aa20-67eb3be462d6,4200,4200
20260702,1783016700000000,2026-07-02T18:25:00+00:00,map-user-action,marker_click,1.5,synthetic-user-014,synthetic-user-014-session-03,8e017b7a-3c2e-4f8d-a33e-d2d26c0d5bd2,Vosges Haut-Chocolat,Attractions,Attractions,1,0,0,,https://demo.invalid/places/8e017b7a-3c2e-4f8d-a33e-d2d26c0d5bd2,1600,1600
20260702,1783016745000000,2026-07-02T18:25:45+00:00,page_view,detail_view,1.0,synthetic-user-014,synthetic-user-014-session-03,8e017b7a-3c2e-4f8d-a33e-d2d26c0d5bd2,Vosges Haut-Chocolat,Attractions,Attractions,1,0,0,,https://demo.invalid/places/8e017b7a-3c2e-4f8d-a33e-d2d26c0d5bd2,4200,4200
20260702,1783017780000000,2026-07-02T18:43:00+00:00,map-user-action,marker_click,1.5,synthetic-user-014,synthetic-user-014-session-03,ad80bfc5-a050-4c70-a66d-08433c54aa23,National Hellenic Museum,Attractions; Museums,Attractions,2,0,0,8e017b7a-3c2e-4f8d-a33e-d2d26c0d5bd2,https://demo.invalid/places/ad80bfc5-a050-4c70-a66d-08433c54aa23,1600,1600
20260702,1783017825000000,2026-07-02T18:43:45+00:00,page_view,detail_view,1.0,synthetic-user-014,synthetic-user-014-session-03,ad80bfc5-a050-4c70-a66d-08433c54aa23,National Hellenic Museum,Attractions; Museums,Attractions,2,0,0,8e017b7a-3c2e-4f8d-a33e-d2d26c0d5bd2,https://demo.invalid/places/ad80bfc5-a050-4c70-a66d-08433c54aa23,4200,4200
20260702,1783018860000000,2026-07-02T19:01:00+00:00,map-user-action,marker_click,1.5,synthetic-user-014,synthetic-user-014-session-03,3f423ab0-764c-495c-ab5d-f3b1ab3011c5,Museum of Contemporary Photography,Attractions; Museums,Attractions,2,0,0,ad80bfc5-a050-4c70-a66d-08433c54aa23,https://demo.invalid/places/3f423ab0-764c-495c-ab5d-f3b1ab3011c5,1600,1600
20260702,1783018905000000,2026-07-02T19:01:45+00:00,page_view,detail_view,1.0,synthetic-user-014,synthetic-user-014-session-03,3f423ab0-764c-495c-ab5d-f3b1ab3011c5,Museum of Contemporary Photography,Attractions; Museums,Attractions,2,0,0,ad80bfc5-a050-4c70-a66d-08433c54aa23,https://demo.invalid/places/3f423ab0-764c-495c-ab5d-f3b1ab3011c5,4200,4200
20260702,1783019940000000,2026-07-02T19:19:00+00:00,map-user-action,marker_click,1.5,synthetic-user-014,synthetic-user-014-session-03,0eedc28c-5cfe-4e41-812e-6ffbb1199b59,360 Chicago Observation Deck,Attractions,Attractions,1,0,0,3f423ab0-764c-495c-ab5d-f3b1ab3011c5,https://demo.invalid/places/0eedc28c-5cfe-4e41-812e-6ffbb1199b59,1600,1600
20260702,1783019985000000,2026-07-02T19:19:45+00:00,page_view,detail_view,1.0,synthetic-user-014,synthetic-user-014-session-03,0eedc28c-5cfe-4e41-812e-6ffbb1199b59,360 Chicago Observation Deck,Attractions,Attractions,1,0,0,3f423ab0-764c-495c-ab5d-f3b1ab3011c5,https://demo.invalid/places/0eedc28c-5cfe-4e41-812e-6ffbb1199b59,4200,4200
20260702,1783022160000000,2026-07-02T19:56:00+00:00,map-user-action,marker_click,1.5,synthetic-user-029,synthetic-user-029-session-01,73cd3c5e-f16f-432a-9e52-9f323843a227,Big Bus Tours Stop 3: Millennium Park & The Art Institute of Chicago,Big Bus Tours Stops,Big Bus Tours Stops,1,0,0,,https://demo.invalid/places/73cd3c5e-f16f-432a-9e52-9f323843a227,1600,1600
20260702,1783022205000000,2026-07-02T19:56:45+00:00,page_view,detail_view,1.0,synthetic-user-029,synthetic-user-029-session-01,73cd3c5e-f16f-432a-9e52-9f323843a227,Big Bus Tours Stop 3: Millennium Park & The Art Institute of Chicago,Big Bus Tours Stops,Big Bus Tours Stops,1,0,0,,https://demo.invalid/places/73cd3c5e-f16f-432a-9e52-9f323843a227,4200,4200
20260702,1783023240000000,2026-07-02T20:14:00+00:00,map-user-action,marker_click,1.5,synthetic-user-029,synthetic-user-029-session-01,d0c80aac-6895-4f2d-b1f1-ce4d653cd253,Big Bus Tours Stop 9: Water Tower & The Magnificent Mile,Big Bus Tours Stops,Big Bus Tours Stops,1,0,0,73cd3c5e-f16f-432a-9e52-9f323843a227,https://demo.invalid/places/d0c80aac-6895-4f2d-b1f1-ce4d653cd253,1600,1600
20260702,1783023285000000,2026-07-02T20:14:45+00:00,page_view,detail_view,1.0,synthetic-user-029,synthetic-user-029-session-01,d0c80aac-6895-4f2d-b1f1-ce4d653cd253,Big Bus Tours Stop 9: Water Tower & The Magnificent Mile,Big Bus Tours Stops,Big Bus Tours Stops,1,0,0,73cd3c5e-f16f-432a-9e52-9f323843a227,https://demo.invalid/places/d0c80aac-6895-4f2d-b1f1-ce4d653cd253,4200,4200
20260702,1783024320000000,2026-07-02T20:32:00+00:00,map-user-action,marker_click,1.5,synthetic-user-029,synthetic-user-029-session-01,383474ac-5960-410c-8c16-3d9efc04790d,Big Bus Tours Stop 7: Sheraton Grand Chicago,Big Bus Tours Stops,Big Bus Tours Stops,1,0,0,d0c80aac-6895-4f2d-b1f1-ce4d653cd253,https://demo.invalid/places/383474ac-5960-410c-8c16-3d9efc04790d,1600,1600
20260702,1783024365000000,2026-07-02T20:32:45+00:00,page_view,detail_view,1.0,synthetic-user-029,synthetic-user-029-session-01,383474ac-5960-410c-8c16-3d9efc04790d,Big Bus Tours Stop 7: Sheraton Grand Chicago,Big Bus Tours Stops,Big Bus Tours Stops,1,0,0,d0c80aac-6895-4f2d-b1f1-ce4d653cd253,https://demo.invalid/places/383474ac-5960-410c-8c16-3d9efc04790d,4200,4200
20260702,1783025400000000,2026-07-02T20:50:00+00:00,map-user-action,marker_click,1.5,synthetic-user-029,synthetic-user-029-session-01,d0e57bae-9562-4bb8-86c4-256ac993ef13,Chicago Cultural Center,Attractions; Museums,Attractions,2,0,0,383474ac-5960-410c-8c16-3d9efc04790d,https://demo.invalid/places/d0e57bae-9562-4bb8-86c4-256ac993ef13,1600,1600
20260702,1783025445000000,2026-07-02T20:50:45+00:00,page_view,detail_view,1.0,synthetic-user-029,synthetic-user-029-session-01,d0e57bae-9562-4bb8-86c4-256ac993ef13,Chicago Cultural Center,Attractions; Museums,Attractions,2,0,0,383474ac-5960-410c-8c16-3d9efc04790d,https://demo.invalid/places/d0e57bae-9562-4bb8-86c4-256ac993ef13,4200,4200
20260702,1783029660000000,2026-07-02T22:01:00+00:00,map-user-action,marker_click,1.5,synthetic-user-037,synthetic-user-037-session-02,72384069-0f15-4a7b-9c0a-fb47c2804458,Nordstrom,Shops,Shops,1,0,0,,https://demo.invalid/places/72384069-0f15-4a7b-9c0a-fb47c2804458,1600,1600
20260702,1783029705000000,2026-07-02T22:01:45+00:00,page_view,detail_view,1.0,synthetic-user-037,synthetic-user-037-session-02,72384069-0f15-4a7b-9c0a-fb47c2804458,Nordstrom,Shops,Shops,1,0,0,,https://demo.invalid/places/72384069-0f15-4a7b-9c0a-fb47c2804458,4200,4200
20260702,1783030740000000,2026-07-02T22:19:00+00:00,map-user-action,marker_click,1.5,synthetic-user-037,synthetic-user-037-session-02,e3f77f69-0255-466c-92d4-75dd9be82330,900 N. Michigan Shops,Shops,Shops,1,0,0,72384069-0f15-4a7b-9c0a-fb47c2804458,https://demo.invalid/places/e3f77f69-0255-466c-92d4-75dd9be82330,1600,1600
20260702,1783030785000000,2026-07-02T22:19:45+00:00,page_view,detail_view,1.0,synthetic-user-037,synthetic-user-037-session-02,e3f77f69-0255-466c-92d4-75dd9be82330,900 N. Michigan Shops,Shops,Shops,1,0,0,72384069-0f15-4a7b-9c0a-fb47c2804458,https://demo.invalid/places/e3f77f69-0255-466c-92d4-75dd9be82330,4200,4200
20260702,1783031820000000,2026-07-02T22:37:00+00:00,map-user-action,marker_click,1.5,synthetic-user-037,synthetic-user-037-session-02,49e46442-273f-4d1e-9f76-564b655261c6,Garrett Popcorn Shops,HOT SPOTS; Shops,Shops,2,1,0,e3f77f69-0255-466c-92d4-75dd9be82330,https://demo.invalid/places/49e46442-273f-4d1e-9f76-564b655261c6,1600,1600
20260702,1783031865000000,2026-07-02T22:37:45+00:00,page_view,detail_view,1.0,synthetic-user-037,synthetic-user-037-session-02,49e46442-273f-4d1e-9f76-564b655261c6,Garrett Popcorn Shops,HOT SPOTS; Shops,Shops,2,1,0,e3f77f69-0255-466c-92d4-75dd9be82330,https://demo.invalid/places/49e46442-273f-4d1e-9f76-564b655261c6,4200,4200
20260702,1783032900000000,2026-07-02T22:55:00+00:00,map-user-action,marker_click,1.5,synthetic-user-037,synthetic-user-037-session-02,0d3f9129-9ece-4786-958a-18f45365dea5,Neiman-Marcus,Shops,Shops,1,0,0,49e46442-273f-4d1e-9f76-564b655261c6,https://demo.invalid/places/0d3f9129-9ece-4786-958a-18f45365dea5,1600,1600
20260702,1783032945000000,2026-07-02T22:55:45+00:00,page_view,detail_view,1.0,synthetic-user-037,synthetic-user-037-session-02,0d3f9129-9ece-4786-958a-18f45365dea5,Neiman-Marcus,Shops,Shops,1,0,0,49e46442-273f-4d1e-9f76-564b655261c6,https://demo.invalid/places/0d3f9129-9ece-4786-958a-18f45365dea5,4200,4200
20260703,1783037160000000,2026-07-03T00:06:00+00:00,map-user-action,marker_click,1.5,synthetic-user-045,synthetic-user-045-session-03,d5d24b26-e2cd-41ff-b4e8-eaf891f8b1de,Chicago Style by Katie Lukes,Murals,Murals,1,0,0,,https://demo.invalid/places/d5d24b26-e2cd-41ff-b4e8-eaf891f8b1de,1600,1600
20260703,1783037205000000,2026-07-03T00:06:45+00:00,page_view,detail_view,1.0,synthetic-user-045,synthetic-user-045-session-03,d5d24b26-e2cd-41ff-b4e8-eaf891f8b1de,Chicago Style by Katie Lukes,Murals,Murals,1,0,0,,https://demo.invalid/places/d5d24b26-e2cd-41ff-b4e8-eaf891f8b1de,4200,4200
20260703,1783038240000000,2026-07-03T00:24:00+00:00,map-user-action,marker_click,1.5,synthetic-user-045,synthetic-user-045-session-03,3a867f33-9c48-45e8-acb7-a5c95102a32a,Muddy Waters,Murals,Murals,1,0,0,d5d24b26-e2cd-41ff-b4e8-eaf891f8b1de,https://demo.invalid/places/3a867f33-9c48-45e8-acb7-a5c95102a32a,1600,1600
20260703,1783038285000000,2026-07-03T00:24:45+00:00,page_view,detail_view,1.0,synthetic-user-045,synthetic-user-045-session-03,3a867f33-9c48-45e8-acb7-a5c95102a32a,Muddy Waters,Murals,Murals,1,0,0,d5d24b26-e2cd-41ff-b4e8-eaf891f8b1de,https://demo.invalid/places/3a867f33-9c48-45e8-acb7-a5c95102a32a,4200,4200
20260703,1783039320000000,2026-07-03T00:42:00+00:00,map-user-action,marker_click,1.5,synthetic-user-045,synthetic-user-045-session-03,efb07b22-0160-4528-81b6-9a474fce0e54,Oprah Winfrey Mural,Murals,Murals,1,0,0,3a867f33-9c48-45e8-acb7-a5c95102a32a,https://demo.invalid/places/efb07b22-0160-4528-81b6-9a474fce0e54,1600,1600
20260703,1783039365000000,2026-07-03T00:42:45+00:00,page_view,detail_view,1.0,synthetic-user-045,synthetic-user-045-session-03,efb07b22-0160-4528-81b6-9a474fce0e54,Oprah Winfrey Mural,Murals,Murals,1,0,0,3a867f33-9c48-45e8-acb7-a5c95102a32a,https://demo.invalid/places/efb07b22-0160-4528-81b6-9a474fce0e54,4200,4200
20260703,1783040400000000,2026-07-03T01:00:00+00:00,map-user-action,marker_click,1.5,synthetic-user-045,synthetic-user-045-session-03,08bb71a2-85d5-40c4-be63-8836184d0b66,Cone Gourmet Ice Cream,Restaurants,Restaurants,1,0,0,efb07b22-0160-4528-81b6-9a474fce0e54,https://demo.invalid/places/08bb71a2-85d5-40c4-be63-8836184d0b66,1600,1600
20260703,1783040445000000,2026-07-03T01:00:45+00:00,page_view,detail_view,1.0,synthetic-user-045,synthetic-user-045-session-03,08bb71a2-85d5-40c4-be63-8836184d0b66,Cone Gourmet Ice Cream,Restaurants,Restaurants,1,0,0,efb07b22-0160-4528-81b6-9a474fce0e54,https://demo.invalid/places/08bb71a2-85d5-40c4-be63-8836184d0b66,4200,4200
20260703,1783042620000000,2026-07-03T01:37:00+00:00,map-user-action,marker_click,1.5,synthetic-user-060,synthetic-user-060-session-01,6cf9b47c-e237-456a-876d-8ba9028bf56e,Chicago's North Shore,HOT SPOTS; Neighborhood Organizations,Neighborhood Organizations,2,1,0,,https://demo.invalid/places/6cf9b47c-e237-456a-876d-8ba9028bf56e,1600,1600
20260703,1783042665000000,2026-07-03T01:37:45+00:00,page_view,detail_view,1.0,synthetic-user-060,synthetic-user-060-session-01,6cf9b47c-e237-456a-876d-8ba9028bf56e,Chicago's North Shore,HOT SPOTS; Neighborhood Organizations,Neighborhood Organizations,2,1,0,,https://demo.invalid/places/6cf9b47c-e237-456a-876d-8ba9028bf56e,4200,4200
20260703,1783043700000000,2026-07-03T01:55:00+00:00,map-user-action,marker_click,1.5,synthetic-user-060,synthetic-user-060-session-01,a0d0c5ec-074e-4fb4-b112-9caee21d717a,Oak Street District,Neighborhood Organizations; Shops,Neighborhood Organizations,2,0,0,6cf9b47c-e237-456a-876d-8ba9028bf56e,https://demo.invalid/places/a0d0c5ec-074e-4fb4-b112-9caee21d717a,1600,1600
20260703,1783043745000000,2026-07-03T01:55:45+00:00,page_view,detail_view,1.0,synthetic-user-060,synthetic-user-060-session-01,a0d0c5ec-074e-4fb4-b112-9caee21d717a,Oak Street District,Neighborhood Organizations; Shops,Neighborhood Organizations,2,0,0,6cf9b47c-e237-456a-876d-8ba9028bf56e,https://demo.invalid/places/a0d0c5ec-074e-4fb4-b112-9caee21d717a,4200,4200
20260703,1783044780000000,2026-07-03T02:13:00+00:00,map-user-action,marker_click,1.5,synthetic-user-060,synthetic-user-060-session-01,94382a2a-4917-44d0-ab63-ce6237df694d,Hampton Inn & Suites Chicago Medical District UIC,Hotels,Hotels,1,0,0,a0d0c5ec-074e-4fb4-b112-9caee21d717a,https://demo.invalid/places/94382a2a-4917-44d0-ab63-ce6237df694d,1600,1600
20260703,1783044825000000,2026-07-03T02:13:45+00:00,page_view,detail_view,1.0,synthetic-user-060,synthetic-user-060-session-01,94382a2a-4917-44d0-ab63-ce6237df694d,Hampton Inn & Suites Chicago Medical District UIC,Hotels,Hotels,1,0,0,a0d0c5ec-074e-4fb4-b112-9caee21d717a,https://demo.invalid/places/94382a2a-4917-44d0-ab63-ce6237df694d,4200,4200
20260703,1783045860000000,2026-07-03T02:31:00+00:00,map-user-action,marker_click,1.5,synthetic-user-060,synthetic-user-060-session-01,3fd80f7d-ab09-4088-9796-9571a14a7926,Clark Street in Lincoln Park,HOT SPOTS; Neighborhood Organizations,Neighborhood Organizations,2,1,0,94382a2a-4917-44d0-ab63-ce6237df694d,https://demo.invalid/places/3fd80f7d-ab09-4088-9796-9571a14a7926,1600,1600
20260703,1783045905000000,2026-07-03T02:31:45+00:00,page_view,detail_view,1.0,synthetic-user-060,synthetic-user-060-session-01,3fd80f7d-ab09-4088-9796-9571a14a7926,Clark Street in Lincoln Park,HOT SPOTS; Neighborhood Organizations,Neighborhood Organizations,2,1,0,94382a2a-4917-44d0-ab63-ce6237df694d,https://demo.invalid/places/3fd80f7d-ab09-4088-9796-9571a14a7926,4200,4200
20260703,1783050120000000,2026-07-03T03:42:00+00:00,map-user-action,marker_click,1.5,synthetic-user-068,synthetic-user-068-session-02,b704aaa2-37b1-4615-8a6c-e5478ff2948b,Big Bus Tours Stop 5: Adler Planetarium,Big Bus Tours Stops,Big Bus Tours Stops,1,0,0,,https://demo.invalid/places/b704aaa2-37b1-4615-8a6c-e5478ff2948b,1600,1600
20260703,1783050165000000,2026-07-03T03:42:45+00:00,page_view,detail_view,1.0,synthetic-user-068,synthetic-user-068-session-02,b704aaa2-37b1-4615-8a6c-e5478ff2948b,Big Bus Tours Stop 5: Adler Planetarium,Big Bus Tours Stops,Big Bus Tours Stops,1,0,0,,https://demo.invalid/places/b704aaa2-37b1-4615-8a6c-e5478ff2948b,4200,4200
20260703,1783051200000000,2026-07-03T04:00:00+00:00,map-user-action,marker_click,1.5,synthetic-user-068,synthetic-user-068-session-02,502a1d5c-6f47-4307-a5b8-49fd24841a75,Big Bus Tours Stop 1: Chicago Riverwalk,Big Bus Tours Stops,Big Bus Tours Stops,1,0,0,b704aaa2-37b1-4615-8a6c-e5478ff2948b,https://demo.invalid/places/502a1d5c-6f47-4307-a5b8-49fd24841a75,1600,1600
20260703,1783051245000000,2026-07-03T04:00:45+00:00,page_view,detail_view,1.0,synthetic-user-068,synthetic-user-068-session-02,502a1d5c-6f47-4307-a5b8-49fd24841a75,Big Bus Tours Stop 1: Chicago Riverwalk,Big Bus Tours Stops,Big Bus Tours Stops,1,0,0,b704aaa2-37b1-4615-8a6c-e5478ff2948b,https://demo.invalid/places/502a1d5c-6f47-4307-a5b8-49fd24841a75,4200,4200
20260703,1783052280000000,2026-07-03T04:18:00+00:00,map-user-action,marker_click,1.5,synthetic-user-068,synthetic-user-068-session-02,3b8694ae-ef47-42dc-844d-f21f321a33af,Big Bus Tours Stop 6: Museum Campus,Big Bus Tours Stops,Big Bus Tours Stops,1,0,0,502a1d5c-6f47-4307-a5b8-49fd24841a75,https://demo.invalid/places/3b8694ae-ef47-42dc-844d-f21f321a33af,1600,1600
20260703,1783052325000000,2026-07-03T04:18:45+00:00,page_view,detail_view,1.0,synthetic-user-068,synthetic-user-068-session-02,3b8694ae-ef47-42dc-844d-f21f321a33af,Big Bus Tours Stop 6: Museum Campus,Big Bus Tours Stops,Big Bus Tours Stops,1,0,0,502a1d5c-6f47-4307-a5b8-49fd24841a75,https://demo.invalid/places/3b8694ae-ef47-42dc-844d-f21f321a33af,4200,4200
20260703,1783053360000000,2026-07-03T04:36:00+00:00,map-user-action,marker_click,1.5,synthetic-user-068,synthetic-user-068-session-02,d5148032-0c5f-467b-b29e-a5202d3af219,Big Bus Tours Stop 10: 360 Chicago,Big Bus Tours Stops,Big Bus Tours Stops,1,0,0,3b8694ae-ef47-42dc-844d-f21f321a33af,https://demo.invalid/places/d5148032-0c5f-467b-b29e-a5202d3af219,1600,1600
20260703,1783053405000000,2026-07-03T04:36:45+00:00,page_view,detail_view,1.0,synthetic-user-068,synthetic-user-068-session-02,d5148032-0c5f-467b-b29e-a5202d3af219,Big Bus Tours Stop 10: 360 Chicago,Big Bus Tours Stops,Big Bus Tours Stops,1,0,0,3b8694ae-ef47-42dc-844d-f21f321a33af,https://demo.invalid/places/d5148032-0c5f-467b-b29e-a5202d3af219,4200,4200
20260703,1783057620000000,2026-07-03T05:47:00+00:00,map-user-action,marker_click,1.5,synthetic-user-076,synthetic-user-076-session-03,01bf94e7-d01f-451c-b5cc-7fa0ef1ee9d3,Target,Shops,Shops,1,0,0,,https://demo.invalid/places/01bf94e7-d01f-451c-b5cc-7fa0ef1ee9d3,1600,1600
20260703,1783057665000000,2026-07-03T05:47:45+00:00,page_view,detail_view,1.0,synthetic-user-076,synthetic-user-076-session-03,01bf94e7-d01f-451c-b5cc-7fa0ef1ee9d3,Target,Shops,Shops,1,0,0,,https://demo.invalid/places/01bf94e7-d01f-451c-b5cc-7fa0ef1ee9d3,4200,4200
20260703,1783058700000000,2026-07-03T06:05:00+00:00,map-user-action,marker_click,1.5,synthetic-user-076,synthetic-user-076-session-03,d85af6a8-8d67-4b9a-9bc9-39ac42ea30d9,Primark,Shops,Shops,1,0,0,01bf94e7-d01f-451c-b5cc-7fa0ef1ee9d3,https://demo.invalid/places/d85af6a8-8d67-4b9a-9bc9-39ac42ea30d9,1600,1600
20260703,1783058745000000,2026-07-03T06:05:45+00:00,page_view,detail_view,1.0,synthetic-user-076,synthetic-user-076-session-03,d85af6a8-8d67-4b9a-9bc9-39ac42ea30d9,Primark,Shops,Shops,1,0,0,01bf94e7-d01f-451c-b5cc-7fa0ef1ee9d3,https://demo.invalid/places/d85af6a8-8d67-4b9a-9bc9-39ac42ea30d9,4200,4200
20260703,1783059780000000,2026-07-03T06:23:00+00:00,map-user-action,marker_click,1.5,synthetic-user-076,synthetic-user-076-session-03,93bbbf41-6a56-4d8d-a9e4-188e947d9d02,EMC2,Hotels,Hotels,1,0,0,d85af6a8-8d67-4b9a-9bc9-39ac42ea30d9,https://demo.invalid/places/93bbbf41-6a56-4d8d-a9e4-188e947d9d02,1600,1600
20260703,1783059825000000,2026-07-03T06:23:45+00:00,page_view,detail_view,1.0,synthetic-user-076,synthetic-user-076-session-03,93bbbf41-6a56-4d8d-a9e4-188e947d9d02,EMC2,Hotels,Hotels,1,0,0,d85af6a8-8d67-4b9a-9bc9-39ac42ea30d9,https://demo.invalid/places/93bbbf41-6a56-4d8d-a9e4-188e947d9d02,4200,4200
20260703,1783060860000000,2026-07-03T06:41:00+00:00,map-user-action,marker_click,1.5,synthetic-user-076,synthetic-user-076-session-03,f021d1b7-2530-4f66-a737-b696f1b80d0a,Auditorium Theatre,Theaters and Music Venues,Theaters and Music Venues,1,0,0,93bbbf41-6a56-4d8d-a9e4-188e947d9d02,https://demo.invalid/places/f021d1b7-2530-4f66-a737-b696f1b80d0a,1600,1600
20260703,1783060905000000,2026-07-03T06:41:45+00:00,page_view,detail_view,1.0,synthetic-user-076,synthetic-user-076-session-03,f021d1b7-2530-4f66-a737-b696f1b80d0a,Auditorium Theatre,Theaters and Music Venues,Theaters and Music Venues,1,0,0,93bbbf41-6a56-4d8d-a9e4-188e947d9d02,https://demo.invalid/places/f021d1b7-2530-4f66-a737-b696f1b80d0a,4200,4200
20260703,1783096500000000,2026-07-03T16:35:00+00:00,map-user-action,marker_click,1.5,synthetic-user-004,synthetic-user-004-session-03,41293769-1c78-4c45-b118-1e7c5a114446,Renaissance,Hotels,Hotels,1,0,0,,https://demo.invalid/places/41293769-1c78-4c45-b118-1e7c5a114446,1600,1600
20260703,1783096545000000,2026-07-03T16:35:45+00:00,page_view,detail_view,1.0,synthetic-user-004,synthetic-user-004-session-03,41293769-1c78-4c45-b118-1e7c5a114446,Renaissance,Hotels,Hotels,1,0,0,,https://demo.invalid/places/41293769-1c78-4c45-b118-1e7c5a114446,4200,4200
20260703,1783097580000000,2026-07-03T16:53:00+00:00,map-user-action,marker_click,1.5,synthetic-user-004,synthetic-user-004-session-03,94382a2a-4917-44d0-ab63-ce6237df694d,Hampton Inn & Suites Chicago Medical District UIC,Hotels,Hotels,1,0,0,41293769-1c78-4c45-b118-1e7c5a114446,https://demo.invalid/places/94382a2a-4917-44d0-ab63-ce6237df694d,1600,1600
20260703,1783097625000000,2026-07-03T16:53:45+00:00,page_view,detail_view,1.0,synthetic-user-004,synthetic-user-004-session-03,94382a2a-4917-44d0-ab63-ce6237df694d,Hampton Inn & Suites Chicago Medical District UIC,Hotels,Hotels,1,0,0,41293769-1c78-4c45-b118-1e7c5a114446,https://demo.invalid/places/94382a2a-4917-44d0-ab63-ce6237df694d,4200,4200
20260703,1783098660000000,2026-07-03T17:11:00+00:00,map-user-action,marker_click,1.5,synthetic-user-004,synthetic-user-004-session-03,58ee6c88-2f41-489a-9c6d-360c9315519d,Audrey,Hotels,Hotels,1,0,0,94382a2a-4917-44d0-ab63-ce6237df694d,https://demo.invalid/places/58ee6c88-2f41-489a-9c6d-360c9315519d,1600,1600
20260703,1783098705000000,2026-07-03T17:11:45+00:00,page_view,detail_view,1.0,synthetic-user-004,synthetic-user-004-session-03,58ee6c88-2f41-489a-9c6d-360c9315519d,Audrey,Hotels,Hotels,1,0,0,94382a2a-4917-44d0-ab63-ce6237df694d,https://demo.invalid/places/58ee6c88-2f41-489a-9c6d-360c9315519d,4200,4200
20260703,1783099740000000,2026-07-03T17:29:00+00:00,map-user-action,marker_click,1.5,synthetic-user-004,synthetic-user-004-session-03,586ae800-1ded-4428-9079-087fcc39aba0,Al's #1 Italian Beef - River North,Restaurants,Restaurants,1,0,0,58ee6c88-2f41-489a-9c6d-360c9315519d,https://demo.invalid/places/586ae800-1ded-4428-9079-087fcc39aba0,1600,1600
20260703,1783099785000000,2026-07-03T17:29:45+00:00,page_view,detail_view,1.0,synthetic-user-004,synthetic-user-004-session-03,586ae800-1ded-4428-9079-087fcc39aba0,Al's #1 Italian Beef - River North,Restaurants,Restaurants,1,0,0,58ee6c88-2f41-489a-9c6d-360c9315519d,https://demo.invalid/places/586ae800-1ded-4428-9079-087fcc39aba0,4200,4200
20260703,1783101960000000,2026-07-03T18:06:00+00:00,map-user-action,marker_click,1.5,synthetic-user-019,synthetic-user-019-session-01,d0c80aac-6895-4f2d-b1f1-ce4d653cd253,Big Bus Tours Stop 9: Water Tower & The Magnificent Mile,Big Bus Tours Stops,Big Bus Tours Stops,1,0,0,,https://demo.invalid/places/d0c80aac-6895-4f2d-b1f1-ce4d653cd253,1600,1600
20260703,1783102005000000,2026-07-03T18:06:45+00:00,page_view,detail_view,1.0,synthetic-user-019,synthetic-user-019-session-01,d0c80aac-6895-4f2d-b1f1-ce4d653cd253,Big Bus Tours Stop 9: Water Tower & The Magnificent Mile,Big Bus Tours Stops,Big Bus Tours Stops,1,0,0,,https://demo.invalid/places/d0c80aac-6895-4f2d-b1f1-ce4d653cd253,4200,4200
20260703,1783103040000000,2026-07-03T18:24:00+00:00,map-user-action,marker_click,1.5,synthetic-user-019,synthetic-user-019-session-01,3a867f33-9c48-45e8-acb7-a5c95102a32a,Muddy Waters,Murals,Murals,1,0,0,d0c80aac-6895-4f2d-b1f1-ce4d653cd253,https://demo.invalid/places/3a867f33-9c48-45e8-acb7-a5c95102a32a,1600,1600
20260703,1783103085000000,2026-07-03T18:24:45+00:00,page_view,detail_view,1.0,synthetic-user-019,synthetic-user-019-session-01,3a867f33-9c48-45e8-acb7-a5c95102a32a,Muddy Waters,Murals,Murals,1,0,0,d0c80aac-6895-4f2d-b1f1-ce4d653cd253,https://demo.invalid/places/3a867f33-9c48-45e8-acb7-a5c95102a32a,4200,4200
20260703,1783104120000000,2026-07-03T18:42:00+00:00,map-user-action,marker_click,1.5,synthetic-user-019,synthetic-user-019-session-01,d5d24b26-e2cd-41ff-b4e8-eaf891f8b1de,Chicago Style by Katie Lukes,Murals,Murals,1,0,0,3a867f33-9c48-45e8-acb7-a5c95102a32a,https://demo.invalid/places/d5d24b26-e2cd-41ff-b4e8-eaf891f8b1de,1600,1600
20260703,1783104165000000,2026-07-03T18:42:45+00:00,page_view,detail_view,1.0,synthetic-user-019,synthetic-user-019-session-01,d5d24b26-e2cd-41ff-b4e8-eaf891f8b1de,Chicago Style by Katie Lukes,Murals,Murals,1,0,0,3a867f33-9c48-45e8-acb7-a5c95102a32a,https://demo.invalid/places/d5d24b26-e2cd-41ff-b4e8-eaf891f8b1de,4200,4200
20260703,1783105200000000,2026-07-03T19:00:00+00:00,map-user-action,marker_click,1.5,synthetic-user-019,synthetic-user-019-session-01,030e01ed-f343-4468-bc45-1722220ed333,Chicago Theatre,Theaters and Music Venues,Theaters and Music Venues,1,0,0,d5d24b26-e2cd-41ff-b4e8-eaf891f8b1de,https://demo.invalid/places/030e01ed-f343-4468-bc45-1722220ed333,1600,1600
20260703,1783105245000000,2026-07-03T19:00:45+00:00,page_view,detail_view,1.0,synthetic-user-019,synthetic-user-019-session-01,030e01ed-f343-4468-bc45-1722220ed333,Chicago Theatre,Theaters and Music Venues,Theaters and Music Venues,1,0,0,d5d24b26-e2cd-41ff-b4e8-eaf891f8b1de,https://demo.invalid/places/030e01ed-f343-4468-bc45-1722220ed333,4200,4200
20260703,1783109460000000,2026-07-03T20:11:00+00:00,map-user-action,marker_click,1.5,synthetic-user-027,synthetic-user-027-session-02,0ed825ef-99cd-4b15-8e93-5a0b9b6c65ed,Big Bus Tours Stop 2: Skydeck Chicago & Willis Tower,Big Bus Tours Stops,Big Bus Tours Stops,1,0,0,,https://demo.invalid/places/0ed825ef-99cd-4b15-8e93-5a0b9b6c65ed,1600,1600
20260703,1783109505000000,2026-07-03T20:11:45+00:00,page_view,detail_view,1.0,synthetic-user-027,synthetic-user-027-session-02,0ed825ef-99cd-4b15-8e93-5a0b9b6c65ed,Big Bus Tours Stop 2: Skydeck Chicago & Willis Tower,Big Bus Tours Stops,Big Bus Tours Stops,1,0,0,,https://demo.invalid/places/0ed825ef-99cd-4b15-8e93-5a0b9b6c65ed,4200,4200
20260703,1783110540000000,2026-07-03T20:29:00+00:00,map-user-action,marker_click,1.5,synthetic-user-027,synthetic-user-027-session-02,8beb6e82-e512-49eb-8230-adf20094e5aa,Raising Cane’s Chicken Fingers - South Loop,Attractions,Attractions,1,0,0,0ed825ef-99cd-4b15-8e93-5a0b9b6c65ed,https://demo.invalid/places/8beb6e82-e512-49eb-8230-adf20094e5aa,1600,1600
20260703,1783110585000000,2026-07-03T20:29:45+00:00,page_view,detail_view,1.0,synthetic-user-027,synthetic-user-027-session-02,8beb6e82-e512-49eb-8230-adf20094e5aa,Raising Cane’s Chicken Fingers - South Loop,Attractions,Attractions,1,0,0,0ed825ef-99cd-4b15-8e93-5a0b9b6c65ed,https://demo.invalid/places/8beb6e82-e512-49eb-8230-adf20094e5aa,4200,4200
20260703,1783111620000000,2026-07-03T20:47:00+00:00,map-user-action,marker_click,1.5,synthetic-user-027,synthetic-user-027-session-02,47318a7a-5aff-4d4d-9008-a63150b750c7,Freehand,Hotels,Hotels,1,0,0,8beb6e82-e512-49eb-8230-adf20094e5aa,https://demo.invalid/places/47318a7a-5aff-4d4d-9008-a63150b750c7,1600,1600
20260703,1783111665000000,2026-07-03T20:47:45+00:00,page_view,detail_view,1.0,synthetic-user-027,synthetic-user-027-session-02,47318a7a-5aff-4d4d-9008-a63150b750c7,Freehand,Hotels,Hotels,1,0,0,8beb6e82-e512-49eb-8230-adf20094e5aa,https://demo.invalid/places/47318a7a-5aff-4d4d-9008-a63150b750c7,4200,4200
20260703,1783112700000000,2026-07-03T21:05:00+00:00,map-user-action,marker_click,1.5,synthetic-user-027,synthetic-user-027-session-02,27079374-4b20-4dbc-8c9b-b49fd64eb928,City Cruises Chicago,Attractions; HOT SPOTS,Attractions,2,1,0,47318a7a-5aff-4d4d-9008-a63150b750c7,https://demo.invalid/places/27079374-4b20-4dbc-8c9b-b49fd64eb928,1600,1600
20260703,1783112745000000,2026-07-03T21:05:45+00:00,page_view,detail_view,1.0,synthetic-user-027,synthetic-user-027-session-02,27079374-4b20-4dbc-8c9b-b49fd64eb928,City Cruises Chicago,Attractions; HOT SPOTS,Attractions,2,1,0,47318a7a-5aff-4d4d-9008-a63150b750c7,https://demo.invalid/places/27079374-4b20-4dbc-8c9b-b49fd64eb928,4200,4200
20260703,1783116960000000,2026-07-03T22:16:00+00:00,map-user-action,marker_click,1.5,synthetic-user-035,synthetic-user-035-session-03,66a2e0b5-bc45-4fe7-aae5-87a74cf890d7,Union Park,Parks,Parks,1,0,0,,https://demo.invalid/places/66a2e0b5-bc45-4fe7-aae5-87a74cf890d7,1600,1600
20260703,1783117005000000,2026-07-03T22:16:45+00:00,page_view,detail_view,1.0,synthetic-user-035,synthetic-user-035-session-03,66a2e0b5-bc45-4fe7-aae5-87a74cf890d7,Union Park,Parks,Parks,1,0,0,,https://demo.invalid/places/66a2e0b5-bc45-4fe7-aae5-87a74cf890d7,4200,4200
20260703,1783118040000000,2026-07-03T22:34:00+00:00,map-user-action,marker_click,1.5,synthetic-user-035,synthetic-user-035-session-03,94e40694-a823-4b46-a8c2-cad148f2dacd,Ping Tom Park,Parks,Parks,1,0,0,66a2e0b5-bc45-4fe7-aae5-87a74cf890d7,https://demo.invalid/places/94e40694-a823-4b46-a8c2-cad148f2dacd,1600,1600
20260703,1783118085000000,2026-07-03T22:34:45+00:00,page_view,detail_view,1.0,synthetic-user-035,synthetic-user-035-session-03,94e40694-a823-4b46-a8c2-cad148f2dacd,Ping Tom Park,Parks,Parks,1,0,0,66a2e0b5-bc45-4fe7-aae5-87a74cf890d7,https://demo.invalid/places/94e40694-a823-4b46-a8c2-cad148f2dacd,4200,4200
20260703,1783119120000000,2026-07-03T22:52:00+00:00,map-user-action,marker_click,1.5,synthetic-user-035,synthetic-user-035-session-03,86ecc39d-1a4f-4bf4-83a5-78f595a8b8b9,Clark Street in Lincoln Park,Parks,Parks,1,0,0,94e40694-a823-4b46-a8c2-cad148f2dacd,https://demo.invalid/places/86ecc39d-1a4f-4bf4-83a5-78f595a8b8b9,1600,1600
20260703,1783119165000000,2026-07-03T22:52:45+00:00,page_view,detail_view,1.0,synthetic-user-035,synthetic-user-035-session-03,86ecc39d-1a4f-4bf4-83a5-78f595a8b8b9,Clark Street in Lincoln Park,Parks,Parks,1,0,0,94e40694-a823-4b46-a8c2-cad148f2dacd,https://demo.invalid/places/86ecc39d-1a4f-4bf4-83a5-78f595a8b8b9,4200,4200
20260703,1783120200000000,2026-07-03T23:10:00+00:00,map-user-action,marker_click,1.5,synthetic-user-035,synthetic-user-035-session-03,d14fb43f-6832-4512-918e-9b1d33446f7c,Ohio St. Beach,Parks,Parks,1,0,0,86ecc39d-1a4f-4bf4-83a5-78f595a8b8b9,https://demo.invalid/places/d14fb43f-6832-4512-918e-9b1d33446f7c,1600,1600
20260703,1783120245000000,2026-07-03T23:10:45+00:00,page_view,detail_view,1.0,synthetic-user-035,synthetic-user-035-session-03,d14fb43f-6832-4512-918e-9b1d33446f7c,Ohio St. Beach,Parks,Parks,1,0,0,86ecc39d-1a4f-4bf4-83a5-78f595a8b8b9,https://demo.invalid/places/d14fb43f-6832-4512-918e-9b1d33446f7c,4200,4200
20260703,1783122420000000,2026-07-03T23:47:00+00:00,map-user-action,marker_click,1.5,synthetic-user-050,synthetic-user-050-session-01,b86cafa4-79b2-4c30-8215-918bee24f61e,Macy's State St.,Shops,Shops,1,0,0,,https://demo.invalid/places/b86cafa4-79b2-4c30-8215-918bee24f61e,1600,1600
20260703,1783122465000000,2026-07-03T23:47:45+00:00,page_view,detail_view,1.0,synthetic-user-050,synthetic-user-050-session-01,b86cafa4-79b2-4c30-8215-918bee24f61e,Macy's State St.,Shops,Shops,1,0,0,,https://demo.invalid/places/b86cafa4-79b2-4c30-8215-918bee24f61e,4200,4200
20260704,1783123500000000,2026-07-04T00:05:00+00:00,map-user-action,marker_click,1.5,synthetic-user-050,synthetic-user-050-session-01,04262787-4b85-4d95-a301-c7b3b6068a6d,Garrett Popcorn Shops,HOT SPOTS; Shops,Shops,2,1,0,b86cafa4-79b2-4c30-8215-918bee24f61e,https://demo.invalid/places/04262787-4b85-4d95-a301-c7b3b6068a6d,1600,1600
20260704,1783123545000000,2026-07-04T00:05:45+00:00,page_view,detail_view,1.0,synthetic-user-050,synthetic-user-050-session-01,04262787-4b85-4d95-a301-c7b3b6068a6d,Garrett Popcorn Shops,HOT SPOTS; Shops,Shops,2,1,0,b86cafa4-79b2-4c30-8215-918bee24f61e,https://demo.invalid/places/04262787-4b85-4d95-a301-c7b3b6068a6d,4200,4200
20260704,1783124580000000,2026-07-04T00:23:00+00:00,map-user-action,marker_click,1.5,synthetic-user-050,synthetic-user-050-session-01,a3cfdda6-ce51-4d35-83f3-ac6dd89485a9,Bloomingdale's,Shops,Shops,1,0,0,04262787-4b85-4d95-a301-c7b3b6068a6d,https://demo.invalid/places/a3cfdda6-ce51-4d35-83f3-ac6dd89485a9,1600,1600
20260704,1783124625000000,2026-07-04T00:23:45+00:00,page_view,detail_view,1.0,synthetic-user-050,synthetic-user-050-session-01,a3cfdda6-ce51-4d35-83f3-ac6dd89485a9,Bloomingdale's,Shops,Shops,1,0,0,04262787-4b85-4d95-a301-c7b3b6068a6d,https://demo.invalid/places/a3cfdda6-ce51-4d35-83f3-ac6dd89485a9,4200,4200
20260704,1783125660000000,2026-07-04T00:41:00+00:00,map-user-action,marker_click,1.5,synthetic-user-050,synthetic-user-050-session-01,fe6337f9-9caf-4a5b-b9ce-7dfe628b670d,Claridge House,Hotels,Hotels,1,0,0,a3cfdda6-ce51-4d35-83f3-ac6dd89485a9,https://demo.invalid/places/fe6337f9-9caf-4a5b-b9ce-7dfe628b670d,1600,1600
20260704,1783125705000000,2026-07-04T00:41:45+00:00,page_view,detail_view,1.0,synthetic-user-050,synthetic-user-050-session-01,fe6337f9-9caf-4a5b-b9ce-7dfe628b670d,Claridge House,Hotels,Hotels,1,0,0,a3cfdda6-ce51-4d35-83f3-ac6dd89485a9,https://demo.invalid/places/fe6337f9-9caf-4a5b-b9ce-7dfe628b670d,4200,4200
20260704,1783129920000000,2026-07-04T01:52:00+00:00,map-user-action,marker_click,1.5,synthetic-user-058,synthetic-user-058-session-02,3a867f33-9c48-45e8-acb7-a5c95102a32a,Muddy Waters,Murals,Murals,1,0,0,,https://demo.invalid/places/3a867f33-9c48-45e8-acb7-a5c95102a32a,1600,1600
20260704,1783129965000000,2026-07-04T01:52:45+00:00,page_view,detail_view,1.0,synthetic-user-058,synthetic-user-058-session-02,3a867f33-9c48-45e8-acb7-a5c95102a32a,Muddy Waters,Murals,Murals,1,0,0,,https://demo.invalid/places/3a867f33-9c48-45e8-acb7-a5c95102a32a,4200,4200
20260704,1783131000000000,2026-07-04T02:10:00+00:00,map-user-action,marker_click,1.5,synthetic-user-058,synthetic-user-058-session-02,efb07b22-0160-4528-81b6-9a474fce0e54,Oprah Winfrey Mural,Murals,Murals,1,0,0,3a867f33-9c48-45e8-acb7-a5c95102a32a,https://demo.invalid/places/efb07b22-0160-4528-81b6-9a474fce0e54,1600,1600
20260704,1783131045000000,2026-07-04T02:10:45+00:00,page_view,detail_view,1.0,synthetic-user-058,synthetic-user-058-session-02,efb07b22-0160-4528-81b6-9a474fce0e54,Oprah Winfrey Mural,Murals,Murals,1,0,0,3a867f33-9c48-45e8-acb7-a5c95102a32a,https://demo.invalid/places/efb07b22-0160-4528-81b6-9a474fce0e54,4200,4200
20260704,1783132080000000,2026-07-04T02:28:00+00:00,map-user-action,marker_click,1.5,synthetic-user-058,synthetic-user-058-session-02,2ce8b4ca-5ee3-46bf-8cc7-f36ab8931d22,Chicago Architecture Center,Attractions; HOT SPOTS,Attractions,2,1,0,efb07b22-0160-4528-81b6-9a474fce0e54,https://demo.invalid/places/2ce8b4ca-5ee3-46bf-8cc7-f36ab8931d22,1600,1600
20260704,1783132125000000,2026-07-04T02:28:45+00:00,page_view,detail_view,1.0,synthetic-user-058,synthetic-user-058-session-02,2ce8b4ca-5ee3-46bf-8cc7-f36ab8931d22,Chicago Architecture Center,Attractions; HOT SPOTS,Attractions,2,1,0,efb07b22-0160-4528-81b6-9a474fce0e54,https://demo.invalid/places/2ce8b4ca-5ee3-46bf-8cc7-f36ab8931d22,4200,4200
20260704,1783133160000000,2026-07-04T02:46:00+00:00,map-user-action,marker_click,1.5,synthetic-user-058,synthetic-user-058-session-02,82e5dffe-e6da-4af9-8f19-a706a05c4ed7,Ambassador,Hotels,Hotels,1,0,0,2ce8b4ca-5ee3-46bf-8cc7-f36ab8931d22,https://demo.invalid/places/82e5dffe-e6da-4af9-8f19-a706a05c4ed7,1600,1600
20260704,1783133205000000,2026-07-04T02:46:45+00:00,page_view,detail_view,1.0,synthetic-user-058,synthetic-user-058-session-02,82e5dffe-e6da-4af9-8f19-a706a05c4ed7,Ambassador,Hotels,Hotels,1,0,0,2ce8b4ca-5ee3-46bf-8cc7-f36ab8931d22,https://demo.invalid/places/82e5dffe-e6da-4af9-8f19-a706a05c4ed7,4200,4200
20260704,1783137420000000,2026-07-04T03:57:00+00:00,map-user-action,marker_click,1.5,synthetic-user-066,synthetic-user-066-session-03,1525a1f9-6615-4c5f-9b45-fc871577444a,Chicago Children's Museum,Attractions; Museums,Attractions,2,0,0,,https://demo.invalid/places/1525a1f9-6615-4c5f-9b45-fc871577444a,1600,1600
20260704,1783137465000000,2026-07-04T03:57:45+00:00,page_view,detail_view,1.0,synthetic-user-066,synthetic-user-066-session-03,1525a1f9-6615-4c5f-9b45-fc871577444a,Chicago Children's Museum,Attractions; Museums,Attractions,2,0,0,,https://demo.invalid/places/1525a1f9-6615-4c5f-9b45-fc871577444a,4200,4200
20260704,1783138500000000,2026-07-04T04:15:00+00:00,map-user-action,marker_click,1.5,synthetic-user-066,synthetic-user-066-session-03,a4cc19e2-521b-4707-91f5-a68ddd9236cd,City Cruises Chicago,Attractions,Attractions,1,0,0,1525a1f9-6615-4c5f-9b45-fc871577444a,https://demo.invalid/places/a4cc19e2-521b-4707-91f5-a68ddd9236cd,1600,1600
20260704,1783138545000000,2026-07-04T04:15:45+00:00,page_view,detail_view,1.0,synthetic-user-066,synthetic-user-066-session-03,a4cc19e2-521b-4707-91f5-a68ddd9236cd,City Cruises Chicago,Attractions,Attractions,1,0,0,1525a1f9-6615-4c5f-9b45-fc871577444a,https://demo.invalid/places/a4cc19e2-521b-4707-91f5-a68ddd9236cd,4200,4200
20260704,1783139580000000,2026-07-04T04:33:00+00:00,map-user-action,marker_click,1.5,synthetic-user-066,synthetic-user-066-session-03,69823c0c-c554-444b-b769-1b8eb2fcbc6c,Best Western,Hotels,Hotels,1,0,0,a4cc19e2-521b-4707-91f5-a68ddd9236cd,https://demo.invalid/places/69823c0c-c554-444b-b769-1b8eb2fcbc6c,1600,1600
20260704,1783139625000000,2026-07-04T04:33:45+00:00,page_view,detail_view,1.0,synthetic-user-066,synthetic-user-066-session-03,69823c0c-c554-444b-b769-1b8eb2fcbc6c,Best Western,Hotels,Hotels,1,0,0,a4cc19e2-521b-4707-91f5-a68ddd9236cd,https://demo.invalid/places/69823c0c-c554-444b-b769-1b8eb2fcbc6c,4200,4200
20260704,1783140660000000,2026-07-04T04:51:00+00:00,map-user-action,marker_click,1.5,synthetic-user-066,synthetic-user-066-session-03,cdea5fbf-6b8f-4b44-8851-1ce8fccd6754,Shoreline Sightseeing,Attractions; HOT SPOTS,Attractions,2,1,0,69823c0c-c554-444b-b769-1b8eb2fcbc6c,https://demo.invalid/places/cdea5fbf-6b8f-4b44-8851-1ce8fccd6754,1600,1600
20260704,1783140705000000,2026-07-04T04:51:45+00:00,page_view,detail_view,1.0,synthetic-user-066,synthetic-user-066-session-03,cdea5fbf-6b8f-4b44-8851-1ce8fccd6754,Shoreline Sightseeing,Attractions; HOT SPOTS,Attractions,2,1,0,69823c0c-c554-444b-b769-1b8eb2fcbc6c,https://demo.invalid/places/cdea5fbf-6b8f-4b44-8851-1ce8fccd6754,4200,4200
20260704,1783181760000000,2026-07-04T16:16:00+00:00,map-user-action,marker_click,1.5,synthetic-user-009,synthetic-user-009-session-01,5403e57a-fb4b-4d5a-8aa8-80cc0f431167,Hampton Inn Chicago Downtown West Loop,Hotels,Hotels,1,0,0,,https://demo.invalid/places/5403e57a-fb4b-4d5a-8aa8-80cc0f431167,1600,1600
20260704,1783181805000000,2026-07-04T16:16:45+00:00,page_view,detail_view,1.0,synthetic-user-009,synthetic-user-009-session-01,5403e57a-fb4b-4d5a-8aa8-80cc0f431167,Hampton Inn Chicago Downtown West Loop,Hotels,Hotels,1,0,0,,https://demo.invalid/places/5403e57a-fb4b-4d5a-8aa8-80cc0f431167,4200,4200
20260704,1783182840000000,2026-07-04T16:34:00+00:00,map-user-action,marker_click,1.5,synthetic-user-009,synthetic-user-009-session-01,1eb0d402-8f19-46df-90f8-0b1c953cfa88,Millennium Park,Parks; Attractions,Parks,2,0,0,5403e57a-fb4b-4d5a-8aa8-80cc0f431167,https://demo.invalid/places/1eb0d402-8f19-46df-90f8-0b1c953cfa88,1600,1600
20260704,1783182885000000,2026-07-04T16:34:45+00:00,page_view,detail_view,1.0,synthetic-user-009,synthetic-user-009-session-01,1eb0d402-8f19-46df-90f8-0b1c953cfa88,Millennium Park,Parks; Attractions,Parks,2,0,0,5403e57a-fb4b-4d5a-8aa8-80cc0f431167,https://demo.invalid/places/1eb0d402-8f19-46df-90f8-0b1c953cfa88,4200,4200
20260704,1783183920000000,2026-07-04T16:52:00+00:00,map-user-action,marker_click,1.5,synthetic-user-009,synthetic-user-009-session-01,b27be0cb-8774-401b-9aaa-2d5c1fda212d,Maggie Daley Park,Parks,Parks,1,0,0,1eb0d402-8f19-46df-90f8-0b1c953cfa88,https://demo.invalid/places/b27be0cb-8774-401b-9aaa-2d5c1fda212d,1600,1600
20260704,1783183965000000,2026-07-04T16:52:45+00:00,page_view,detail_view,1.0,synthetic-user-009,synthetic-user-009-session-01,b27be0cb-8774-401b-9aaa-2d5c1fda212d,Maggie Daley Park,Parks,Parks,1,0,0,1eb0d402-8f19-46df-90f8-0b1c953cfa88,https://demo.invalid/places/b27be0cb-8774-401b-9aaa-2d5c1fda212d,4200,4200
20260704,1783185000000000,2026-07-04T17:10:00+00:00,map-user-action,marker_click,1.5,synthetic-user-009,synthetic-user-009-session-01,5e91b706-eae2-4e5e-8ae3-085bc517de57,Flyover Chicago,Attractions; HOT SPOTS,Attractions,2,1,0,b27be0cb-8774-401b-9aaa-2d5c1fda212d,https://demo.invalid/places/5e91b706-eae2-4e5e-8ae3-085bc517de57,1600,1600
20260704,1783185045000000,2026-07-04T17:10:45+00:00,page_view,detail_view,1.0,synthetic-user-009,synthetic-user-009-session-01,5e91b706-eae2-4e5e-8ae3-085bc517de57,Flyover Chicago,Attractions; HOT SPOTS,Attractions,2,1,0,b27be0cb-8774-401b-9aaa-2d5c1fda212d,https://demo.invalid/places/5e91b706-eae2-4e5e-8ae3-085bc517de57,4200,4200
20260704,1783189260000000,2026-07-04T18:21:00+00:00,map-user-action,marker_click,1.5,synthetic-user-017,synthetic-user-017-session-02,b10ac59a-3998-4304-bf3b-59926ff0937e,Chicago French Market,Restaurants,Restaurants,1,0,0,,https://demo.invalid/places/b10ac59a-3998-4304-bf3b-59926ff0937e,1600,1600
20260704,1783189305000000,2026-07-04T18:21:45+00:00,page_view,detail_view,1.0,synthetic-user-017,synthetic-user-017-session-02,b10ac59a-3998-4304-bf3b-59926ff0937e,Chicago French Market,Restaurants,Restaurants,1,0,0,,https://demo.invalid/places/b10ac59a-3998-4304-bf3b-59926ff0937e,4200,4200
20260704,1783190340000000,2026-07-04T18:39:00+00:00,map-user-action,marker_click,1.5,synthetic-user-017,synthetic-user-017-session-02,4838d755-387e-4cc1-80f3-438ee12c5de0,Athena Greek Restaurant,Restaurants,Restaurants,1,0,0,b10ac59a-3998-4304-bf3b-59926ff0937e,https://demo.invalid/places/4838d755-387e-4cc1-80f3-438ee12c5de0,1600,1600
20260704,1783190385000000,2026-07-04T18:39:45+00:00,page_view,detail_view,1.0,synthetic-user-017,synthetic-user-017-session-02,4838d755-387e-4cc1-80f3-438ee12c5de0,Athena Greek Restaurant,Restaurants,Restaurants,1,0,0,b10ac59a-3998-4304-bf3b-59926ff0937e,https://demo.invalid/places/4838d755-387e-4cc1-80f3-438ee12c5de0,4200,4200
20260704,1783191420000000,2026-07-04T18:57:00+00:00,map-user-action,marker_click,1.5,synthetic-user-017,synthetic-user-017-session-02,09edc7a5-adc5-4b62-8aef-bf419d6ed60d,St. Regis,Hotels,Hotels,1,0,0,4838d755-387e-4cc1-80f3-438ee12c5de0,https://demo.invalid/places/09edc7a5-adc5-4b62-8aef-bf419d6ed60d,1600,1600
20260704,1783191465000000,2026-07-04T18:57:45+00:00,page_view,detail_view,1.0,synthetic-user-017,synthetic-user-017-session-02,09edc7a5-adc5-4b62-8aef-bf419d6ed60d,St. Regis,Hotels,Hotels,1,0,0,4838d755-387e-4cc1-80f3-438ee12c5de0,https://demo.invalid/places/09edc7a5-adc5-4b62-8aef-bf419d6ed60d,4200,4200
20260704,1783192500000000,2026-07-04T19:15:00+00:00,map-user-action,marker_click,1.5,synthetic-user-017,synthetic-user-017-session-02,8077f748-42ac-4106-8c88-6f555d271139,Ritz-Carlton,Hotels,Hotels,1,0,0,09edc7a5-adc5-4b62-8aef-bf419d6ed60d,https://demo.invalid/places/8077f748-42ac-4106-8c88-6f555d271139,1600,1600
20260704,1783192545000000,2026-07-04T19:15:45+00:00,page_view,detail_view,1.0,synthetic-user-017,synthetic-user-017-session-02,8077f748-42ac-4106-8c88-6f555d271139,Ritz-Carlton,Hotels,Hotels,1,0,0,09edc7a5-adc5-4b62-8aef-bf419d6ed60d,https://demo.invalid/places/8077f748-42ac-4106-8c88-6f555d271139,4200,4200
20260704,1783196760000000,2026-07-04T20:26:00+00:00,map-user-action,marker_click,1.5,synthetic-user-025,synthetic-user-025-session-03,b704aaa2-37b1-4615-8a6c-e5478ff2948b,Big Bus Tours Stop 5: Adler Planetarium,Big Bus Tours Stops,Big Bus Tours Stops,1,0,0,,https://demo.invalid/places/b704aaa2-37b1-4615-8a6c-e5478ff2948b,1600,1600
20260704,1783196805000000,2026-07-04T20:26:45+00:00,page_view,detail_view,1.0,synthetic-user-025,synthetic-user-025-session-03,b704aaa2-37b1-4615-8a6c-e5478ff2948b,Big Bus Tours Stop 5: Adler Planetarium,Big Bus Tours Stops,Big Bus Tours Stops,1,0,0,,https://demo.invalid/places/b704aaa2-37b1-4615-8a6c-e5478ff2948b,4200,4200
20260704,1783197840000000,2026-07-04T20:44:00+00:00,map-user-action,marker_click,1.5,synthetic-user-025,synthetic-user-025-session-03,8c84468c-e58a-4eb7-acba-a9d1932f872a,Goose Island Taproom,Bars; Restaurants,Bars,2,0,0,b704aaa2-37b1-4615-8a6c-e5478ff2948b,https://demo.invalid/places/8c84468c-e58a-4eb7-acba-a9d1932f872a,1600,1600
20260704,1783197885000000,2026-07-04T20:44:45+00:00,page_view,detail_view,1.0,synthetic-user-025,synthetic-user-025-session-03,8c84468c-e58a-4eb7-acba-a9d1932f872a,Goose Island Taproom,Bars; Restaurants,Bars,2,0,0,b704aaa2-37b1-4615-8a6c-e5478ff2948b,https://demo.invalid/places/8c84468c-e58a-4eb7-acba-a9d1932f872a,4200,4200
20260704,1783198920000000,2026-07-04T21:02:00+00:00,map-user-action,marker_click,1.5,synthetic-user-025,synthetic-user-025-session-03,adfcbe83-44e3-48cd-b9e8-21a774b4dfa8,United Center,Sports Venues,Sports Venues,1,0,0,8c84468c-e58a-4eb7-acba-a9d1932f872a,https://demo.invalid/places/adfcbe83-44e3-48cd-b9e8-21a774b4dfa8,1600,1600
20260704,1783198965000000,2026-07-04T21:02:45+00:00,page_view,detail_view,1.0,synthetic-user-025,synthetic-user-025-session-03,adfcbe83-44e3-48cd-b9e8-21a774b4dfa8,United Center,Sports Venues,Sports Venues,1,0,0,8c84468c-e58a-4eb7-acba-a9d1932f872a,https://demo.invalid/places/adfcbe83-44e3-48cd-b9e8-21a774b4dfa8,4200,4200
20260704,1783200000000000,2026-07-04T21:20:00+00:00,map-user-action,marker_click,1.5,synthetic-user-025,synthetic-user-025-session-03,a831daee-9505-4d4b-84fb-4a55ad091ac1,Soldier Field Tour,Sports Venues; Attractions; HOT SPOTS,Sports Venues,3,1,0,adfcbe83-44e3-48cd-b9e8-21a774b4dfa8,https://demo.invalid/places/a831daee-9505-4d4b-84fb-4a55ad091ac1,1600,1600
20260704,1783200045000000,2026-07-04T21:20:45+00:00,page_view,detail_view,1.0,synthetic-user-025,synthetic-user-025-session-03,a831daee-9505-4d4b-84fb-4a55ad091ac1,Soldier Field Tour,Sports Venues; Attractions; HOT SPOTS,Sports Venues,3,1,0,adfcbe83-44e3-48cd-b9e8-21a774b4dfa8,https://demo.invalid/places/a831daee-9505-4d4b-84fb-4a55ad091ac1,4200,4200
20260704,1783202220000000,2026-07-04T21:57:00+00:00,map-user-action,marker_click,1.5,synthetic-user-040,synthetic-user-040-session-01,a4cc19e2-521b-4707-91f5-a68ddd9236cd,City Cruises Chicago,Attractions,Attractions,1,0,0,,https://demo.invalid/places/a4cc19e2-521b-4707-91f5-a68ddd9236cd,1600,1600
20260704,1783202265000000,2026-07-04T21:57:45+00:00,page_view,detail_view,1.0,synthetic-user-040,synthetic-user-040-session-01,a4cc19e2-521b-4707-91f5-a68ddd9236cd,City Cruises Chicago,Attractions,Attractions,1,0,0,,https://demo.invalid/places/a4cc19e2-521b-4707-91f5-a68ddd9236cd,4200,4200
20260704,1783203300000000,2026-07-04T22:15:00+00:00,map-user-action,marker_click,1.5,synthetic-user-040,synthetic-user-040-session-01,2bafb42b-1910-4bdf-a8b6-ebfaebcaf543,Griffin Museum of Science & Industry,Attractions; HOT SPOTS; Museums,Attractions,3,1,0,a4cc19e2-521b-4707-91f5-a68ddd9236cd,https://demo.invalid/places/2bafb42b-1910-4bdf-a8b6-ebfaebcaf543,1600,1600
20260704,1783203345000000,2026-07-04T22:15:45+00:00,page_view,detail_view,1.0,synthetic-user-040,synthetic-user-040-session-01,2bafb42b-1910-4bdf-a8b6-ebfaebcaf543,Griffin Museum of Science & Industry,Attractions; HOT SPOTS; Museums,Attractions,3,1,0,a4cc19e2-521b-4707-91f5-a68ddd9236cd,https://demo.invalid/places/2bafb42b-1910-4bdf-a8b6-ebfaebcaf543,4200,4200
20260704,1783204380000000,2026-07-04T22:33:00+00:00,map-user-action,marker_click,1.5,synthetic-user-040,synthetic-user-040-session-01,ad80bfc5-a050-4c70-a66d-08433c54aa23,National Hellenic Museum,Attractions; Museums,Attractions,2,0,0,2bafb42b-1910-4bdf-a8b6-ebfaebcaf543,https://demo.invalid/places/ad80bfc5-a050-4c70-a66d-08433c54aa23,1600,1600
20260704,1783204425000000,2026-07-04T22:33:45+00:00,page_view,detail_view,1.0,synthetic-user-040,synthetic-user-040-session-01,ad80bfc5-a050-4c70-a66d-08433c54aa23,National Hellenic Museum,Attractions; Museums,Attractions,2,0,0,2bafb42b-1910-4bdf-a8b6-ebfaebcaf543,https://demo.invalid/places/ad80bfc5-a050-4c70-a66d-08433c54aa23,4200,4200
20260704,1783205460000000,2026-07-04T22:51:00+00:00,map-user-action,marker_click,1.5,synthetic-user-040,synthetic-user-040-session-01,7e7a14e6-4a70-44d0-8dac-2a4ac9b58de5,Skydeck Chicago,Attractions; HOT SPOTS,Attractions,2,1,0,ad80bfc5-a050-4c70-a66d-08433c54aa23,https://demo.invalid/places/7e7a14e6-4a70-44d0-8dac-2a4ac9b58de5,1600,1600
20260704,1783205505000000,2026-07-04T22:51:45+00:00,page_view,detail_view,1.0,synthetic-user-040,synthetic-user-040-session-01,7e7a14e6-4a70-44d0-8dac-2a4ac9b58de5,Skydeck Chicago,Attractions; HOT SPOTS,Attractions,2,1,0,ad80bfc5-a050-4c70-a66d-08433c54aa23,https://demo.invalid/places/7e7a14e6-4a70-44d0-8dac-2a4ac9b58de5,4200,4200
20260705,1783209720000000,2026-07-05T00:02:00+00:00,map-user-action,marker_click,1.5,synthetic-user-048,synthetic-user-048-session-02,b27be0cb-8774-401b-9aaa-2d5c1fda212d,Maggie Daley Park,Parks,Parks,1,0,0,,https://demo.invalid/places/b27be0cb-8774-401b-9aaa-2d5c1fda212d,1600,1600
20260705,1783209765000000,2026-07-05T00:02:45+00:00,page_view,detail_view,1.0,synthetic-user-048,synthetic-user-048-session-02,b27be0cb-8774-401b-9aaa-2d5c1fda212d,Maggie Daley Park,Parks,Parks,1,0,0,,https://demo.invalid/places/b27be0cb-8774-401b-9aaa-2d5c1fda212d,4200,4200
20260705,1783210800000000,2026-07-05T00:20:00+00:00,map-user-action,marker_click,1.5,synthetic-user-048,synthetic-user-048-session-02,86ecc39d-1a4f-4bf4-83a5-78f595a8b8b9,Clark Street in Lincoln Park,Parks,Parks,1,0,0,b27be0cb-8774-401b-9aaa-2d5c1fda212d,https://demo.invalid/places/86ecc39d-1a4f-4bf4-83a5-78f595a8b8b9,1600,1600
20260705,1783210845000000,2026-07-05T00:20:45+00:00,page_view,detail_view,1.0,synthetic-user-048,synthetic-user-048-session-02,86ecc39d-1a4f-4bf4-83a5-78f595a8b8b9,Clark Street in Lincoln Park,Parks,Parks,1,0,0,b27be0cb-8774-401b-9aaa-2d5c1fda212d,https://demo.invalid/places/86ecc39d-1a4f-4bf4-83a5-78f595a8b8b9,4200,4200
20260705,1783211880000000,2026-07-05T00:38:00+00:00,map-user-action,marker_click,1.5,synthetic-user-048,synthetic-user-048-session-02,66a2e0b5-bc45-4fe7-aae5-87a74cf890d7,Union Park,Parks,Parks,1,0,0,86ecc39d-1a4f-4bf4-83a5-78f595a8b8b9,https://demo.invalid/places/66a2e0b5-bc45-4fe7-aae5-87a74cf890d7,1600,1600
20260705,1783211925000000,2026-07-05T00:38:45+00:00,page_view,detail_view,1.0,synthetic-user-048,synthetic-user-048-session-02,66a2e0b5-bc45-4fe7-aae5-87a74cf890d7,Union Park,Parks,Parks,1,0,0,86ecc39d-1a4f-4bf4-83a5-78f595a8b8b9,https://demo.invalid/places/66a2e0b5-bc45-4fe7-aae5-87a74cf890d7,4200,4200
20260705,1783212960000000,2026-07-05T00:56:00+00:00,map-user-action,marker_click,1.5,synthetic-user-048,synthetic-user-048-session-02,eb682cb2-0b92-4134-8a6a-330f7501203d,Milton Lee Olive Park,Parks,Parks,1,0,0,66a2e0b5-bc45-4fe7-aae5-87a74cf890d7,https://demo.invalid/places/eb682cb2-0b92-4134-8a6a-330f7501203d,1600,1600
20260705,1783213005000000,2026-07-05T00:56:45+00:00,page_view,detail_view,1.0,synthetic-user-048,synthetic-user-048-session-02,eb682cb2-0b92-4134-8a6a-330f7501203d,Milton Lee Olive Park,Parks,Parks,1,0,0,66a2e0b5-bc45-4fe7-aae5-87a74cf890d7,https://demo.invalid/places/eb682cb2-0b92-4134-8a6a-330f7501203d,4200,4200
20260705,1783217220000000,2026-07-05T02:07:00+00:00,map-user-action,marker_click,1.5,synthetic-user-056,synthetic-user-056-session-03,9bc1b4fa-ea16-47e4-a091-33e5e3969a05,Silversmith,Hotels,Hotels,1,0,0,,https://demo.invalid/places/9bc1b4fa-ea16-47e4-a091-33e5e3969a05,1600,1600
20260705,1783217265000000,2026-07-05T02:07:45+00:00,page_view,detail_view,1.0,synthetic-user-056,synthetic-user-056-session-03,9bc1b4fa-ea16-47e4-a091-33e5e3969a05,Silversmith,Hotels,Hotels,1,0,0,,https://demo.invalid/places/9bc1b4fa-ea16-47e4-a091-33e5e3969a05,4200,4200
20260705,1783218300000000,2026-07-05T02:25:00+00:00,map-user-action,marker_click,1.5,synthetic-user-056,synthetic-user-056-session-03,bbc4e2eb-efbe-4bc9-83e2-2a38efc61db0,The Gwen,Hotels,Hotels,1,0,0,9bc1b4fa-ea16-47e4-a091-33e5e3969a05,https://demo.invalid/places/bbc4e2eb-efbe-4bc9-83e2-2a38efc61db0,1600,1600
20260705,1783218345000000,2026-07-05T02:25:45+00:00,page_view,detail_view,1.0,synthetic-user-056,synthetic-user-056-session-03,bbc4e2eb-efbe-4bc9-83e2-2a38efc61db0,The Gwen,Hotels,Hotels,1,0,0,9bc1b4fa-ea16-47e4-a091-33e5e3969a05,https://demo.invalid/places/bbc4e2eb-efbe-4bc9-83e2-2a38efc61db0,4200,4200
20260705,1783219380000000,2026-07-05T02:43:00+00:00,map-user-action,marker_click,1.5,synthetic-user-056,synthetic-user-056-session-03,cab5cddb-260e-424e-a706-59855f90b12f,The Neighborhood Hotel Little Italy,Hotels,Hotels,1,0,0,bbc4e2eb-efbe-4bc9-83e2-2a38efc61db0,https://demo.invalid/places/cab5cddb-260e-424e-a706-59855f90b12f,1600,1600
20260705,1783219425000000,2026-07-05T02:43:45+00:00,page_view,detail_view,1.0,synthetic-user-056,synthetic-user-056-session-03,cab5cddb-260e-424e-a706-59855f90b12f,The Neighborhood Hotel Little Italy,Hotels,Hotels,1,0,0,bbc4e2eb-efbe-4bc9-83e2-2a38efc61db0,https://demo.invalid/places/cab5cddb-260e-424e-a706-59855f90b12f,4200,4200
20260705,1783220460000000,2026-07-05T03:01:00+00:00,map-user-action,marker_click,1.5,synthetic-user-056,synthetic-user-056-session-03,398f0ab3-55e0-45e0-8309-0a25178ed5d7,Courtyard by Marriott,Hotels,Hotels,1,0,0,cab5cddb-260e-424e-a706-59855f90b12f,https://demo.invalid/places/398f0ab3-55e0-45e0-8309-0a25178ed5d7,1600,1600
20260705,1783220505000000,2026-07-05T03:01:45+00:00,page_view,detail_view,1.0,synthetic-user-056,synthetic-user-056-session-03,398f0ab3-55e0-45e0-8309-0a25178ed5d7,Courtyard by Marriott,Hotels,Hotels,1,0,0,cab5cddb-260e-424e-a706-59855f90b12f,https://demo.invalid/places/398f0ab3-55e0-45e0-8309-0a25178ed5d7,4200,4200
20260705,1783222680000000,2026-07-05T03:38:00+00:00,map-user-action,marker_click,1.5,synthetic-user-071,synthetic-user-071-session-01,d5d24b26-e2cd-41ff-b4e8-eaf891f8b1de,Chicago Style by Katie Lukes,Murals,Murals,1,0,0,,https://demo.invalid/places/d5d24b26-e2cd-41ff-b4e8-eaf891f8b1de,1600,1600
20260705,1783222725000000,2026-07-05T03:38:45+00:00,page_view,detail_view,1.0,synthetic-user-071,synthetic-user-071-session-01,d5d24b26-e2cd-41ff-b4e8-eaf891f8b1de,Chicago Style by Katie Lukes,Murals,Murals,1,0,0,,https://demo.invalid/places/d5d24b26-e2cd-41ff-b4e8-eaf891f8b1de,4200,4200
20260705,1783223760000000,2026-07-05T03:56:00+00:00,map-user-action,marker_click,1.5,synthetic-user-071,synthetic-user-071-session-01,e3f77f69-0255-466c-92d4-75dd9be82330,900 N. Michigan Shops,Shops,Shops,1,0,0,d5d24b26-e2cd-41ff-b4e8-eaf891f8b1de,https://demo.invalid/places/e3f77f69-0255-466c-92d4-75dd9be82330,1600,1600
20260705,1783223805000000,2026-07-05T03:56:45+00:00,page_view,detail_view,1.0,synthetic-user-071,synthetic-user-071-session-01,e3f77f69-0255-466c-92d4-75dd9be82330,900 N. Michigan Shops,Shops,Shops,1,0,0,d5d24b26-e2cd-41ff-b4e8-eaf891f8b1de,https://demo.invalid/places/e3f77f69-0255-466c-92d4-75dd9be82330,4200,4200
20260705,1783224840000000,2026-07-05T04:14:00+00:00,map-user-action,marker_click,1.5,synthetic-user-071,synthetic-user-071-session-01,9383a251-cbcd-48ff-a3a7-6cc85d70b7a2,Four Seasons,Hotels,Hotels,1,0,0,e3f77f69-0255-466c-92d4-75dd9be82330,https://demo.invalid/places/9383a251-cbcd-48ff-a3a7-6cc85d70b7a2,1600,1600
20260705,1783224885000000,2026-07-05T04:14:45+00:00,page_view,detail_view,1.0,synthetic-user-071,synthetic-user-071-session-01,9383a251-cbcd-48ff-a3a7-6cc85d70b7a2,Four Seasons,Hotels,Hotels,1,0,0,e3f77f69-0255-466c-92d4-75dd9be82330,https://demo.invalid/places/9383a251-cbcd-48ff-a3a7-6cc85d70b7a2,4200,4200
20260705,1783225920000000,2026-07-05T04:32:00+00:00,map-user-action,marker_click,1.5,synthetic-user-071,synthetic-user-071-session-01,efb07b22-0160-4528-81b6-9a474fce0e54,Oprah Winfrey Mural,Murals,Murals,1,0,0,9383a251-cbcd-48ff-a3a7-6cc85d70b7a2,https://demo.invalid/places/efb07b22-0160-4528-81b6-9a474fce0e54,1600,1600
20260705,1783225965000000,2026-07-05T04:32:45+00:00,page_view,detail_view,1.0,synthetic-user-071,synthetic-user-071-session-01,efb07b22-0160-4528-81b6-9a474fce0e54,Oprah Winfrey Mural,Murals,Murals,1,0,0,9383a251-cbcd-48ff-a3a7-6cc85d70b7a2,https://demo.invalid/places/efb07b22-0160-4528-81b6-9a474fce0e54,4200,4200
20260705,1783230180000000,2026-07-05T05:43:00+00:00,map-user-action,marker_click,1.5,synthetic-user-079,synthetic-user-079-session-02,c56473d8-9447-409c-9a9f-6cdb2eea31e1,Willie Dixon Blues Heaven Foundation,Attractions; Museums,Attractions,2,0,0,,https://demo.invalid/places/c56473d8-9447-409c-9a9f-6cdb2eea31e1,1600,1600
20260705,1783230225000000,2026-07-05T05:43:45+00:00,page_view,detail_view,1.0,synthetic-user-079,synthetic-user-079-session-02,c56473d8-9447-409c-9a9f-6cdb2eea31e1,Willie Dixon Blues Heaven Foundation,Attractions; Museums,Attractions,2,0,0,,https://demo.invalid/places/c56473d8-9447-409c-9a9f-6cdb2eea31e1,4200,4200
20260705,1783231260000000,2026-07-05T06:01:00+00:00,map-user-action,marker_click,1.5,synthetic-user-079,synthetic-user-079-session-02,6e66516a-10f6-4a13-885d-c9c144bc2dfb,Eurostars,Hotels,Hotels,1,0,0,c56473d8-9447-409c-9a9f-6cdb2eea31e1,https://demo.invalid/places/6e66516a-10f6-4a13-885d-c9c144bc2dfb,1600,1600
20260705,1783231305000000,2026-07-05T06:01:45+00:00,page_view,detail_view,1.0,synthetic-user-079,synthetic-user-079-session-02,6e66516a-10f6-4a13-885d-c9c144bc2dfb,Eurostars,Hotels,Hotels,1,0,0,c56473d8-9447-409c-9a9f-6cdb2eea31e1,https://demo.invalid/places/6e66516a-10f6-4a13-885d-c9c144bc2dfb,4200,4200
20260705,1783232340000000,2026-07-05T06:19:00+00:00,map-user-action,marker_click,1.5,synthetic-user-079,synthetic-user-079-session-02,43e97c98-e7c7-4f6c-8b71-0d4c2fd73fdd,Hampton Inn & Suites Chicago Medical District UIC,Hotels,Hotels,1,0,0,6e66516a-10f6-4a13-885d-c9c144bc2dfb,https://demo.invalid/places/43e97c98-e7c7-4f6c-8b71-0d4c2fd73fdd,1600,1600
20260705,1783232385000000,2026-07-05T06:19:45+00:00,page_view,detail_view,1.0,synthetic-user-079,synthetic-user-079-session-02,43e97c98-e7c7-4f6c-8b71-0d4c2fd73fdd,Hampton Inn & Suites Chicago Medical District UIC,Hotels,Hotels,1,0,0,6e66516a-10f6-4a13-885d-c9c144bc2dfb,https://demo.invalid/places/43e97c98-e7c7-4f6c-8b71-0d4c2fd73fdd,4200,4200
20260705,1783233420000000,2026-07-05T06:37:00+00:00,map-user-action,marker_click,1.5,synthetic-user-079,synthetic-user-079-session-02,9b230cd5-0362-4a8a-9f5b-8ca06bc30803,Shoreline Sightseeing,Attractions; HOT SPOTS,Attractions,2,1,0,43e97c98-e7c7-4f6c-8b71-0d4c2fd73fdd,https://demo.invalid/places/9b230cd5-0362-4a8a-9f5b-8ca06bc30803,1600,1600
20260705,1783233465000000,2026-07-05T06:37:45+00:00,page_view,detail_view,1.0,synthetic-user-079,synthetic-user-079-session-02,9b230cd5-0362-4a8a-9f5b-8ca06bc30803,Shoreline Sightseeing,Attractions; HOT SPOTS,Attractions,2,1,0,43e97c98-e7c7-4f6c-8b71-0d4c2fd73fdd,https://demo.invalid/places/9b230cd5-0362-4a8a-9f5b-8ca06bc30803,4200,4200
20260705,1783269060000000,2026-07-05T16:31:00+00:00,map-user-action,marker_click,1.5,synthetic-user-007,synthetic-user-007-session-02,fee6875f-c61c-4d9f-a828-73e3446a3a6c,Museum of Broadcast Communications,HOT SPOTS; Museums,Museums,2,1,0,,https://demo.invalid/places/fee6875f-c61c-4d9f-a828-73e3446a3a6c,1600,1600
20260705,1783269105000000,2026-07-05T16:31:45+00:00,page_view,detail_view,1.0,synthetic-user-007,synthetic-user-007-session-02,fee6875f-c61c-4d9f-a828-73e3446a3a6c,Museum of Broadcast Communications,HOT SPOTS; Museums,Museums,2,1,0,,https://demo.invalid/places/fee6875f-c61c-4d9f-a828-73e3446a3a6c,4200,4200
20260705,1783270140000000,2026-07-05T16:49:00+00:00,map-user-action,marker_click,1.5,synthetic-user-007,synthetic-user-007-session-02,f021d1b7-2530-4f66-a737-b696f1b80d0a,Auditorium Theatre,Theaters and Music Venues,Theaters and Music Venues,1,0,0,fee6875f-c61c-4d9f-a828-73e3446a3a6c,https://demo.invalid/places/f021d1b7-2530-4f66-a737-b696f1b80d0a,1600,1600
20260705,1783270185000000,2026-07-05T16:49:45+00:00,page_view,detail_view,1.0,synthetic-user-007,synthetic-user-007-session-02,f021d1b7-2530-4f66-a737-b696f1b80d0a,Auditorium Theatre,Theaters and Music Venues,Theaters and Music Venues,1,0,0,fee6875f-c61c-4d9f-a828-73e3446a3a6c,https://demo.invalid/places/f021d1b7-2530-4f66-a737-b696f1b80d0a,4200,4200
20260705,1783271220000000,2026-07-05T17:07:00+00:00,map-user-action,marker_click,1.5,synthetic-user-007,synthetic-user-007-session-02,363cebe0-f000-46b9-80ba-e3df5a748896,Fora,Attractions,Attractions,1,0,0,f021d1b7-2530-4f66-a737-b696f1b80d0a,https://demo.invalid/places/363cebe0-f000-46b9-80ba-e3df5a748896,1600,1600
20260705,1783271265000000,2026-07-05T17:07:45+00:00,page_view,detail_view,1.0,synthetic-user-007,synthetic-user-007-session-02,363cebe0-f000-46b9-80ba-e3df5a748896,Fora,Attractions,Attractions,1,0,0,f021d1b7-2530-4f66-a737-b696f1b80d0a,https://demo.invalid/places/363cebe0-f000-46b9-80ba-e3df5a748896,4200,4200
20260705,1783272300000000,2026-07-05T17:25:00+00:00,map-user-action,marker_click,1.5,synthetic-user-007,synthetic-user-007-session-02,9887104e-c3d1-48b3-adfa-cabd5303713d,WNDR Museum,HOT SPOTS; Museums,Museums,2,1,0,363cebe0-f000-46b9-80ba-e3df5a748896,https://demo.invalid/places/9887104e-c3d1-48b3-adfa-cabd5303713d,1600,1600
20260705,1783272345000000,2026-07-05T17:25:45+00:00,page_view,detail_view,1.0,synthetic-user-007,synthetic-user-007-session-02,9887104e-c3d1-48b3-adfa-cabd5303713d,WNDR Museum,HOT SPOTS; Museums,Museums,2,1,0,363cebe0-f000-46b9-80ba-e3df5a748896,https://demo.invalid/places/9887104e-c3d1-48b3-adfa-cabd5303713d,4200,4200
20260705,1783276560000000,2026-07-05T18:36:00+00:00,map-user-action,marker_click,1.5,synthetic-user-015,synthetic-user-015-session-03,1c7ef4bf-a014-4b12-b1b8-d051a3c2a929,The Berghoff,Bars; Restaurants,Bars,2,0,0,,https://demo.invalid/places/1c7ef4bf-a014-4b12-b1b8-d051a3c2a929,1600,1600
20260705,1783276605000000,2026-07-05T18:36:45+00:00,page_view,detail_view,1.0,synthetic-user-015,synthetic-user-015-session-03,1c7ef4bf-a014-4b12-b1b8-d051a3c2a929,The Berghoff,Bars; Restaurants,Bars,2,0,0,,https://demo.invalid/places/1c7ef4bf-a014-4b12-b1b8-d051a3c2a929,4200,4200
20260705,1783277640000000,2026-07-05T18:54:00+00:00,map-user-action,marker_click,1.5,synthetic-user-015,synthetic-user-015-session-03,2f7682d4-6dfc-457e-9576-bf0b48776dc4,21c Museum Hotel,Hotels,Hotels,1,0,0,1c7ef4bf-a014-4b12-b1b8-d051a3c2a929,https://demo.invalid/places/2f7682d4-6dfc-457e-9576-bf0b48776dc4,1600,1600
20260705,1783277685000000,2026-07-05T18:54:45+00:00,page_view,detail_view,1.0,synthetic-user-015,synthetic-user-015-session-03,2f7682d4-6dfc-457e-9576-bf0b48776dc4,21c Museum Hotel,Hotels,Hotels,1,0,0,1c7ef4bf-a014-4b12-b1b8-d051a3c2a929,https://demo.invalid/places/2f7682d4-6dfc-457e-9576-bf0b48776dc4,4200,4200
20260705,1783278720000000,2026-07-05T19:12:00+00:00,map-user-action,marker_click,1.5,synthetic-user-015,synthetic-user-015-session-03,e711b59b-37cf-4841-b6d5-bd55c15c62c1,Adler Planetarium,Attractions; Museums,Attractions,2,0,0,2f7682d4-6dfc-457e-9576-bf0b48776dc4,https://demo.invalid/places/e711b59b-37cf-4841-b6d5-bd55c15c62c1,1600,1600
20260705,1783278765000000,2026-07-05T19:12:45+00:00,page_view,detail_view,1.0,synthetic-user-015,synthetic-user-015-session-03,e711b59b-37cf-4841-b6d5-bd55c15c62c1,Adler Planetarium,Attractions; Museums,Attractions,2,0,0,2f7682d4-6dfc-457e-9576-bf0b48776dc4,https://demo.invalid/places/e711b59b-37cf-4841-b6d5-bd55c15c62c1,4200,4200
20260705,1783279800000000,2026-07-05T19:30:00+00:00,map-user-action,marker_click,1.5,synthetic-user-015,synthetic-user-015-session-03,30e333b3-7b46-42b4-b4d9-55ba70272f1f,Black Barrel Tavern,Bars; Restaurants,Bars,2,0,0,e711b59b-37cf-4841-b6d5-bd55c15c62c1,https://demo.invalid/places/30e333b3-7b46-42b4-b4d9-55ba70272f1f,1600,1600
20260705,1783279845000000,2026-07-05T19:30:45+00:00,page_view,detail_view,1.0,synthetic-user-015,synthetic-user-015-session-03,30e333b3-7b46-42b4-b4d9-55ba70272f1f,Black Barrel Tavern,Bars; Restaurants,Bars,2,0,0,e711b59b-37cf-4841-b6d5-bd55c15c62c1,https://demo.invalid/places/30e333b3-7b46-42b4-b4d9-55ba70272f1f,4200,4200
20260705,1783282020000000,2026-07-05T20:07:00+00:00,map-user-action,marker_click,1.5,synthetic-user-030,synthetic-user-030-session-01,d5148032-0c5f-467b-b29e-a5202d3af219,Big Bus Tours Stop 10: 360 Chicago,Big Bus Tours Stops,Big Bus Tours Stops,1,0,0,,https://demo.invalid/places/d5148032-0c5f-467b-b29e-a5202d3af219,1600,1600
20260705,1783282065000000,2026-07-05T20:07:45+00:00,page_view,detail_view,1.0,synthetic-user-030,synthetic-user-030-session-01,d5148032-0c5f-467b-b29e-a5202d3af219,Big Bus Tours Stop 10: 360 Chicago,Big Bus Tours Stops,Big Bus Tours Stops,1,0,0,,https://demo.invalid/places/d5148032-0c5f-467b-b29e-a5202d3af219,4200,4200
20260705,1783283100000000,2026-07-05T20:25:00+00:00,map-user-action,marker_click,1.5,synthetic-user-030,synthetic-user-030-session-01,69466b09-ac7c-4b96-b83e-11c91756b7f6,Goodman Theater Center,Theaters and Music Venues,Theaters and Music Venues,1,0,0,d5148032-0c5f-467b-b29e-a5202d3af219,https://demo.invalid/places/69466b09-ac7c-4b96-b83e-11c91756b7f6,1600,1600
20260705,1783283145000000,2026-07-05T20:25:45+00:00,page_view,detail_view,1.0,synthetic-user-030,synthetic-user-030-session-01,69466b09-ac7c-4b96-b83e-11c91756b7f6,Goodman Theater Center,Theaters and Music Venues,Theaters and Music Venues,1,0,0,d5148032-0c5f-467b-b29e-a5202d3af219,https://demo.invalid/places/69466b09-ac7c-4b96-b83e-11c91756b7f6,4200,4200
20260705,1783284180000000,2026-07-05T20:43:00+00:00,map-user-action,marker_click,1.5,synthetic-user-030,synthetic-user-030-session-01,e36210c6-b094-423a-948d-648b70453b94,Sable,Hotels,Hotels,1,0,0,69466b09-ac7c-4b96-b83e-11c91756b7f6,https://demo.invalid/places/e36210c6-b094-423a-948d-648b70453b94,1600,1600
20260705,1783284225000000,2026-07-05T20:43:45+00:00,page_view,detail_view,1.0,synthetic-user-030,synthetic-user-030-session-01,e36210c6-b094-423a-948d-648b70453b94,Sable,Hotels,Hotels,1,0,0,69466b09-ac7c-4b96-b83e-11c91756b7f6,https://demo.invalid/places/e36210c6-b094-423a-948d-648b70453b94,4200,4200
20260705,1783285260000000,2026-07-05T21:01:00+00:00,map-user-action,marker_click,1.5,synthetic-user-030,synthetic-user-030-session-01,496eb597-d0ef-4312-8cbc-e5c8a49de418,Gale,Hotels,Hotels,1,0,0,e36210c6-b094-423a-948d-648b70453b94,https://demo.invalid/places/496eb597-d0ef-4312-8cbc-e5c8a49de418,1600,1600
20260705,1783285305000000,2026-07-05T21:01:45+00:00,page_view,detail_view,1.0,synthetic-user-030,synthetic-user-030-session-01,496eb597-d0ef-4312-8cbc-e5c8a49de418,Gale,Hotels,Hotels,1,0,0,e36210c6-b094-423a-948d-648b70453b94,https://demo.invalid/places/496eb597-d0ef-4312-8cbc-e5c8a49de418,4200,4200
20260705,1783289520000000,2026-07-05T22:12:00+00:00,map-user-action,marker_click,1.5,synthetic-user-038,synthetic-user-038-session-02,c8e2ab0a-cd1e-4a6a-953a-3bc83981ea04,Wintrust Arena,Sports Venues,Sports Venues,1,0,0,,https://demo.invalid/places/c8e2ab0a-cd1e-4a6a-953a-3bc83981ea04,1600,1600
20260705,1783289565000000,2026-07-05T22:12:45+00:00,page_view,detail_view,1.0,synthetic-user-038,synthetic-user-038-session-02,c8e2ab0a-cd1e-4a6a-953a-3bc83981ea04,Wintrust Arena,Sports Venues,Sports Venues,1,0,0,,https://demo.invalid/places/c8e2ab0a-cd1e-4a6a-953a-3bc83981ea04,4200,4200
20260705,1783290600000000,2026-07-05T22:30:00+00:00,map-user-action,marker_click,1.5,synthetic-user-038,synthetic-user-038-session-02,adfcbe83-44e3-48cd-b9e8-21a774b4dfa8,United Center,Sports Venues,Sports Venues,1,0,0,c8e2ab0a-cd1e-4a6a-953a-3bc83981ea04,https://demo.invalid/places/adfcbe83-44e3-48cd-b9e8-21a774b4dfa8,1600,1600
20260705,1783290645000000,2026-07-05T22:30:45+00:00,page_view,detail_view,1.0,synthetic-user-038,synthetic-user-038-session-02,adfcbe83-44e3-48cd-b9e8-21a774b4dfa8,United Center,Sports Venues,Sports Venues,1,0,0,c8e2ab0a-cd1e-4a6a-953a-3bc83981ea04,https://demo.invalid/places/adfcbe83-44e3-48cd-b9e8-21a774b4dfa8,4200,4200
20260705,1783291680000000,2026-07-05T22:48:00+00:00,map-user-action,marker_click,1.5,synthetic-user-038,synthetic-user-038-session-02,a831daee-9505-4d4b-84fb-4a55ad091ac1,Soldier Field Tour,Sports Venues; Attractions; HOT SPOTS,Sports Venues,3,1,0,adfcbe83-44e3-48cd-b9e8-21a774b4dfa8,https://demo.invalid/places/a831daee-9505-4d4b-84fb-4a55ad091ac1,1600,1600
20260705,1783291725000000,2026-07-05T22:48:45+00:00,page_view,detail_view,1.0,synthetic-user-038,synthetic-user-038-session-02,a831daee-9505-4d4b-84fb-4a55ad091ac1,Soldier Field Tour,Sports Venues; Attractions; HOT SPOTS,Sports Venues,3,1,0,adfcbe83-44e3-48cd-b9e8-21a774b4dfa8,https://demo.invalid/places/a831daee-9505-4d4b-84fb-4a55ad091ac1,4200,4200
20260705,1783292760000000,2026-07-05T23:06:00+00:00,map-user-action,marker_click,1.5,synthetic-user-038,synthetic-user-038-session-02,5bb06c4f-bee0-45b7-8b35-c24ceb07bdb2,Billy Goat Tavern (near United Center),Bars; Restaurants,Bars,2,0,0,a831daee-9505-4d4b-84fb-4a55ad091ac1,https://demo.invalid/places/5bb06c4f-bee0-45b7-8b35-c24ceb07bdb2,1600,1600
20260705,1783292805000000,2026-07-05T23:06:45+00:00,page_view,detail_view,1.0,synthetic-user-038,synthetic-user-038-session-02,5bb06c4f-bee0-45b7-8b35-c24ceb07bdb2,Billy Goat Tavern (near United Center),Bars; Restaurants,Bars,2,0,0,a831daee-9505-4d4b-84fb-4a55ad091ac1,https://demo.invalid/places/5bb06c4f-bee0-45b7-8b35-c24ceb07bdb2,4200,4200
20260706,1783297020000000,2026-07-06T00:17:00+00:00,map-user-action,marker_click,1.5,synthetic-user-046,synthetic-user-046-session-03,0ca4aa52-726e-4bcd-bd91-754da82c23ba,Big Bus Tours Stop 8: Navy Pier,Big Bus Tours Stops,Big Bus Tours Stops,1,0,0,,https://demo.invalid/places/0ca4aa52-726e-4bcd-bd91-754da82c23ba,1600,1600
20260706,1783297065000000,2026-07-06T00:17:45+00:00,page_view,detail_view,1.0,synthetic-user-046,synthetic-user-046-session-03,0ca4aa52-726e-4bcd-bd91-754da82c23ba,Big Bus Tours Stop 8: Navy Pier,Big Bus Tours Stops,Big Bus Tours Stops,1,0,0,,https://demo.invalid/places/0ca4aa52-726e-4bcd-bd91-754da82c23ba,4200,4200
20260706,1783298100000000,2026-07-06T00:35:00+00:00,map-user-action,marker_click,1.5,synthetic-user-046,synthetic-user-046-session-03,1525a1f9-6615-4c5f-9b45-fc871577444a,Chicago Children's Museum,Attractions; Museums,Attractions,2,0,0,0ca4aa52-726e-4bcd-bd91-754da82c23ba,https://demo.invalid/places/1525a1f9-6615-4c5f-9b45-fc871577444a,1600,1600
20260706,1783298145000000,2026-07-06T00:35:45+00:00,page_view,detail_view,1.0,synthetic-user-046,synthetic-user-046-session-03,1525a1f9-6615-4c5f-9b45-fc871577444a,Chicago Children's Museum,Attractions; Museums,Attractions,2,0,0,0ca4aa52-726e-4bcd-bd91-754da82c23ba,https://demo.invalid/places/1525a1f9-6615-4c5f-9b45-fc871577444a,4200,4200
20260706,1783299180000000,2026-07-06T00:53:00+00:00,map-user-action,marker_click,1.5,synthetic-user-046,synthetic-user-046-session-03,8f0d5ae9-1531-4794-8e0b-8e12d53b318e,Garrett Popcorn Shops,HOT SPOTS; Shops,Shops,2,1,0,1525a1f9-6615-4c5f-9b45-fc871577444a,https://demo.invalid/places/8f0d5ae9-1531-4794-8e0b-8e12d53b318e,1600,1600
20260706,1783299225000000,2026-07-06T00:53:45+00:00,page_view,detail_view,1.0,synthetic-user-046,synthetic-user-046-session-03,8f0d5ae9-1531-4794-8e0b-8e12d53b318e,Garrett Popcorn Shops,HOT SPOTS; Shops,Shops,2,1,0,1525a1f9-6615-4c5f-9b45-fc871577444a,https://demo.invalid/places/8f0d5ae9-1531-4794-8e0b-8e12d53b318e,4200,4200
20260706,1783300260000000,2026-07-06T01:11:00+00:00,map-user-action,marker_click,1.5,synthetic-user-046,synthetic-user-046-session-03,23009197-97af-46e0-ab84-86de5152ec48,Mindworks: The Science of Thinking,HOT SPOTS; Museums,Museums,2,1,0,8f0d5ae9-1531-4794-8e0b-8e12d53b318e,https://demo.invalid/places/23009197-97af-46e0-ab84-86de5152ec48,1600,1600
20260706,1783300305000000,2026-07-06T01:11:45+00:00,page_view,detail_view,1.0,synthetic-user-046,synthetic-user-046-session-03,23009197-97af-46e0-ab84-86de5152ec48,Mindworks: The Science of Thinking,HOT SPOTS; Museums,Museums,2,1,0,8f0d5ae9-1531-4794-8e0b-8e12d53b318e,https://demo.invalid/places/23009197-97af-46e0-ab84-86de5152ec48,4200,4200
20260706,1783302480000000,2026-07-06T01:48:00+00:00,map-user-action,marker_click,1.5,synthetic-user-061,synthetic-user-061-session-01,eb682cb2-0b92-4134-8a6a-330f7501203d,Milton Lee Olive Park,Parks,Parks,1,0,0,,https://demo.invalid/places/eb682cb2-0b92-4134-8a6a-330f7501203d,1600,1600
20260706,1783302525000000,2026-07-06T01:48:45+00:00,page_view,detail_view,1.0,synthetic-user-061,synthetic-user-061-session-01,eb682cb2-0b92-4134-8a6a-330f7501203d,Milton Lee Olive Park,Parks,Parks,1,0,0,,https://demo.invalid/places/eb682cb2-0b92-4134-8a6a-330f7501203d,4200,4200
20260706,1783303560000000,2026-07-06T02:06:00+00:00,map-user-action,marker_click,1.5,synthetic-user-061,synthetic-user-061-session-01,1eb0d402-8f19-46df-90f8-0b1c953cfa88,Millennium Park,Parks; Attractions,Parks,2,0,0,eb682cb2-0b92-4134-8a6a-330f7501203d,https://demo.invalid/places/1eb0d402-8f19-46df-90f8-0b1c953cfa88,1600,1600
20260706,1783303605000000,2026-07-06T02:06:45+00:00,page_view,detail_view,1.0,synthetic-user-061,synthetic-user-061-session-01,1eb0d402-8f19-46df-90f8-0b1c953cfa88,Millennium Park,Parks; Attractions,Parks,2,0,0,eb682cb2-0b92-4134-8a6a-330f7501203d,https://demo.invalid/places/1eb0d402-8f19-46df-90f8-0b1c953cfa88,4200,4200
20260706,1783304640000000,2026-07-06T02:24:00+00:00,map-user-action,marker_click,1.5,synthetic-user-061,synthetic-user-061-session-01,ad1fcf8e-54cf-4c6d-b30b-56716f9de35c,Fairfield Inn,Hotels,Hotels,1,0,0,1eb0d402-8f19-46df-90f8-0b1c953cfa88,https://demo.invalid/places/ad1fcf8e-54cf-4c6d-b30b-56716f9de35c,1600,1600
20260706,1783304685000000,2026-07-06T02:24:45+00:00,page_view,detail_view,1.0,synthetic-user-061,synthetic-user-061-session-01,ad1fcf8e-54cf-4c6d-b30b-56716f9de35c,Fairfield Inn,Hotels,Hotels,1,0,0,1eb0d402-8f19-46df-90f8-0b1c953cfa88,https://demo.invalid/places/ad1fcf8e-54cf-4c6d-b30b-56716f9de35c,4200,4200
20260706,1783305720000000,2026-07-06T02:42:00+00:00,map-user-action,marker_click,1.5,synthetic-user-061,synthetic-user-061-session-01,7df814b4-23d4-48eb-b86e-51325927c1e4,Ping Tom Park,Parks,Parks,1,0,0,ad1fcf8e-54cf-4c6d-b30b-56716f9de35c,https://demo.invalid/places/7df814b4-23d4-48eb-b86e-51325927c1e4,1600,1600
20260706,1783305765000000,2026-07-06T02:42:45+00:00,page_view,detail_view,1.0,synthetic-user-061,synthetic-user-061-session-01,7df814b4-23d4-48eb-b86e-51325927c1e4,Ping Tom Park,Parks,Parks,1,0,0,ad1fcf8e-54cf-4c6d-b30b-56716f9de35c,https://demo.invalid/places/7df814b4-23d4-48eb-b86e-51325927c1e4,4200,4200
20260706,1783309980000000,2026-07-06T03:53:00+00:00,map-user-action,marker_click,1.5,synthetic-user-069,synthetic-user-069-session-02,55333bd3-7b75-46b6-bbb8-183eebac0b89,Cambria,Hotels,Hotels,1,0,0,,https://demo.invalid/places/55333bd3-7b75-46b6-bbb8-183eebac0b89,1600,1600
20260706,1783310025000000,2026-07-06T03:53:45+00:00,page_view,detail_view,1.0,synthetic-user-069,synthetic-user-069-session-02,55333bd3-7b75-46b6-bbb8-183eebac0b89,Cambria,Hotels,Hotels,1,0,0,,https://demo.invalid/places/55333bd3-7b75-46b6-bbb8-183eebac0b89,4200,4200
20260706,1783311060000000,2026-07-06T04:11:00+00:00,map-user-action,marker_click,1.5,synthetic-user-069,synthetic-user-069-session-02,cab5cddb-260e-424e-a706-59855f90b12f,The Neighborhood Hotel Little Italy,Hotels,Hotels,1,0,0,55333bd3-7b75-46b6-bbb8-183eebac0b89,https://demo.invalid/places/cab5cddb-260e-424e-a706-59855f90b12f,1600,1600
20260706,1783311105000000,2026-07-06T04:11:45+00:00,page_view,detail_view,1.0,synthetic-user-069,synthetic-user-069-session-02,cab5cddb-260e-424e-a706-59855f90b12f,The Neighborhood Hotel Little Italy,Hotels,Hotels,1,0,0,55333bd3-7b75-46b6-bbb8-183eebac0b89,https://demo.invalid/places/cab5cddb-260e-424e-a706-59855f90b12f,4200,4200
20260706,1783312140000000,2026-07-06T04:29:00+00:00,map-user-action,marker_click,1.5,synthetic-user-069,synthetic-user-069-session-02,cdcd0f08-0f9b-49d4-9fed-e825b3541754,Waldorf Astoria,Hotels,Hotels,1,0,0,cab5cddb-260e-424e-a706-59855f90b12f,https://demo.invalid/places/cdcd0f08-0f9b-49d4-9fed-e825b3541754,1600,1600
20260706,1783312185000000,2026-07-06T04:29:45+00:00,page_view,detail_view,1.0,synthetic-user-069,synthetic-user-069-session-02,cdcd0f08-0f9b-49d4-9fed-e825b3541754,Waldorf Astoria,Hotels,Hotels,1,0,0,cab5cddb-260e-424e-a706-59855f90b12f,https://demo.invalid/places/cdcd0f08-0f9b-49d4-9fed-e825b3541754,4200,4200
20260706,1783313220000000,2026-07-06T04:47:00+00:00,map-user-action,marker_click,1.5,synthetic-user-069,synthetic-user-069-session-02,b704aaa2-37b1-4615-8a6c-e5478ff2948b,Big Bus Tours Stop 5: Adler Planetarium,Big Bus Tours Stops,Big Bus Tours Stops,1,0,0,cdcd0f08-0f9b-49d4-9fed-e825b3541754,https://demo.invalid/places/b704aaa2-37b1-4615-8a6c-e5478ff2948b,1600,1600
20260706,1783313265000000,2026-07-06T04:47:45+00:00,page_view,detail_view,1.0,synthetic-user-069,synthetic-user-069-session-02,b704aaa2-37b1-4615-8a6c-e5478ff2948b,Big Bus Tours Stop 5: Adler Planetarium,Big Bus Tours Stops,Big Bus Tours Stops,1,0,0,cdcd0f08-0f9b-49d4-9fed-e825b3541754,https://demo.invalid/places/b704aaa2-37b1-4615-8a6c-e5478ff2948b,4200,4200
20260706,1783317480000000,2026-07-06T05:58:00+00:00,map-user-action,marker_click,1.5,synthetic-user-077,synthetic-user-077-session-03,fa1c3882-f5b6-4eb5-82dd-241817ee014d,Art Institute of Chicago,Attractions; Museums,Attractions,2,0,0,,https://demo.invalid/places/fa1c3882-f5b6-4eb5-82dd-241817ee014d,1600,1600
20260706,1783317525000000,2026-07-06T05:58:45+00:00,page_view,detail_view,1.0,synthetic-user-077,synthetic-user-077-session-03,fa1c3882-f5b6-4eb5-82dd-241817ee014d,Art Institute of Chicago,Attractions; Museums,Attractions,2,0,0,,https://demo.invalid/places/fa1c3882-f5b6-4eb5-82dd-241817ee014d,4200,4200
20260706,1783318560000000,2026-07-06T06:16:00+00:00,map-user-action,marker_click,1.5,synthetic-user-077,synthetic-user-077-session-03,a831daee-9505-4d4b-84fb-4a55ad091ac1,Soldier Field Tour,Sports Venues; Attractions; HOT SPOTS,Sports Venues,3,1,0,fa1c3882-f5b6-4eb5-82dd-241817ee014d,https://demo.invalid/places/a831daee-9505-4d4b-84fb-4a55ad091ac1,1600,1600
20260706,1783318605000000,2026-07-06T06:16:45+00:00,page_view,detail_view,1.0,synthetic-user-077,synthetic-user-077-session-03,a831daee-9505-4d4b-84fb-4a55ad091ac1,Soldier Field Tour,Sports Venues; Attractions; HOT SPOTS,Sports Venues,3,1,0,fa1c3882-f5b6-4eb5-82dd-241817ee014d,https://demo.invalid/places/a831daee-9505-4d4b-84fb-4a55ad091ac1,4200,4200
20260706,1783319640000000,2026-07-06T06:34:00+00:00,map-user-action,marker_click,1.5,synthetic-user-077,synthetic-user-077-session-03,adfcbe83-44e3-48cd-b9e8-21a774b4dfa8,United Center,Sports Venues,Sports Venues,1,0,0,a831daee-9505-4d4b-84fb-4a55ad091ac1,https://demo.invalid/places/adfcbe83-44e3-48cd-b9e8-21a774b4dfa8,1600,1600
20260706,1783319685000000,2026-07-06T06:34:45+00:00,page_view,detail_view,1.0,synthetic-user-077,synthetic-user-077-session-03,adfcbe83-44e3-48cd-b9e8-21a774b4dfa8,United Center,Sports Venues,Sports Venues,1,0,0,a831daee-9505-4d4b-84fb-4a55ad091ac1,https://demo.invalid/places/adfcbe83-44e3-48cd-b9e8-21a774b4dfa8,4200,4200
20260706,1783320720000000,2026-07-06T06:52:00+00:00,map-user-action,marker_click,1.5,synthetic-user-077,synthetic-user-077-session-03,502a1d5c-6f47-4307-a5b8-49fd24841a75,Big Bus Tours Stop 1: Chicago Riverwalk,Big Bus Tours Stops,Big Bus Tours Stops,1,0,0,adfcbe83-44e3-48cd-b9e8-21a774b4dfa8,https://demo.invalid/places/502a1d5c-6f47-4307-a5b8-49fd24841a75,1600,1600
20260706,1783320765000000,2026-07-06T06:52:45+00:00,page_view,detail_view,1.0,synthetic-user-077,synthetic-user-077-session-03,502a1d5c-6f47-4307-a5b8-49fd24841a75,Big Bus Tours Stop 1: Chicago Riverwalk,Big Bus Tours Stops,Big Bus Tours Stops,1,0,0,adfcbe83-44e3-48cd-b9e8-21a774b4dfa8,https://demo.invalid/places/502a1d5c-6f47-4307-a5b8-49fd24841a75,4200,4200
20260706,1783356360000000,2026-07-06T16:46:00+00:00,map-user-action,marker_click,1.5,synthetic-user-005,synthetic-user-005-session-03,69823c0c-c554-444b-b769-1b8eb2fcbc6c,Best Western,Hotels,Hotels,1,0,0,,https://demo.invalid/places/69823c0c-c554-444b-b769-1b8eb2fcbc6c,1600,1600
20260706,1783356405000000,2026-07-06T16:46:45+00:00,page_view,detail_view,1.0,synthetic-user-005,synthetic-user-005-session-03,69823c0c-c554-444b-b769-1b8eb2fcbc6c,Best Western,Hotels,Hotels,1,0,0,,https://demo.invalid/places/69823c0c-c554-444b-b769-1b8eb2fcbc6c,4200,4200
20260706,1783357440000000,2026-07-06T17:04:00+00:00,map-user-action,marker_click,1.5,synthetic-user-005,synthetic-user-005-session-03,90b8cde4-6823-4348-ad72-f07edacea59e,Doubletree,Hotels,Hotels,1,0,0,69823c0c-c554-444b-b769-1b8eb2fcbc6c,https://demo.invalid/places/90b8cde4-6823-4348-ad72-f07edacea59e,1600,1600
20260706,1783357485000000,2026-07-06T17:04:45+00:00,page_view,detail_view,1.0,synthetic-user-005,synthetic-user-005-session-03,90b8cde4-6823-4348-ad72-f07edacea59e,Doubletree,Hotels,Hotels,1,0,0,69823c0c-c554-444b-b769-1b8eb2fcbc6c,https://demo.invalid/places/90b8cde4-6823-4348-ad72-f07edacea59e,4200,4200
20260706,1783358520000000,2026-07-06T17:22:00+00:00,map-user-action,marker_click,1.5,synthetic-user-005,synthetic-user-005-session-03,fa33cd1d-9ae6-4f76-8774-6801edaff5b7,Publican Quality Meats,Movie & TV Locations; Restaurants,Movie & TV Locations,2,0,0,90b8cde4-6823-4348-ad72-f07edacea59e,https://demo.invalid/places/fa33cd1d-9ae6-4f76-8774-6801edaff5b7,1600,1600
20260706,1783358565000000,2026-07-06T17:22:45+00:00,page_view,detail_view,1.0,synthetic-user-005,synthetic-user-005-session-03,fa33cd1d-9ae6-4f76-8774-6801edaff5b7,Publican Quality Meats,Movie & TV Locations; Restaurants,Movie & TV Locations,2,0,0,90b8cde4-6823-4348-ad72-f07edacea59e,https://demo.invalid/places/fa33cd1d-9ae6-4f76-8774-6801edaff5b7,4200,4200
20260706,1783359600000000,2026-07-06T17:40:00+00:00,map-user-action,marker_click,1.5,synthetic-user-005,synthetic-user-005-session-03,be53ba5f-2962-46fd-a56d-ed7a07d9d605,avec Restaurant,Movie & TV Locations; Restaurants,Movie & TV Locations,2,0,0,fa33cd1d-9ae6-4f76-8774-6801edaff5b7,https://demo.invalid/places/be53ba5f-2962-46fd-a56d-ed7a07d9d605,1600,1600
20260706,1783359645000000,2026-07-06T17:40:45+00:00,page_view,detail_view,1.0,synthetic-user-005,synthetic-user-005-session-03,be53ba5f-2962-46fd-a56d-ed7a07d9d605,avec Restaurant,Movie & TV Locations; Restaurants,Movie & TV Locations,2,0,0,fa33cd1d-9ae6-4f76-8774-6801edaff5b7,https://demo.invalid/places/be53ba5f-2962-46fd-a56d-ed7a07d9d605,4200,4200
20260706,1783361820000000,2026-07-06T18:17:00+00:00,map-user-action,marker_click,1.5,synthetic-user-020,synthetic-user-020-session-01,a3cfdda6-ce51-4d35-83f3-ac6dd89485a9,Bloomingdale's,Shops,Shops,1,0,0,,https://demo.invalid/places/a3cfdda6-ce51-4d35-83f3-ac6dd89485a9,1600,1600
20260706,1783361865000000,2026-07-06T18:17:45+00:00,page_view,detail_view,1.0,synthetic-user-020,synthetic-user-020-session-01,a3cfdda6-ce51-4d35-83f3-ac6dd89485a9,Bloomingdale's,Shops,Shops,1,0,0,,https://demo.invalid/places/a3cfdda6-ce51-4d35-83f3-ac6dd89485a9,4200,4200
20260706,1783362900000000,2026-07-06T18:35:00+00:00,map-user-action,marker_click,1.5,synthetic-user-020,synthetic-user-020-session-01,23009197-97af-46e0-ab84-86de5152ec48,Mindworks: The Science of Thinking,HOT SPOTS; Museums,Museums,2,1,0,a3cfdda6-ce51-4d35-83f3-ac6dd89485a9,https://demo.invalid/places/23009197-97af-46e0-ab84-86de5152ec48,1600,1600
20260706,1783362945000000,2026-07-06T18:35:45+00:00,page_view,detail_view,1.0,synthetic-user-020,synthetic-user-020-session-01,23009197-97af-46e0-ab84-86de5152ec48,Mindworks: The Science of Thinking,HOT SPOTS; Museums,Museums,2,1,0,a3cfdda6-ce51-4d35-83f3-ac6dd89485a9,https://demo.invalid/places/23009197-97af-46e0-ab84-86de5152ec48,4200,4200
20260706,1783363980000000,2026-07-06T18:53:00+00:00,map-user-action,marker_click,1.5,synthetic-user-020,synthetic-user-020-session-01,9887104e-c3d1-48b3-adfa-cabd5303713d,WNDR Museum,HOT SPOTS; Museums,Museums,2,1,0,23009197-97af-46e0-ab84-86de5152ec48,https://demo.invalid/places/9887104e-c3d1-48b3-adfa-cabd5303713d,1600,1600
20260706,1783364025000000,2026-07-06T18:53:45+00:00,page_view,detail_view,1.0,synthetic-user-020,synthetic-user-020-session-01,9887104e-c3d1-48b3-adfa-cabd5303713d,WNDR Museum,HOT SPOTS; Museums,Museums,2,1,0,23009197-97af-46e0-ab84-86de5152ec48,https://demo.invalid/places/9887104e-c3d1-48b3-adfa-cabd5303713d,4200,4200
20260706,1783365060000000,2026-07-06T19:11:00+00:00,map-user-action,marker_click,1.5,synthetic-user-020,synthetic-user-020-session-01,8c84468c-e58a-4eb7-acba-a9d1932f872a,Goose Island Taproom,Bars; Restaurants,Bars,2,0,0,9887104e-c3d1-48b3-adfa-cabd5303713d,https://demo.invalid/places/8c84468c-e58a-4eb7-acba-a9d1932f872a,1600,1600
20260706,1783365105000000,2026-07-06T19:11:45+00:00,page_view,detail_view,1.0,synthetic-user-020,synthetic-user-020-session-01,8c84468c-e58a-4eb7-acba-a9d1932f872a,Goose Island Taproom,Bars; Restaurants,Bars,2,0,0,9887104e-c3d1-48b3-adfa-cabd5303713d,https://demo.invalid/places/8c84468c-e58a-4eb7-acba-a9d1932f872a,4200,4200
20260706,1783369320000000,2026-07-06T20:22:00+00:00,map-user-action,marker_click,1.5,synthetic-user-028,synthetic-user-028-session-02,a3cfdda6-ce51-4d35-83f3-ac6dd89485a9,Bloomingdale's,Shops,Shops,1,0,0,,https://demo.invalid/places/a3cfdda6-ce51-4d35-83f3-ac6dd89485a9,1600,1600
20260706,1783369365000000,2026-07-06T20:22:45+00:00,page_view,detail_view,1.0,synthetic-user-028,synthetic-user-028-session-02,a3cfdda6-ce51-4d35-83f3-ac6dd89485a9,Bloomingdale's,Shops,Shops,1,0,0,,https://demo.invalid/places/a3cfdda6-ce51-4d35-83f3-ac6dd89485a9,4200,4200
20260706,1783370400000000,2026-07-06T20:40:00+00:00,map-user-action,marker_click,1.5,synthetic-user-028,synthetic-user-028-session-02,d7f34584-aefb-4499-be0d-9169cb77c642,Cobra Lounge,Bars; Restaurants; Theaters and Music Venues,Bars,3,0,0,a3cfdda6-ce51-4d35-83f3-ac6dd89485a9,https://demo.invalid/places/d7f34584-aefb-4499-be0d-9169cb77c642,1600,1600
20260706,1783370445000000,2026-07-06T20:40:45+00:00,page_view,detail_view,1.0,synthetic-user-028,synthetic-user-028-session-02,d7f34584-aefb-4499-be0d-9169cb77c642,Cobra Lounge,Bars; Restaurants; Theaters and Music Venues,Bars,3,0,0,a3cfdda6-ce51-4d35-83f3-ac6dd89485a9,https://demo.invalid/places/d7f34584-aefb-4499-be0d-9169cb77c642,4200,4200
20260706,1783371480000000,2026-07-06T20:58:00+00:00,map-user-action,marker_click,1.5,synthetic-user-028,synthetic-user-028-session-02,4eccac9d-8e60-4c8a-908c-43525f504183,Lizzie McNeil's,Bars; Restaurants,Bars,2,0,0,d7f34584-aefb-4499-be0d-9169cb77c642,https://demo.invalid/places/4eccac9d-8e60-4c8a-908c-43525f504183,1600,1600
20260706,1783371525000000,2026-07-06T20:58:45+00:00,page_view,detail_view,1.0,synthetic-user-028,synthetic-user-028-session-02,4eccac9d-8e60-4c8a-908c-43525f504183,Lizzie McNeil's,Bars; Restaurants,Bars,2,0,0,d7f34584-aefb-4499-be0d-9169cb77c642,https://demo.invalid/places/4eccac9d-8e60-4c8a-908c-43525f504183,4200,4200
20260706,1783372560000000,2026-07-06T21:16:00+00:00,map-user-action,marker_click,1.5,synthetic-user-028,synthetic-user-028-session-02,776ef29b-6386-4d97-a304-df47b1e396fb,Richard's Bar,Bars,Bars,1,0,0,4eccac9d-8e60-4c8a-908c-43525f504183,https://demo.invalid/places/776ef29b-6386-4d97-a304-df47b1e396fb,1600,1600
20260706,1783372605000000,2026-07-06T21:16:45+00:00,page_view,detail_view,1.0,synthetic-user-028,synthetic-user-028-session-02,776ef29b-6386-4d97-a304-df47b1e396fb,Richard's Bar,Bars,Bars,1,0,0,4eccac9d-8e60-4c8a-908c-43525f504183,https://demo.invalid/places/776ef29b-6386-4d97-a304-df47b1e396fb,4200,4200
20260706,1783376820000000,2026-07-06T22:27:00+00:00,map-user-action,marker_click,1.5,synthetic-user-036,synthetic-user-036-session-03,5e3ec46b-496d-4536-b068-465aa2f01853,Mario's Italian Lemonade,Restaurants,Restaurants,1,0,0,,https://demo.invalid/places/5e3ec46b-496d-4536-b068-465aa2f01853,1600,1600
20260706,1783376865000000,2026-07-06T22:27:45+00:00,page_view,detail_view,1.0,synthetic-user-036,synthetic-user-036-session-03,5e3ec46b-496d-4536-b068-465aa2f01853,Mario's Italian Lemonade,Restaurants,Restaurants,1,0,0,,https://demo.invalid/places/5e3ec46b-496d-4536-b068-465aa2f01853,4200,4200
20260706,1783377900000000,2026-07-06T22:45:00+00:00,map-user-action,marker_click,1.5,synthetic-user-036,synthetic-user-036-session-03,538a2300-ab23-4f1e-bac8-591867e2eafa,Osteria del Pastaio,HOT SPOTS; Restaurants,Restaurants,2,1,0,5e3ec46b-496d-4536-b068-465aa2f01853,https://demo.invalid/places/538a2300-ab23-4f1e-bac8-591867e2eafa,1600,1600
20260706,1783377945000000,2026-07-06T22:45:45+00:00,page_view,detail_view,1.0,synthetic-user-036,synthetic-user-036-session-03,538a2300-ab23-4f1e-bac8-591867e2eafa,Osteria del Pastaio,HOT SPOTS; Restaurants,Restaurants,2,1,0,5e3ec46b-496d-4536-b068-465aa2f01853,https://demo.invalid/places/538a2300-ab23-4f1e-bac8-591867e2eafa,4200,4200
20260706,1783378980000000,2026-07-06T23:03:00+00:00,map-user-action,marker_click,1.5,synthetic-user-036,synthetic-user-036-session-03,6504e7b0-83d9-4b44-85af-12459e176e9d,Viaggio Restaurant Chicago,Restaurants,Restaurants,1,0,0,538a2300-ab23-4f1e-bac8-591867e2eafa,https://demo.invalid/places/6504e7b0-83d9-4b44-85af-12459e176e9d,1600,1600
20260706,1783379025000000,2026-07-06T23:03:45+00:00,page_view,detail_view,1.0,synthetic-user-036,synthetic-user-036-session-03,6504e7b0-83d9-4b44-85af-12459e176e9d,Viaggio Restaurant Chicago,Restaurants,Restaurants,1,0,0,538a2300-ab23-4f1e-bac8-591867e2eafa,https://demo.invalid/places/6504e7b0-83d9-4b44-85af-12459e176e9d,4200,4200
20260706,1783380060000000,2026-07-06T23:21:00+00:00,map-user-action,marker_click,1.5,synthetic-user-036,synthetic-user-036-session-03,762fee73-00d8-411a-b65e-1d7c11d6bde2,Hampton Inn,Hotels,Hotels,1,0,0,6504e7b0-83d9-4b44-85af-12459e176e9d,https://demo.invalid/places/762fee73-00d8-411a-b65e-1d7c11d6bde2,1600,1600
20260706,1783380105000000,2026-07-06T23:21:45+00:00,page_view,detail_view,1.0,synthetic-user-036,synthetic-user-036-session-03,762fee73-00d8-411a-b65e-1d7c11d6bde2,Hampton Inn,Hotels,Hotels,1,0,0,6504e7b0-83d9-4b44-85af-12459e176e9d,https://demo.invalid/places/762fee73-00d8-411a-b65e-1d7c11d6bde2,4200,4200
20260706,1783382280000000,2026-07-06T23:58:00+00:00,map-user-action,marker_click,1.5,synthetic-user-051,synthetic-user-051-session-01,c8e2ab0a-cd1e-4a6a-953a-3bc83981ea04,Wintrust Arena,Sports Venues,Sports Venues,1,0,0,,https://demo.invalid/places/c8e2ab0a-cd1e-4a6a-953a-3bc83981ea04,1600,1600
20260706,1783382325000000,2026-07-06T23:58:45+00:00,page_view,detail_view,1.0,synthetic-user-051,synthetic-user-051-session-01,c8e2ab0a-cd1e-4a6a-953a-3bc83981ea04,Wintrust Arena,Sports Venues,Sports Venues,1,0,0,,https://demo.invalid/places/c8e2ab0a-cd1e-4a6a-953a-3bc83981ea04,4200,4200
20260707,1783383360000000,2026-07-07T00:16:00+00:00,map-user-action,marker_click,1.5,synthetic-user-051,synthetic-user-051-session-01,56824653-dfe5-4776-a089-423e18796d34,Courtyard by Marriott Chicago at Medical District/UIC,Attractions,Attractions,1,0,0,c8e2ab0a-cd1e-4a6a-953a-3bc83981ea04,https://demo.invalid/places/56824653-dfe5-4776-a089-423e18796d34,1600,1600
20260707,1783383405000000,2026-07-07T00:16:45+00:00,page_view,detail_view,1.0,synthetic-user-051,synthetic-user-051-session-01,56824653-dfe5-4776-a089-423e18796d34,Courtyard by Marriott Chicago at Medical District/UIC,Attractions,Attractions,1,0,0,c8e2ab0a-cd1e-4a6a-953a-3bc83981ea04,https://demo.invalid/places/56824653-dfe5-4776-a089-423e18796d34,4200,4200
20260707,1783384440000000,2026-07-07T00:34:00+00:00,map-user-action,marker_click,1.5,synthetic-user-051,synthetic-user-051-session-01,09eff1bb-4cc1-4973-83b8-ff08e0c6e9d0,Citizen M,Hotels,Hotels,1,0,0,56824653-dfe5-4776-a089-423e18796d34,https://demo.invalid/places/09eff1bb-4cc1-4973-83b8-ff08e0c6e9d0,1600,1600
20260707,1783384485000000,2026-07-07T00:34:45+00:00,page_view,detail_view,1.0,synthetic-user-051,synthetic-user-051-session-01,09eff1bb-4cc1-4973-83b8-ff08e0c6e9d0,Citizen M,Hotels,Hotels,1,0,0,56824653-dfe5-4776-a089-423e18796d34,https://demo.invalid/places/09eff1bb-4cc1-4973-83b8-ff08e0c6e9d0,4200,4200
20260707,1783385520000000,2026-07-07T00:52:00+00:00,map-user-action,marker_click,1.5,synthetic-user-051,synthetic-user-051-session-01,adfcbe83-44e3-48cd-b9e8-21a774b4dfa8,United Center,Sports Venues,Sports Venues,1,0,0,09eff1bb-4cc1-4973-83b8-ff08e0c6e9d0,https://demo.invalid/places/adfcbe83-44e3-48cd-b9e8-21a774b4dfa8,1600,1600
20260707,1783385565000000,2026-07-07T00:52:45+00:00,page_view,detail_view,1.0,synthetic-user-051,synthetic-user-051-session-01,adfcbe83-44e3-48cd-b9e8-21a774b4dfa8,United Center,Sports Venues,Sports Venues,1,0,0,09eff1bb-4cc1-4973-83b8-ff08e0c6e9d0,https://demo.invalid/places/adfcbe83-44e3-48cd-b9e8-21a774b4dfa8,4200,4200
20260707,1783389780000000,2026-07-07T02:03:00+00:00,map-user-action,marker_click,1.5,synthetic-user-059,synthetic-user-059-session-02,fee6875f-c61c-4d9f-a828-73e3446a3a6c,Museum of Broadcast Communications,HOT SPOTS; Museums,Museums,2,1,0,,https://demo.invalid/places/fee6875f-c61c-4d9f-a828-73e3446a3a6c,1600,1600
20260707,1783389825000000,2026-07-07T02:03:45+00:00,page_view,detail_view,1.0,synthetic-user-059,synthetic-user-059-session-02,fee6875f-c61c-4d9f-a828-73e3446a3a6c,Museum of Broadcast Communications,HOT SPOTS; Museums,Museums,2,1,0,,https://demo.invalid/places/fee6875f-c61c-4d9f-a828-73e3446a3a6c,4200,4200
20260707,1783390860000000,2026-07-07T02:21:00+00:00,map-user-action,marker_click,1.5,synthetic-user-059,synthetic-user-059-session-02,b10ac59a-3998-4304-bf3b-59926ff0937e,Chicago French Market,Restaurants,Restaurants,1,0,0,fee6875f-c61c-4d9f-a828-73e3446a3a6c,https://demo.invalid/places/b10ac59a-3998-4304-bf3b-59926ff0937e,1600,1600
20260707,1783390905000000,2026-07-07T02:21:45+00:00,page_view,detail_view,1.0,synthetic-user-059,synthetic-user-059-session-02,b10ac59a-3998-4304-bf3b-59926ff0937e,Chicago French Market,Restaurants,Restaurants,1,0,0,fee6875f-c61c-4d9f-a828-73e3446a3a6c,https://demo.invalid/places/b10ac59a-3998-4304-bf3b-59926ff0937e,4200,4200
20260707,1783391940000000,2026-07-07T02:39:00+00:00,map-user-action,marker_click,1.5,synthetic-user-059,synthetic-user-059-session-02,afe574c9-23ae-47e7-a407-442c93a17403,City Cruises Chicago,Attractions; HOT SPOTS,Attractions,2,1,0,b10ac59a-3998-4304-bf3b-59926ff0937e,https://demo.invalid/places/afe574c9-23ae-47e7-a407-442c93a17403,1600,1600
20260707,1783391985000000,2026-07-07T02:39:45+00:00,page_view,detail_view,1.0,synthetic-user-059,synthetic-user-059-session-02,afe574c9-23ae-47e7-a407-442c93a17403,City Cruises Chicago,Attractions; HOT SPOTS,Attractions,2,1,0,b10ac59a-3998-4304-bf3b-59926ff0937e,https://demo.invalid/places/afe574c9-23ae-47e7-a407-442c93a17403,4200,4200
20260707,1783393020000000,2026-07-07T02:57:00+00:00,map-user-action,marker_click,1.5,synthetic-user-059,synthetic-user-059-session-02,e6a80f79-2925-4aee-8227-97e097ca91b6,Club Quarters,Hotels,Hotels,1,0,0,afe574c9-23ae-47e7-a407-442c93a17403,https://demo.invalid/places/e6a80f79-2925-4aee-8227-97e097ca91b6,1600,1600
20260707,1783393065000000,2026-07-07T02:57:45+00:00,page_view,detail_view,1.0,synthetic-user-059,synthetic-user-059-session-02,e6a80f79-2925-4aee-8227-97e097ca91b6,Club Quarters,Hotels,Hotels,1,0,0,afe574c9-23ae-47e7-a407-442c93a17403,https://demo.invalid/places/e6a80f79-2925-4aee-8227-97e097ca91b6,4200,4200
20260707,1783397280000000,2026-07-07T04:08:00+00:00,map-user-action,marker_click,1.5,synthetic-user-067,synthetic-user-067-session-03,8c84468c-e58a-4eb7-acba-a9d1932f872a,Goose Island Taproom,Bars; Restaurants,Bars,2,0,0,,https://demo.invalid/places/8c84468c-e58a-4eb7-acba-a9d1932f872a,1600,1600
20260707,1783397325000000,2026-07-07T04:08:45+00:00,page_view,detail_view,1.0,synthetic-user-067,synthetic-user-067-session-03,8c84468c-e58a-4eb7-acba-a9d1932f872a,Goose Island Taproom,Bars; Restaurants,Bars,2,0,0,,https://demo.invalid/places/8c84468c-e58a-4eb7-acba-a9d1932f872a,4200,4200
20260707,1783398360000000,2026-07-07T04:26:00+00:00,map-user-action,marker_click,1.5,synthetic-user-067,synthetic-user-067-session-03,d5ce36a8-2b44-42c5-ae84-ddabab2228ec,Moe's Cantina - River North,Bars; Restaurants,Bars,2,0,0,8c84468c-e58a-4eb7-acba-a9d1932f872a,https://demo.invalid/places/d5ce36a8-2b44-42c5-ae84-ddabab2228ec,1600,1600
20260707,1783398405000000,2026-07-07T04:26:45+00:00,page_view,detail_view,1.0,synthetic-user-067,synthetic-user-067-session-03,d5ce36a8-2b44-42c5-ae84-ddabab2228ec,Moe's Cantina - River North,Bars; Restaurants,Bars,2,0,0,8c84468c-e58a-4eb7-acba-a9d1932f872a,https://demo.invalid/places/d5ce36a8-2b44-42c5-ae84-ddabab2228ec,4200,4200
20260707,1783399440000000,2026-07-07T04:44:00+00:00,map-user-action,marker_click,1.5,synthetic-user-067,synthetic-user-067-session-03,149e5b06-fafe-45a5-987f-0a2ee647f8d2,Selva,Bars,Bars,1,0,0,d5ce36a8-2b44-42c5-ae84-ddabab2228ec,https://demo.invalid/places/149e5b06-fafe-45a5-987f-0a2ee647f8d2,1600,1600
20260707,1783399485000000,2026-07-07T04:44:45+00:00,page_view,detail_view,1.0,synthetic-user-067,synthetic-user-067-session-03,149e5b06-fafe-45a5-987f-0a2ee647f8d2,Selva,Bars,Bars,1,0,0,d5ce36a8-2b44-42c5-ae84-ddabab2228ec,https://demo.invalid/places/149e5b06-fafe-45a5-987f-0a2ee647f8d2,4200,4200
20260707,1783400520000000,2026-07-07T05:02:00+00:00,map-user-action,marker_click,1.5,synthetic-user-067,synthetic-user-067-session-03,cff332f9-a23b-4e7a-8770-0c3f1baac092,Aloft,Hotels,Hotels,1,0,0,149e5b06-fafe-45a5-987f-0a2ee647f8d2,https://demo.invalid/places/cff332f9-a23b-4e7a-8770-0c3f1baac092,1600,1600
20260707,1783400565000000,2026-07-07T05:02:45+00:00,page_view,detail_view,1.0,synthetic-user-067,synthetic-user-067-session-03,cff332f9-a23b-4e7a-8770-0c3f1baac092,Aloft,Hotels,Hotels,1,0,0,149e5b06-fafe-45a5-987f-0a2ee647f8d2,https://demo.invalid/places/cff332f9-a23b-4e7a-8770-0c3f1baac092,4200,4200
20260707,1783441620000000,2026-07-07T16:27:00+00:00,map-user-action,marker_click,1.5,synthetic-user-010,synthetic-user-010-session-01,fe6337f9-9caf-4a5b-b9ce-7dfe628b670d,Claridge House,Hotels,Hotels,1,0,0,,https://demo.invalid/places/fe6337f9-9caf-4a5b-b9ce-7dfe628b670d,1600,1600
20260707,1783441665000000,2026-07-07T16:27:45+00:00,page_view,detail_view,1.0,synthetic-user-010,synthetic-user-010-session-01,fe6337f9-9caf-4a5b-b9ce-7dfe628b670d,Claridge House,Hotels,Hotels,1,0,0,,https://demo.invalid/places/fe6337f9-9caf-4a5b-b9ce-7dfe628b670d,4200,4200
20260707,1783442700000000,2026-07-07T16:45:00+00:00,map-user-action,marker_click,1.5,synthetic-user-010,synthetic-user-010-session-01,4c4aaf2e-2e5d-4508-9d4e-42a85223f47d,Ever Restaurant,Movie & TV Locations; Restaurants,Movie & TV Locations,2,0,0,fe6337f9-9caf-4a5b-b9ce-7dfe628b670d,https://demo.invalid/places/4c4aaf2e-2e5d-4508-9d4e-42a85223f47d,1600,1600
20260707,1783442745000000,2026-07-07T16:45:45+00:00,page_view,detail_view,1.0,synthetic-user-010,synthetic-user-010-session-01,4c4aaf2e-2e5d-4508-9d4e-42a85223f47d,Ever Restaurant,Movie & TV Locations; Restaurants,Movie & TV Locations,2,0,0,fe6337f9-9caf-4a5b-b9ce-7dfe628b670d,https://demo.invalid/places/4c4aaf2e-2e5d-4508-9d4e-42a85223f47d,4200,4200
20260707,1783443780000000,2026-07-07T17:03:00+00:00,map-user-action,marker_click,1.5,synthetic-user-010,synthetic-user-010-session-01,58c6c442-eff7-40e3-ab21-589ecb0319c9,Fogo de Chao,Restaurants,Restaurants,1,0,0,4c4aaf2e-2e5d-4508-9d4e-42a85223f47d,https://demo.invalid/places/58c6c442-eff7-40e3-ab21-589ecb0319c9,1600,1600
20260707,1783443825000000,2026-07-07T17:03:45+00:00,page_view,detail_view,1.0,synthetic-user-010,synthetic-user-010-session-01,58c6c442-eff7-40e3-ab21-589ecb0319c9,Fogo de Chao,Restaurants,Restaurants,1,0,0,4c4aaf2e-2e5d-4508-9d4e-42a85223f47d,https://demo.invalid/places/58c6c442-eff7-40e3-ab21-589ecb0319c9,4200,4200
20260707,1783444860000000,2026-07-07T17:21:00+00:00,map-user-action,marker_click,1.5,synthetic-user-010,synthetic-user-010-session-01,08bb71a2-85d5-40c4-be63-8836184d0b66,Cone Gourmet Ice Cream,Restaurants,Restaurants,1,0,0,58c6c442-eff7-40e3-ab21-589ecb0319c9,https://demo.invalid/places/08bb71a2-85d5-40c4-be63-8836184d0b66,1600,1600
20260707,1783444905000000,2026-07-07T17:21:45+00:00,page_view,detail_view,1.0,synthetic-user-010,synthetic-user-010-session-01,08bb71a2-85d5-40c4-be63-8836184d0b66,Cone Gourmet Ice Cream,Restaurants,Restaurants,1,0,0,58c6c442-eff7-40e3-ab21-589ecb0319c9,https://demo.invalid/places/08bb71a2-85d5-40c4-be63-8836184d0b66,4200,4200
20260707,1783449120000000,2026-07-07T18:32:00+00:00,map-user-action,marker_click,1.5,synthetic-user-018,synthetic-user-018-session-02,da057913-9a02-4232-9a7d-c2ea84c453ef,The Old Post Office,Movie & TV Locations,Movie & TV Locations,1,0,0,,https://demo.invalid/places/da057913-9a02-4232-9a7d-c2ea84c453ef,1600,1600
20260707,1783449165000000,2026-07-07T18:32:45+00:00,page_view,detail_view,1.0,synthetic-user-018,synthetic-user-018-session-02,da057913-9a02-4232-9a7d-c2ea84c453ef,The Old Post Office,Movie & TV Locations,Movie & TV Locations,1,0,0,,https://demo.invalid/places/da057913-9a02-4232-9a7d-c2ea84c453ef,4200,4200
20260707,1783450200000000,2026-07-07T18:50:00+00:00,map-user-action,marker_click,1.5,synthetic-user-018,synthetic-user-018-session-02,7c3b8e81-125d-4e29-8540-b9f6c9b5214a,Union Station,Movie & TV Locations,Movie & TV Locations,1,0,0,da057913-9a02-4232-9a7d-c2ea84c453ef,https://demo.invalid/places/7c3b8e81-125d-4e29-8540-b9f6c9b5214a,1600,1600
20260707,1783450245000000,2026-07-07T18:50:45+00:00,page_view,detail_view,1.0,synthetic-user-018,synthetic-user-018-session-02,7c3b8e81-125d-4e29-8540-b9f6c9b5214a,Union Station,Movie & TV Locations,Movie & TV Locations,1,0,0,da057913-9a02-4232-9a7d-c2ea84c453ef,https://demo.invalid/places/7c3b8e81-125d-4e29-8540-b9f6c9b5214a,4200,4200
20260707,1783451280000000,2026-07-07T19:08:00+00:00,map-user-action,marker_click,1.5,synthetic-user-018,synthetic-user-018-session-02,3f8aed41-a707-4454-b61b-3eb2c69ec9ea,Fairfield Inn,Hotels,Hotels,1,0,0,7c3b8e81-125d-4e29-8540-b9f6c9b5214a,https://demo.invalid/places/3f8aed41-a707-4454-b61b-3eb2c69ec9ea,1600,1600
20260707,1783451325000000,2026-07-07T19:08:45+00:00,page_view,detail_view,1.0,synthetic-user-018,synthetic-user-018-session-02,3f8aed41-a707-4454-b61b-3eb2c69ec9ea,Fairfield Inn,Hotels,Hotels,1,0,0,7c3b8e81-125d-4e29-8540-b9f6c9b5214a,https://demo.invalid/places/3f8aed41-a707-4454-b61b-3eb2c69ec9ea,4200,4200
20260707,1783452360000000,2026-07-07T19:26:00+00:00,map-user-action,marker_click,1.5,synthetic-user-018,synthetic-user-018-session-02,493862ce-28cd-4fe3-99ec-ebc8911fa07c,Kasama,Movie & TV Locations; Restaurants,Movie & TV Locations,2,0,0,3f8aed41-a707-4454-b61b-3eb2c69ec9ea,https://demo.invalid/places/493862ce-28cd-4fe3-99ec-ebc8911fa07c,1600,1600
20260707,1783452405000000,2026-07-07T19:26:45+00:00,page_view,detail_view,1.0,synthetic-user-018,synthetic-user-018-session-02,493862ce-28cd-4fe3-99ec-ebc8911fa07c,Kasama,Movie & TV Locations; Restaurants,Movie & TV Locations,2,0,0,3f8aed41-a707-4454-b61b-3eb2c69ec9ea,https://demo.invalid/places/493862ce-28cd-4fe3-99ec-ebc8911fa07c,4200,4200
20260707,1783456620000000,2026-07-07T20:37:00+00:00,map-user-action,marker_click,1.5,synthetic-user-026,synthetic-user-026-session-03,69466b09-ac7c-4b96-b83e-11c91756b7f6,Goodman Theater Center,Theaters and Music Venues,Theaters and Music Venues,1,0,0,,https://demo.invalid/places/69466b09-ac7c-4b96-b83e-11c91756b7f6,1600,1600
20260707,1783456665000000,2026-07-07T20:37:45+00:00,page_view,detail_view,1.0,synthetic-user-026,synthetic-user-026-session-03,69466b09-ac7c-4b96-b83e-11c91756b7f6,Goodman Theater Center,Theaters and Music Venues,Theaters and Music Venues,1,0,0,,https://demo.invalid/places/69466b09-ac7c-4b96-b83e-11c91756b7f6,4200,4200
20260707,1783457700000000,2026-07-07T20:55:00+00:00,map-user-action,marker_click,1.5,synthetic-user-026,synthetic-user-026-session-03,86ecc39d-1a4f-4bf4-83a5-78f595a8b8b9,Clark Street in Lincoln Park,Parks,Parks,1,0,0,69466b09-ac7c-4b96-b83e-11c91756b7f6,https://demo.invalid/places/86ecc39d-1a4f-4bf4-83a5-78f595a8b8b9,1600,1600
20260707,1783457745000000,2026-07-07T20:55:45+00:00,page_view,detail_view,1.0,synthetic-user-026,synthetic-user-026-session-03,86ecc39d-1a4f-4bf4-83a5-78f595a8b8b9,Clark Street in Lincoln Park,Parks,Parks,1,0,0,69466b09-ac7c-4b96-b83e-11c91756b7f6,https://demo.invalid/places/86ecc39d-1a4f-4bf4-83a5-78f595a8b8b9,4200,4200
20260707,1783458780000000,2026-07-07T21:13:00+00:00,map-user-action,marker_click,1.5,synthetic-user-026,synthetic-user-026-session-03,b30e7e7a-9999-4a0b-91d5-d2035a4ebe93,Fashion Outlets of Chicago,HOT SPOTS; Shops,Shops,2,1,0,86ecc39d-1a4f-4bf4-83a5-78f595a8b8b9,https://demo.invalid/places/b30e7e7a-9999-4a0b-91d5-d2035a4ebe93,1600,1600
20260707,1783458825000000,2026-07-07T21:13:45+00:00,page_view,detail_view,1.0,synthetic-user-026,synthetic-user-026-session-03,b30e7e7a-9999-4a0b-91d5-d2035a4ebe93,Fashion Outlets of Chicago,HOT SPOTS; Shops,Shops,2,1,0,86ecc39d-1a4f-4bf4-83a5-78f595a8b8b9,https://demo.invalid/places/b30e7e7a-9999-4a0b-91d5-d2035a4ebe93,4200,4200
20260707,1783459860000000,2026-07-07T21:31:00+00:00,map-user-action,marker_click,1.5,synthetic-user-026,synthetic-user-026-session-03,ae9313a1-734d-4039-9ad3-61b627a9ab2b,Theater of the Mind,Theaters and Music Venues,Theaters and Music Venues,1,0,0,b30e7e7a-9999-4a0b-91d5-d2035a4ebe93,https://demo.invalid/places/ae9313a1-734d-4039-9ad3-61b627a9ab2b,1600,1600
20260707,1783459905000000,2026-07-07T21:31:45+00:00,page_view,detail_view,1.0,synthetic-user-026,synthetic-user-026-session-03,ae9313a1-734d-4039-9ad3-61b627a9ab2b,Theater of the Mind,Theaters and Music Venues,Theaters and Music Venues,1,0,0,b30e7e7a-9999-4a0b-91d5-d2035a4ebe93,https://demo.invalid/places/ae9313a1-734d-4039-9ad3-61b627a9ab2b,4200,4200
20260707,1783462080000000,2026-07-07T22:08:00+00:00,map-user-action,marker_click,1.5,synthetic-user-041,synthetic-user-041-session-01,199e5b2c-9b6d-4e8b-8b5e-749f9c887267,The Aberdeen Tap,Bars; Restaurants,Bars,2,0,0,,https://demo.invalid/places/199e5b2c-9b6d-4e8b-8b5e-749f9c887267,1600,1600
20260707,1783462125000000,2026-07-07T22:08:45+00:00,page_view,detail_view,1.0,synthetic-user-041,synthetic-user-041-session-01,199e5b2c-9b6d-4e8b-8b5e-749f9c887267,The Aberdeen Tap,Bars; Restaurants,Bars,2,0,0,,https://demo.invalid/places/199e5b2c-9b6d-4e8b-8b5e-749f9c887267,4200,4200
20260707,1783463160000000,2026-07-07T22:26:00+00:00,map-user-action,marker_click,1.5,synthetic-user-041,synthetic-user-041-session-01,9146e451-276b-4918-b301-7ae41e933810,Chicago Symphony Orchestra,HOT SPOTS; Theaters and Music Venues,Theaters and Music Venues,2,1,0,199e5b2c-9b6d-4e8b-8b5e-749f9c887267,https://demo.invalid/places/9146e451-276b-4918-b301-7ae41e933810,1600,1600
20260707,1783463205000000,2026-07-07T22:26:45+00:00,page_view,detail_view,1.0,synthetic-user-041,synthetic-user-041-session-01,9146e451-276b-4918-b301-7ae41e933810,Chicago Symphony Orchestra,HOT SPOTS; Theaters and Music Venues,Theaters and Music Venues,2,1,0,199e5b2c-9b6d-4e8b-8b5e-749f9c887267,https://demo.invalid/places/9146e451-276b-4918-b301-7ae41e933810,4200,4200
20260707,1783464240000000,2026-07-07T22:44:00+00:00,map-user-action,marker_click,1.5,synthetic-user-041,synthetic-user-041-session-01,55333bd3-7b75-46b6-bbb8-183eebac0b89,Cambria,Hotels,Hotels,1,0,0,9146e451-276b-4918-b301-7ae41e933810,https://demo.invalid/places/55333bd3-7b75-46b6-bbb8-183eebac0b89,1600,1600
20260707,1783464285000000,2026-07-07T22:44:45+00:00,page_view,detail_view,1.0,synthetic-user-041,synthetic-user-041-session-01,55333bd3-7b75-46b6-bbb8-183eebac0b89,Cambria,Hotels,Hotels,1,0,0,9146e451-276b-4918-b301-7ae41e933810,https://demo.invalid/places/55333bd3-7b75-46b6-bbb8-183eebac0b89,4200,4200
20260707,1783465320000000,2026-07-07T23:02:00+00:00,map-user-action,marker_click,1.5,synthetic-user-041,synthetic-user-041-session-01,8c84468c-e58a-4eb7-acba-a9d1932f872a,Goose Island Taproom,Bars; Restaurants,Bars,2,0,0,55333bd3-7b75-46b6-bbb8-183eebac0b89,https://demo.invalid/places/8c84468c-e58a-4eb7-acba-a9d1932f872a,1600,1600
20260707,1783465365000000,2026-07-07T23:02:45+00:00,page_view,detail_view,1.0,synthetic-user-041,synthetic-user-041-session-01,8c84468c-e58a-4eb7-acba-a9d1932f872a,Goose Island Taproom,Bars; Restaurants,Bars,2,0,0,55333bd3-7b75-46b6-bbb8-183eebac0b89,https://demo.invalid/places/8c84468c-e58a-4eb7-acba-a9d1932f872a,4200,4200
20260708,1783469580000000,2026-07-08T00:13:00+00:00,map-user-action,marker_click,1.5,synthetic-user-049,synthetic-user-049-session-02,9146e451-276b-4918-b301-7ae41e933810,Chicago Symphony Orchestra,HOT SPOTS; Theaters and Music Venues,Theaters and Music Venues,2,1,0,,https://demo.invalid/places/9146e451-276b-4918-b301-7ae41e933810,1600,1600
20260708,1783469625000000,2026-07-08T00:13:45+00:00,page_view,detail_view,1.0,synthetic-user-049,synthetic-user-049-session-02,9146e451-276b-4918-b301-7ae41e933810,Chicago Symphony Orchestra,HOT SPOTS; Theaters and Music Venues,Theaters and Music Venues,2,1,0,,https://demo.invalid/places/9146e451-276b-4918-b301-7ae41e933810,4200,4200
20260708,1783470660000000,2026-07-08T00:31:00+00:00,map-user-action,marker_click,1.5,synthetic-user-049,synthetic-user-049-session-02,3916f62a-4a56-4ad7-9598-6ae0713d0602,Drake,Hotels,Hotels,1,0,0,9146e451-276b-4918-b301-7ae41e933810,https://demo.invalid/places/3916f62a-4a56-4ad7-9598-6ae0713d0602,1600,1600
20260708,1783470705000000,2026-07-08T00:31:45+00:00,page_view,detail_view,1.0,synthetic-user-049,synthetic-user-049-session-02,3916f62a-4a56-4ad7-9598-6ae0713d0602,Drake,Hotels,Hotels,1,0,0,9146e451-276b-4918-b301-7ae41e933810,https://demo.invalid/places/3916f62a-4a56-4ad7-9598-6ae0713d0602,4200,4200
20260708,1783471740000000,2026-07-08T00:49:00+00:00,map-user-action,marker_click,1.5,synthetic-user-049,synthetic-user-049-session-02,5e3ec46b-496d-4536-b068-465aa2f01853,Mario's Italian Lemonade,Restaurants,Restaurants,1,0,0,3916f62a-4a56-4ad7-9598-6ae0713d0602,https://demo.invalid/places/5e3ec46b-496d-4536-b068-465aa2f01853,1600,1600
20260708,1783471785000000,2026-07-08T00:49:45+00:00,page_view,detail_view,1.0,synthetic-user-049,synthetic-user-049-session-02,5e3ec46b-496d-4536-b068-465aa2f01853,Mario's Italian Lemonade,Restaurants,Restaurants,1,0,0,3916f62a-4a56-4ad7-9598-6ae0713d0602,https://demo.invalid/places/5e3ec46b-496d-4536-b068-465aa2f01853,4200,4200
20260708,1783472820000000,2026-07-08T01:07:00+00:00,map-user-action,marker_click,1.5,synthetic-user-049,synthetic-user-049-session-02,cff332f9-a23b-4e7a-8770-0c3f1baac092,Aloft,Hotels,Hotels,1,0,0,5e3ec46b-496d-4536-b068-465aa2f01853,https://demo.invalid/places/cff332f9-a23b-4e7a-8770-0c3f1baac092,1600,1600
20260708,1783472865000000,2026-07-08T01:07:45+00:00,page_view,detail_view,1.0,synthetic-user-049,synthetic-user-049-session-02,cff332f9-a23b-4e7a-8770-0c3f1baac092,Aloft,Hotels,Hotels,1,0,0,5e3ec46b-496d-4536-b068-465aa2f01853,https://demo.invalid/places/cff332f9-a23b-4e7a-8770-0c3f1baac092,4200,4200
20260708,1783477080000000,2026-07-08T02:18:00+00:00,map-user-action,marker_click,1.5,synthetic-user-057,synthetic-user-057-session-03,ad1fcf8e-54cf-4c6d-b30b-56716f9de35c,Fairfield Inn,Hotels,Hotels,1,0,0,,https://demo.invalid/places/ad1fcf8e-54cf-4c6d-b30b-56716f9de35c,1600,1600
20260708,1783477125000000,2026-07-08T02:18:45+00:00,page_view,detail_view,1.0,synthetic-user-057,synthetic-user-057-session-03,ad1fcf8e-54cf-4c6d-b30b-56716f9de35c,Fairfield Inn,Hotels,Hotels,1,0,0,,https://demo.invalid/places/ad1fcf8e-54cf-4c6d-b30b-56716f9de35c,4200,4200
20260708,1783478160000000,2026-07-08T02:36:00+00:00,map-user-action,marker_click,1.5,synthetic-user-057,synthetic-user-057-session-03,d0dd29f4-691d-430e-bc60-3e3038313a29,Chicago History Museum,Attractions; Museums,Attractions,2,0,0,ad1fcf8e-54cf-4c6d-b30b-56716f9de35c,https://demo.invalid/places/d0dd29f4-691d-430e-bc60-3e3038313a29,1600,1600
20260708,1783478205000000,2026-07-08T02:36:45+00:00,page_view,detail_view,1.0,synthetic-user-057,synthetic-user-057-session-03,d0dd29f4-691d-430e-bc60-3e3038313a29,Chicago History Museum,Attractions; Museums,Attractions,2,0,0,ad1fcf8e-54cf-4c6d-b30b-56716f9de35c,https://demo.invalid/places/d0dd29f4-691d-430e-bc60-3e3038313a29,4200,4200
20260708,1783479240000000,2026-07-08T02:54:00+00:00,map-user-action,marker_click,1.5,synthetic-user-057,synthetic-user-057-session-03,493862ce-28cd-4fe3-99ec-ebc8911fa07c,Kasama,Movie & TV Locations; Restaurants,Movie & TV Locations,2,0,0,d0dd29f4-691d-430e-bc60-3e3038313a29,https://demo.invalid/places/493862ce-28cd-4fe3-99ec-ebc8911fa07c,1600,1600
20260708,1783479285000000,2026-07-08T02:54:45+00:00,page_view,detail_view,1.0,synthetic-user-057,synthetic-user-057-session-03,493862ce-28cd-4fe3-99ec-ebc8911fa07c,Kasama,Movie & TV Locations; Restaurants,Movie & TV Locations,2,0,0,d0dd29f4-691d-430e-bc60-3e3038313a29,https://demo.invalid/places/493862ce-28cd-4fe3-99ec-ebc8911fa07c,4200,4200
20260708,1783480320000000,2026-07-08T03:12:00+00:00,map-user-action,marker_click,1.5,synthetic-user-057,synthetic-user-057-session-03,5bb072e4-f584-4060-9ea3-a298c4484596,Field Museum of Natural History,Attractions; Museums,Attractions,2,0,0,493862ce-28cd-4fe3-99ec-ebc8911fa07c,https://demo.invalid/places/5bb072e4-f584-4060-9ea3-a298c4484596,1600,1600
20260708,1783480365000000,2026-07-08T03:12:45+00:00,page_view,detail_view,1.0,synthetic-user-057,synthetic-user-057-session-03,5bb072e4-f584-4060-9ea3-a298c4484596,Field Museum of Natural History,Attractions; Museums,Attractions,2,0,0,493862ce-28cd-4fe3-99ec-ebc8911fa07c,https://demo.invalid/places/5bb072e4-f584-4060-9ea3-a298c4484596,4200,4200
20260708,1783482540000000,2026-07-08T03:49:00+00:00,map-user-action,marker_click,1.5,synthetic-user-072,synthetic-user-072-session-01,04262787-4b85-4d95-a301-c7b3b6068a6d,Garrett Popcorn Shops,HOT SPOTS; Shops,Shops,2,1,0,,https://demo.invalid/places/04262787-4b85-4d95-a301-c7b3b6068a6d,1600,1600
20260708,1783482585000000,2026-07-08T03:49:45+00:00,page_view,detail_view,1.0,synthetic-user-072,synthetic-user-072-session-01,04262787-4b85-4d95-a301-c7b3b6068a6d,Garrett Popcorn Shops,HOT SPOTS; Shops,Shops,2,1,0,,https://demo.invalid/places/04262787-4b85-4d95-a301-c7b3b6068a6d,4200,4200
20260708,1783483620000000,2026-07-08T04:07:00+00:00,map-user-action,marker_click,1.5,synthetic-user-072,synthetic-user-072-session-01,e711b59b-37cf-4841-b6d5-bd55c15c62c1,Adler Planetarium,Attractions; Museums,Attractions,2,0,0,04262787-4b85-4d95-a301-c7b3b6068a6d,https://demo.invalid/places/e711b59b-37cf-4841-b6d5-bd55c15c62c1,1600,1600
20260708,1783483665000000,2026-07-08T04:07:45+00:00,page_view,detail_view,1.0,synthetic-user-072,synthetic-user-072-session-01,e711b59b-37cf-4841-b6d5-bd55c15c62c1,Adler Planetarium,Attractions; Museums,Attractions,2,0,0,04262787-4b85-4d95-a301-c7b3b6068a6d,https://demo.invalid/places/e711b59b-37cf-4841-b6d5-bd55c15c62c1,4200,4200
20260708,1783484700000000,2026-07-08T04:25:00+00:00,map-user-action,marker_click,1.5,synthetic-user-072,synthetic-user-072-session-01,fee6875f-c61c-4d9f-a828-73e3446a3a6c,Museum of Broadcast Communications,HOT SPOTS; Museums,Museums,2,1,0,e711b59b-37cf-4841-b6d5-bd55c15c62c1,https://demo.invalid/places/fee6875f-c61c-4d9f-a828-73e3446a3a6c,1600,1600
20260708,1783484745000000,2026-07-08T04:25:45+00:00,page_view,detail_view,1.0,synthetic-user-072,synthetic-user-072-session-01,fee6875f-c61c-4d9f-a828-73e3446a3a6c,Museum of Broadcast Communications,HOT SPOTS; Museums,Museums,2,1,0,e711b59b-37cf-4841-b6d5-bd55c15c62c1,https://demo.invalid/places/fee6875f-c61c-4d9f-a828-73e3446a3a6c,4200,4200
20260708,1783485780000000,2026-07-08T04:43:00+00:00,map-user-action,marker_click,1.5,synthetic-user-072,synthetic-user-072-session-01,2ce8b4ca-5ee3-46bf-8cc7-f36ab8931d22,Chicago Architecture Center,Attractions; HOT SPOTS,Attractions,2,1,0,fee6875f-c61c-4d9f-a828-73e3446a3a6c,https://demo.invalid/places/2ce8b4ca-5ee3-46bf-8cc7-f36ab8931d22,1600,1600
20260708,1783485825000000,2026-07-08T04:43:45+00:00,page_view,detail_view,1.0,synthetic-user-072,synthetic-user-072-session-01,2ce8b4ca-5ee3-46bf-8cc7-f36ab8931d22,Chicago Architecture Center,Attractions; HOT SPOTS,Attractions,2,1,0,fee6875f-c61c-4d9f-a828-73e3446a3a6c,https://demo.invalid/places/2ce8b4ca-5ee3-46bf-8cc7-f36ab8931d22,4200,4200
20260708,1783490040000000,2026-07-08T05:54:00+00:00,map-user-action,marker_click,1.5,synthetic-user-080,synthetic-user-080-session-02,aa5afcf1-8a6f-4c19-a492-bbd302e1fd97,Island Party Hut,Bars; Restaurants,Bars,2,0,0,,https://demo.invalid/places/aa5afcf1-8a6f-4c19-a492-bbd302e1fd97,1600,1600
20260708,1783490085000000,2026-07-08T05:54:45+00:00,page_view,detail_view,1.0,synthetic-user-080,synthetic-user-080-session-02,aa5afcf1-8a6f-4c19-a492-bbd302e1fd97,Island Party Hut,Bars; Restaurants,Bars,2,0,0,,https://demo.invalid/places/aa5afcf1-8a6f-4c19-a492-bbd302e1fd97,4200,4200
20260708,1783491120000000,2026-07-08T06:12:00+00:00,map-user-action,marker_click,1.5,synthetic-user-080,synthetic-user-080-session-02,26de0f73-448c-4a37-bc6d-eea719dab500,"PB&J: Pizza, Beer and Jukebox",Bars; Restaurants,Bars,2,0,0,aa5afcf1-8a6f-4c19-a492-bbd302e1fd97,https://demo.invalid/places/26de0f73-448c-4a37-bc6d-eea719dab500,1600,1600
20260708,1783491165000000,2026-07-08T06:12:45+00:00,page_view,detail_view,1.0,synthetic-user-080,synthetic-user-080-session-02,26de0f73-448c-4a37-bc6d-eea719dab500,"PB&J: Pizza, Beer and Jukebox",Bars; Restaurants,Bars,2,0,0,aa5afcf1-8a6f-4c19-a492-bbd302e1fd97,https://demo.invalid/places/26de0f73-448c-4a37-bc6d-eea719dab500,4200,4200
20260708,1783492200000000,2026-07-08T06:30:00+00:00,map-user-action,marker_click,1.5,synthetic-user-080,synthetic-user-080-session-02,0ca4aa52-726e-4bcd-bd91-754da82c23ba,Big Bus Tours Stop 8: Navy Pier,Big Bus Tours Stops,Big Bus Tours Stops,1,0,0,26de0f73-448c-4a37-bc6d-eea719dab500,https://demo.invalid/places/0ca4aa52-726e-4bcd-bd91-754da82c23ba,1600,1600
20260708,1783492245000000,2026-07-08T06:30:45+00:00,page_view,detail_view,1.0,synthetic-user-080,synthetic-user-080-session-02,0ca4aa52-726e-4bcd-bd91-754da82c23ba,Big Bus Tours Stop 8: Navy Pier,Big Bus Tours Stops,Big Bus Tours Stops,1,0,0,26de0f73-448c-4a37-bc6d-eea719dab500,https://demo.invalid/places/0ca4aa52-726e-4bcd-bd91-754da82c23ba,4200,4200
20260708,1783493280000000,2026-07-08T06:48:00+00:00,map-user-action,marker_click,1.5,synthetic-user-080,synthetic-user-080-session-02,502a1d5c-6f47-4307-a5b8-49fd24841a75,Big Bus Tours Stop 1: Chicago Riverwalk,Big Bus Tours Stops,Big Bus Tours Stops,1,0,0,0ca4aa52-726e-4bcd-bd91-754da82c23ba,https://demo.invalid/places/502a1d5c-6f47-4307-a5b8-49fd24841a75,1600,1600
20260708,1783493325000000,2026-07-08T06:48:45+00:00,page_view,detail_view,1.0,synthetic-user-080,synthetic-user-080-session-02,502a1d5c-6f47-4307-a5b8-49fd24841a75,Big Bus Tours Stop 1: Chicago Riverwalk,Big Bus Tours Stops,Big Bus Tours Stops,1,0,0,0ca4aa52-726e-4bcd-bd91-754da82c23ba,https://demo.invalid/places/502a1d5c-6f47-4307-a5b8-49fd24841a75,4200,4200
20260708,1783528920000000,2026-07-08T16:42:00+00:00,map-user-action,marker_click,1.5,synthetic-user-008,synthetic-user-008-session-02,0ed825ef-99cd-4b15-8e93-5a0b9b6c65ed,Big Bus Tours Stop 2: Skydeck Chicago & Willis Tower,Big Bus Tours Stops,Big Bus Tours Stops,1,0,0,,https://demo.invalid/places/0ed825ef-99cd-4b15-8e93-5a0b9b6c65ed,1600,1600
20260708,1783528965000000,2026-07-08T16:42:45+00:00,page_view,detail_view,1.0,synthetic-user-008,synthetic-user-008-session-02,0ed825ef-99cd-4b15-8e93-5a0b9b6c65ed,Big Bus Tours Stop 2: Skydeck Chicago & Willis Tower,Big Bus Tours Stops,Big Bus Tours Stops,1,0,0,,https://demo.invalid/places/0ed825ef-99cd-4b15-8e93-5a0b9b6c65ed,4200,4200
20260708,1783530000000000,2026-07-08T17:00:00+00:00,map-user-action,marker_click,1.5,synthetic-user-008,synthetic-user-008-session-02,3fd80f7d-ab09-4088-9796-9571a14a7926,Clark Street in Lincoln Park,HOT SPOTS; Neighborhood Organizations,Neighborhood Organizations,2,1,0,0ed825ef-99cd-4b15-8e93-5a0b9b6c65ed,https://demo.invalid/places/3fd80f7d-ab09-4088-9796-9571a14a7926,1600,1600
20260708,1783530045000000,2026-07-08T17:00:45+00:00,page_view,detail_view,1.0,synthetic-user-008,synthetic-user-008-session-02,3fd80f7d-ab09-4088-9796-9571a14a7926,Clark Street in Lincoln Park,HOT SPOTS; Neighborhood Organizations,Neighborhood Organizations,2,1,0,0ed825ef-99cd-4b15-8e93-5a0b9b6c65ed,https://demo.invalid/places/3fd80f7d-ab09-4088-9796-9571a14a7926,4200,4200
20260708,1783531080000000,2026-07-08T17:18:00+00:00,map-user-action,marker_click,1.5,synthetic-user-008,synthetic-user-008-session-02,a0d0c5ec-074e-4fb4-b112-9caee21d717a,Oak Street District,Neighborhood Organizations; Shops,Neighborhood Organizations,2,0,0,3fd80f7d-ab09-4088-9796-9571a14a7926,https://demo.invalid/places/a0d0c5ec-074e-4fb4-b112-9caee21d717a,1600,1600
20260708,1783531125000000,2026-07-08T17:18:45+00:00,page_view,detail_view,1.0,synthetic-user-008,synthetic-user-008-session-02,a0d0c5ec-074e-4fb4-b112-9caee21d717a,Oak Street District,Neighborhood Organizations; Shops,Neighborhood Organizations,2,0,0,3fd80f7d-ab09-4088-9796-9571a14a7926,https://demo.invalid/places/a0d0c5ec-074e-4fb4-b112-9caee21d717a,4200,4200
20260708,1783532160000000,2026-07-08T17:36:00+00:00,map-user-action,marker_click,1.5,synthetic-user-008,synthetic-user-008-session-02,5403e57a-fb4b-4d5a-8aa8-80cc0f431167,Hampton Inn Chicago Downtown West Loop,Hotels,Hotels,1,0,0,a0d0c5ec-074e-4fb4-b112-9caee21d717a,https://demo.invalid/places/5403e57a-fb4b-4d5a-8aa8-80cc0f431167,1600,1600
20260708,1783532205000000,2026-07-08T17:36:45+00:00,page_view,detail_view,1.0,synthetic-user-008,synthetic-user-008-session-02,5403e57a-fb4b-4d5a-8aa8-80cc0f431167,Hampton Inn Chicago Downtown West Loop,Hotels,Hotels,1,0,0,a0d0c5ec-074e-4fb4-b112-9caee21d717a,https://demo.invalid/places/5403e57a-fb4b-4d5a-8aa8-80cc0f431167,4200,4200
20260708,1783536420000000,2026-07-08T18:47:00+00:00,map-user-action,marker_click,1.5,synthetic-user-016,synthetic-user-016-session-03,0ed825ef-99cd-4b15-8e93-5a0b9b6c65ed,Big Bus Tours Stop 2: Skydeck Chicago & Willis Tower,Big Bus Tours Stops,Big Bus Tours Stops,1,0,0,,https://demo.invalid/places/0ed825ef-99cd-4b15-8e93-5a0b9b6c65ed,1600,1600
20260708,1783536465000000,2026-07-08T18:47:45+00:00,page_view,detail_view,1.0,synthetic-user-016,synthetic-user-016-session-03,0ed825ef-99cd-4b15-8e93-5a0b9b6c65ed,Big Bus Tours Stop 2: Skydeck Chicago & Willis Tower,Big Bus Tours Stops,Big Bus Tours Stops,1,0,0,,https://demo.invalid/places/0ed825ef-99cd-4b15-8e93-5a0b9b6c65ed,4200,4200
20260708,1783537500000000,2026-07-08T19:05:00+00:00,map-user-action,marker_click,1.5,synthetic-user-016,synthetic-user-016-session-03,d5148032-0c5f-467b-b29e-a5202d3af219,Big Bus Tours Stop 10: 360 Chicago,Big Bus Tours Stops,Big Bus Tours Stops,1,0,0,0ed825ef-99cd-4b15-8e93-5a0b9b6c65ed,https://demo.invalid/places/d5148032-0c5f-467b-b29e-a5202d3af219,1600,1600
20260708,1783537545000000,2026-07-08T19:05:45+00:00,page_view,detail_view,1.0,synthetic-user-016,synthetic-user-016-session-03,d5148032-0c5f-467b-b29e-a5202d3af219,Big Bus Tours Stop 10: 360 Chicago,Big Bus Tours Stops,Big Bus Tours Stops,1,0,0,0ed825ef-99cd-4b15-8e93-5a0b9b6c65ed,https://demo.invalid/places/d5148032-0c5f-467b-b29e-a5202d3af219,4200,4200
20260708,1783538580000000,2026-07-08T19:23:00+00:00,map-user-action,marker_click,1.5,synthetic-user-016,synthetic-user-016-session-03,47318a7a-5aff-4d4d-9008-a63150b750c7,Freehand,Hotels,Hotels,1,0,0,d5148032-0c5f-467b-b29e-a5202d3af219,https://demo.invalid/places/47318a7a-5aff-4d4d-9008-a63150b750c7,1600,1600
20260708,1783538625000000,2026-07-08T19:23:45+00:00,page_view,detail_view,1.0,synthetic-user-016,synthetic-user-016-session-03,47318a7a-5aff-4d4d-9008-a63150b750c7,Freehand,Hotels,Hotels,1,0,0,d5148032-0c5f-467b-b29e-a5202d3af219,https://demo.invalid/places/47318a7a-5aff-4d4d-9008-a63150b750c7,4200,4200
20260708,1783539660000000,2026-07-08T19:41:00+00:00,map-user-action,marker_click,1.5,synthetic-user-016,synthetic-user-016-session-03,0ca4aa52-726e-4bcd-bd91-754da82c23ba,Big Bus Tours Stop 8: Navy Pier,Big Bus Tours Stops,Big Bus Tours Stops,1,0,0,47318a7a-5aff-4d4d-9008-a63150b750c7,https://demo.invalid/places/0ca4aa52-726e-4bcd-bd91-754da82c23ba,1600,1600
20260708,1783539705000000,2026-07-08T19:41:45+00:00,page_view,detail_view,1.0,synthetic-user-016,synthetic-user-016-session-03,0ca4aa52-726e-4bcd-bd91-754da82c23ba,Big Bus Tours Stop 8: Navy Pier,Big Bus Tours Stops,Big Bus Tours Stops,1,0,0,47318a7a-5aff-4d4d-9008-a63150b750c7,https://demo.invalid/places/0ca4aa52-726e-4bcd-bd91-754da82c23ba,4200,4200
20260708,1783541880000000,2026-07-08T20:18:00+00:00,map-user-action,marker_click,1.5,synthetic-user-031,synthetic-user-031-session-01,be53ba5f-2962-46fd-a56d-ed7a07d9d605,avec Restaurant,Movie & TV Locations; Restaurants,Movie & TV Locations,2,0,0,,https://demo.invalid/places/be53ba5f-2962-46fd-a56d-ed7a07d9d605,1600,1600
20260708,1783541925000000,2026-07-08T20:18:45+00:00,page_view,detail_view,1.0,synthetic-user-031,synthetic-user-031-session-01,be53ba5f-2962-46fd-a56d-ed7a07d9d605,avec Restaurant,Movie & TV Locations; Restaurants,Movie & TV Locations,2,0,0,,https://demo.invalid/places/be53ba5f-2962-46fd-a56d-ed7a07d9d605,4200,4200
20260708,1783542960000000,2026-07-08T20:36:00+00:00,map-user-action,marker_click,1.5,synthetic-user-031,synthetic-user-031-session-01,b704aaa2-37b1-4615-8a6c-e5478ff2948b,Big Bus Tours Stop 5: Adler Planetarium,Big Bus Tours Stops,Big Bus Tours Stops,1,0,0,be53ba5f-2962-46fd-a56d-ed7a07d9d605,https://demo.invalid/places/b704aaa2-37b1-4615-8a6c-e5478ff2948b,1600,1600
20260708,1783543005000000,2026-07-08T20:36:45+00:00,page_view,detail_view,1.0,synthetic-user-031,synthetic-user-031-session-01,b704aaa2-37b1-4615-8a6c-e5478ff2948b,Big Bus Tours Stop 5: Adler Planetarium,Big Bus Tours Stops,Big Bus Tours Stops,1,0,0,be53ba5f-2962-46fd-a56d-ed7a07d9d605,https://demo.invalid/places/b704aaa2-37b1-4615-8a6c-e5478ff2948b,4200,4200
20260708,1783544040000000,2026-07-08T20:54:00+00:00,map-user-action,marker_click,1.5,synthetic-user-031,synthetic-user-031-session-01,da057913-9a02-4232-9a7d-c2ea84c453ef,The Old Post Office,Movie & TV Locations,Movie & TV Locations,1,0,0,b704aaa2-37b1-4615-8a6c-e5478ff2948b,https://demo.invalid/places/da057913-9a02-4232-9a7d-c2ea84c453ef,1600,1600
20260708,1783544085000000,2026-07-08T20:54:45+00:00,page_view,detail_view,1.0,synthetic-user-031,synthetic-user-031-session-01,da057913-9a02-4232-9a7d-c2ea84c453ef,The Old Post Office,Movie & TV Locations,Movie & TV Locations,1,0,0,b704aaa2-37b1-4615-8a6c-e5478ff2948b,https://demo.invalid/places/da057913-9a02-4232-9a7d-c2ea84c453ef,4200,4200
20260708,1783545120000000,2026-07-08T21:12:00+00:00,map-user-action,marker_click,1.5,synthetic-user-031,synthetic-user-031-session-01,493862ce-28cd-4fe3-99ec-ebc8911fa07c,Kasama,Movie & TV Locations; Restaurants,Movie & TV Locations,2,0,0,da057913-9a02-4232-9a7d-c2ea84c453ef,https://demo.invalid/places/493862ce-28cd-4fe3-99ec-ebc8911fa07c,1600,1600
20260708,1783545165000000,2026-07-08T21:12:45+00:00,page_view,detail_view,1.0,synthetic-user-031,synthetic-user-031-session-01,493862ce-28cd-4fe3-99ec-ebc8911fa07c,Kasama,Movie & TV Locations; Restaurants,Movie & TV Locations,2,0,0,da057913-9a02-4232-9a7d-c2ea84c453ef,https://demo.invalid/places/493862ce-28cd-4fe3-99ec-ebc8911fa07c,4200,4200
20260708,1783549380000000,2026-07-08T22:23:00+00:00,map-user-action,marker_click,1.5,synthetic-user-039,synthetic-user-039-session-02,e3dd7225-82a0-4930-919c-e9a20d3df3db,Bally's Casino,Attractions,Attractions,1,0,0,,https://demo.invalid/places/e3dd7225-82a0-4930-919c-e9a20d3df3db,1600,1600
20260708,1783549425000000,2026-07-08T22:23:45+00:00,page_view,detail_view,1.0,synthetic-user-039,synthetic-user-039-session-02,e3dd7225-82a0-4930-919c-e9a20d3df3db,Bally's Casino,Attractions,Attractions,1,0,0,,https://demo.invalid/places/e3dd7225-82a0-4930-919c-e9a20d3df3db,4200,4200
20260708,1783550460000000,2026-07-08T22:41:00+00:00,map-user-action,marker_click,1.5,synthetic-user-039,synthetic-user-039-session-02,c4e08b74-58c4-45cf-86e1-d17a3a3c5ea6,Harris Theater,Theaters and Music Venues,Theaters and Music Venues,1,0,0,e3dd7225-82a0-4930-919c-e9a20d3df3db,https://demo.invalid/places/c4e08b74-58c4-45cf-86e1-d17a3a3c5ea6,1600,1600
20260708,1783550505000000,2026-07-08T22:41:45+00:00,page_view,detail_view,1.0,synthetic-user-039,synthetic-user-039-session-02,c4e08b74-58c4-45cf-86e1-d17a3a3c5ea6,Harris Theater,Theaters and Music Venues,Theaters and Music Venues,1,0,0,e3dd7225-82a0-4930-919c-e9a20d3df3db,https://demo.invalid/places/c4e08b74-58c4-45cf-86e1-d17a3a3c5ea6,4200,4200
20260708,1783551540000000,2026-07-08T22:59:00+00:00,map-user-action,marker_click,1.5,synthetic-user-039,synthetic-user-039-session-02,ff40b238-44f5-4584-97b5-7ed9b05f840a,Broadway Playhouse,Theaters and Music Venues,Theaters and Music Venues,1,0,0,c4e08b74-58c4-45cf-86e1-d17a3a3c5ea6,https://demo.invalid/places/ff40b238-44f5-4584-97b5-7ed9b05f840a,1600,1600
20260708,1783551585000000,2026-07-08T22:59:45+00:00,page_view,detail_view,1.0,synthetic-user-039,synthetic-user-039-session-02,ff40b238-44f5-4584-97b5-7ed9b05f840a,Broadway Playhouse,Theaters and Music Venues,Theaters and Music Venues,1,0,0,c4e08b74-58c4-45cf-86e1-d17a3a3c5ea6,https://demo.invalid/places/ff40b238-44f5-4584-97b5-7ed9b05f840a,4200,4200
20260708,1783552620000000,2026-07-08T23:17:00+00:00,map-user-action,marker_click,1.5,synthetic-user-039,synthetic-user-039-session-02,b10ac59a-3998-4304-bf3b-59926ff0937e,Chicago French Market,Restaurants,Restaurants,1,0,0,ff40b238-44f5-4584-97b5-7ed9b05f840a,https://demo.invalid/places/b10ac59a-3998-4304-bf3b-59926ff0937e,1600,1600
20260708,1783552665000000,2026-07-08T23:17:45+00:00,page_view,detail_view,1.0,synthetic-user-039,synthetic-user-039-session-02,b10ac59a-3998-4304-bf3b-59926ff0937e,Chicago French Market,Restaurants,Restaurants,1,0,0,ff40b238-44f5-4584-97b5-7ed9b05f840a,https://demo.invalid/places/b10ac59a-3998-4304-bf3b-59926ff0937e,4200,4200
20260709,1783556880000000,2026-07-09T00:28:00+00:00,map-user-action,marker_click,1.5,synthetic-user-047,synthetic-user-047-session-03,1525a1f9-6615-4c5f-9b45-fc871577444a,Chicago Children's Museum,Attractions; Museums,Attractions,2,0,0,,https://demo.invalid/places/1525a1f9-6615-4c5f-9b45-fc871577444a,1600,1600
20260709,1783556925000000,2026-07-09T00:28:45+00:00,page_view,detail_view,1.0,synthetic-user-047,synthetic-user-047-session-03,1525a1f9-6615-4c5f-9b45-fc871577444a,Chicago Children's Museum,Attractions; Museums,Attractions,2,0,0,,https://demo.invalid/places/1525a1f9-6615-4c5f-9b45-fc871577444a,4200,4200
20260709,1783557960000000,2026-07-09T00:46:00+00:00,map-user-action,marker_click,1.5,synthetic-user-047,synthetic-user-047-session-03,6cf9b47c-e237-456a-876d-8ba9028bf56e,Chicago's North Shore,HOT SPOTS; Neighborhood Organizations,Neighborhood Organizations,2,1,0,1525a1f9-6615-4c5f-9b45-fc871577444a,https://demo.invalid/places/6cf9b47c-e237-456a-876d-8ba9028bf56e,1600,1600
20260709,1783558005000000,2026-07-09T00:46:45+00:00,page_view,detail_view,1.0,synthetic-user-047,synthetic-user-047-session-03,6cf9b47c-e237-456a-876d-8ba9028bf56e,Chicago's North Shore,HOT SPOTS; Neighborhood Organizations,Neighborhood Organizations,2,1,0,1525a1f9-6615-4c5f-9b45-fc871577444a,https://demo.invalid/places/6cf9b47c-e237-456a-876d-8ba9028bf56e,4200,4200
20260709,1783559040000000,2026-07-09T01:04:00+00:00,map-user-action,marker_click,1.5,synthetic-user-047,synthetic-user-047-session-03,5e91b706-eae2-4e5e-8ae3-085bc517de57,Flyover Chicago,Attractions; HOT SPOTS,Attractions,2,1,0,6cf9b47c-e237-456a-876d-8ba9028bf56e,https://demo.invalid/places/5e91b706-eae2-4e5e-8ae3-085bc517de57,1600,1600
20260709,1783559085000000,2026-07-09T01:04:45+00:00,page_view,detail_view,1.0,synthetic-user-047,synthetic-user-047-session-03,5e91b706-eae2-4e5e-8ae3-085bc517de57,Flyover Chicago,Attractions; HOT SPOTS,Attractions,2,1,0,6cf9b47c-e237-456a-876d-8ba9028bf56e,https://demo.invalid/places/5e91b706-eae2-4e5e-8ae3-085bc517de57,4200,4200
20260709,1783560120000000,2026-07-09T01:22:00+00:00,map-user-action,marker_click,1.5,synthetic-user-047,synthetic-user-047-session-03,e3f77f69-0255-466c-92d4-75dd9be82330,900 N. Michigan Shops,Shops,Shops,1,0,0,5e91b706-eae2-4e5e-8ae3-085bc517de57,https://demo.invalid/places/e3f77f69-0255-466c-92d4-75dd9be82330,1600,1600
20260709,1783560165000000,2026-07-09T01:22:45+00:00,page_view,detail_view,1.0,synthetic-user-047,synthetic-user-047-session-03,e3f77f69-0255-466c-92d4-75dd9be82330,900 N. Michigan Shops,Shops,Shops,1,0,0,5e91b706-eae2-4e5e-8ae3-085bc517de57,https://demo.invalid/places/e3f77f69-0255-466c-92d4-75dd9be82330,4200,4200
20260709,1783562340000000,2026-07-09T01:59:00+00:00,map-user-action,marker_click,1.5,synthetic-user-062,synthetic-user-062-session-01,c335fe35-0888-4f48-95f2-a1d3046436d8,Pasta Veneta,HOT SPOTS; Restaurants,Restaurants,2,1,0,,https://demo.invalid/places/c335fe35-0888-4f48-95f2-a1d3046436d8,1600,1600
20260709,1783562385000000,2026-07-09T01:59:45+00:00,page_view,detail_view,1.0,synthetic-user-062,synthetic-user-062-session-01,c335fe35-0888-4f48-95f2-a1d3046436d8,Pasta Veneta,HOT SPOTS; Restaurants,Restaurants,2,1,0,,https://demo.invalid/places/c335fe35-0888-4f48-95f2-a1d3046436d8,4200,4200
20260709,1783563420000000,2026-07-09T02:17:00+00:00,map-user-action,marker_click,1.5,synthetic-user-062,synthetic-user-062-session-01,aeadae4f-b1b3-4289-9df6-c69aaea8c819,Chicago's North Shore,Attractions,Attractions,1,0,0,c335fe35-0888-4f48-95f2-a1d3046436d8,https://demo.invalid/places/aeadae4f-b1b3-4289-9df6-c69aaea8c819,1600,1600
20260709,1783563465000000,2026-07-09T02:17:45+00:00,page_view,detail_view,1.0,synthetic-user-062,synthetic-user-062-session-01,aeadae4f-b1b3-4289-9df6-c69aaea8c819,Chicago's North Shore,Attractions,Attractions,1,0,0,c335fe35-0888-4f48-95f2-a1d3046436d8,https://demo.invalid/places/aeadae4f-b1b3-4289-9df6-c69aaea8c819,4200,4200
20260709,1783564500000000,2026-07-09T02:35:00+00:00,map-user-action,marker_click,1.5,synthetic-user-062,synthetic-user-062-session-01,5b6e548e-d108-4995-9f1a-4ad228819e21,Geja's Cafe,HOT SPOTS; Restaurants,Restaurants,2,1,0,aeadae4f-b1b3-4289-9df6-c69aaea8c819,https://demo.invalid/places/5b6e548e-d108-4995-9f1a-4ad228819e21,1600,1600
20260709,1783564545000000,2026-07-09T02:35:45+00:00,page_view,detail_view,1.0,synthetic-user-062,synthetic-user-062-session-01,5b6e548e-d108-4995-9f1a-4ad228819e21,Geja's Cafe,HOT SPOTS; Restaurants,Restaurants,2,1,0,aeadae4f-b1b3-4289-9df6-c69aaea8c819,https://demo.invalid/places/5b6e548e-d108-4995-9f1a-4ad228819e21,4200,4200
20260709,1783565580000000,2026-07-09T02:53:00+00:00,map-user-action,marker_click,1.5,synthetic-user-062,synthetic-user-062-session-01,4e0f0984-f108-4933-970b-c69ea1477f4f,Saigon Sisters,Restaurants,Restaurants,1,0,0,5b6e548e-d108-4995-9f1a-4ad228819e21,https://demo.invalid/places/4e0f0984-f108-4933-970b-c69ea1477f4f,1600,1600
20260709,1783565625000000,2026-07-09T02:53:45+00:00,page_view,detail_view,1.0,synthetic-user-062,synthetic-user-062-session-01,4e0f0984-f108-4933-970b-c69ea1477f4f,Saigon Sisters,Restaurants,Restaurants,1,0,0,5b6e548e-d108-4995-9f1a-4ad228819e21,https://demo.invalid/places/4e0f0984-f108-4933-970b-c69ea1477f4f,4200,4200
20260709,1783569840000000,2026-07-09T04:04:00+00:00,map-user-action,marker_click,1.5,synthetic-user-070,synthetic-user-070-session-02,4c4aaf2e-2e5d-4508-9d4e-42a85223f47d,Ever Restaurant,Movie & TV Locations; Restaurants,Movie & TV Locations,2,0,0,,https://demo.invalid/places/4c4aaf2e-2e5d-4508-9d4e-42a85223f47d,1600,1600
20260709,1783569885000000,2026-07-09T04:04:45+00:00,page_view,detail_view,1.0,synthetic-user-070,synthetic-user-070-session-02,4c4aaf2e-2e5d-4508-9d4e-42a85223f47d,Ever Restaurant,Movie & TV Locations; Restaurants,Movie & TV Locations,2,0,0,,https://demo.invalid/places/4c4aaf2e-2e5d-4508-9d4e-42a85223f47d,4200,4200
20260709,1783570920000000,2026-07-09T04:22:00+00:00,map-user-action,marker_click,1.5,synthetic-user-070,synthetic-user-070-session-02,cc926fb8-553c-47bc-82e2-16b8e013a2ae,Chicago Fire Department - Engine Co. 18,Movie & TV Locations,Movie & TV Locations,1,0,0,4c4aaf2e-2e5d-4508-9d4e-42a85223f47d,https://demo.invalid/places/cc926fb8-553c-47bc-82e2-16b8e013a2ae,1600,1600
20260709,1783570965000000,2026-07-09T04:22:45+00:00,page_view,detail_view,1.0,synthetic-user-070,synthetic-user-070-session-02,cc926fb8-553c-47bc-82e2-16b8e013a2ae,Chicago Fire Department - Engine Co. 18,Movie & TV Locations,Movie & TV Locations,1,0,0,4c4aaf2e-2e5d-4508-9d4e-42a85223f47d,https://demo.invalid/places/cc926fb8-553c-47bc-82e2-16b8e013a2ae,4200,4200
20260709,1783572000000000,2026-07-09T04:40:00+00:00,map-user-action,marker_click,1.5,synthetic-user-070,synthetic-user-070-session-02,493862ce-28cd-4fe3-99ec-ebc8911fa07c,Kasama,Movie & TV Locations; Restaurants,Movie & TV Locations,2,0,0,cc926fb8-553c-47bc-82e2-16b8e013a2ae,https://demo.invalid/places/493862ce-28cd-4fe3-99ec-ebc8911fa07c,1600,1600
20260709,1783572045000000,2026-07-09T04:40:45+00:00,page_view,detail_view,1.0,synthetic-user-070,synthetic-user-070-session-02,493862ce-28cd-4fe3-99ec-ebc8911fa07c,Kasama,Movie & TV Locations; Restaurants,Movie & TV Locations,2,0,0,cc926fb8-553c-47bc-82e2-16b8e013a2ae,https://demo.invalid/places/493862ce-28cd-4fe3-99ec-ebc8911fa07c,4200,4200
20260709,1783573080000000,2026-07-09T04:58:00+00:00,map-user-action,marker_click,1.5,synthetic-user-070,synthetic-user-070-session-02,be53ba5f-2962-46fd-a56d-ed7a07d9d605,avec Restaurant,Movie & TV Locations; Restaurants,Movie & TV Locations,2,0,0,493862ce-28cd-4fe3-99ec-ebc8911fa07c,https://demo.invalid/places/be53ba5f-2962-46fd-a56d-ed7a07d9d605,1600,1600
20260709,1783573125000000,2026-07-09T04:58:45+00:00,page_view,detail_view,1.0,synthetic-user-070,synthetic-user-070-session-02,be53ba5f-2962-46fd-a56d-ed7a07d9d605,avec Restaurant,Movie & TV Locations; Restaurants,Movie & TV Locations,2,0,0,493862ce-28cd-4fe3-99ec-ebc8911fa07c,https://demo.invalid/places/be53ba5f-2962-46fd-a56d-ed7a07d9d605,4200,4200
20260709,1783577340000000,2026-07-09T06:09:00+00:00,map-user-action,marker_click,1.5,synthetic-user-078,synthetic-user-078-session-03,5f80e827-2e15-40f7-b873-1963d407d632,Lyric Opera of Chicago,HOT SPOTS; Theaters and Music Venues,Theaters and Music Venues,2,1,0,,https://demo.invalid/places/5f80e827-2e15-40f7-b873-1963d407d632,1600,1600
20260709,1783577385000000,2026-07-09T06:09:45+00:00,page_view,detail_view,1.0,synthetic-user-078,synthetic-user-078-session-03,5f80e827-2e15-40f7-b873-1963d407d632,Lyric Opera of Chicago,HOT SPOTS; Theaters and Music Venues,Theaters and Music Venues,2,1,0,,https://demo.invalid/places/5f80e827-2e15-40f7-b873-1963d407d632,4200,4200
20260709,1783578420000000,2026-07-09T06:27:00+00:00,map-user-action,marker_click,1.5,synthetic-user-078,synthetic-user-078-session-03,9535776b-f785-4ea4-8376-0f7597db114e,Chicago Shakespeare Theater,Theaters and Music Venues,Theaters and Music Venues,1,0,0,5f80e827-2e15-40f7-b873-1963d407d632,https://demo.invalid/places/9535776b-f785-4ea4-8376-0f7597db114e,1600,1600
20260709,1783578465000000,2026-07-09T06:27:45+00:00,page_view,detail_view,1.0,synthetic-user-078,synthetic-user-078-session-03,9535776b-f785-4ea4-8376-0f7597db114e,Chicago Shakespeare Theater,Theaters and Music Venues,Theaters and Music Venues,1,0,0,5f80e827-2e15-40f7-b873-1963d407d632,https://demo.invalid/places/9535776b-f785-4ea4-8376-0f7597db114e,4200,4200
20260709,1783579500000000,2026-07-09T06:45:00+00:00,map-user-action,marker_click,1.5,synthetic-user-078,synthetic-user-078-session-03,f021d1b7-2530-4f66-a737-b696f1b80d0a,Auditorium Theatre,Theaters and Music Venues,Theaters and Music Venues,1,0,0,9535776b-f785-4ea4-8376-0f7597db114e,https://demo.invalid/places/f021d1b7-2530-4f66-a737-b696f1b80d0a,1600,1600
20260709,1783579545000000,2026-07-09T06:45:45+00:00,page_view,detail_view,1.0,synthetic-user-078,synthetic-user-078-session-03,f021d1b7-2530-4f66-a737-b696f1b80d0a,Auditorium Theatre,Theaters and Music Venues,Theaters and Music Venues,1,0,0,9535776b-f785-4ea4-8376-0f7597db114e,https://demo.invalid/places/f021d1b7-2530-4f66-a737-b696f1b80d0a,4200,4200
20260709,1783580580000000,2026-07-09T07:03:00+00:00,map-user-action,marker_click,1.5,synthetic-user-078,synthetic-user-078-session-03,3fd80f7d-ab09-4088-9796-9571a14a7926,Clark Street in Lincoln Park,HOT SPOTS; Neighborhood Organizations,Neighborhood Organizations,2,1,0,f021d1b7-2530-4f66-a737-b696f1b80d0a,https://demo.invalid/places/3fd80f7d-ab09-4088-9796-9571a14a7926,1600,1600
20260709,1783580625000000,2026-07-09T07:03:45+00:00,page_view,detail_view,1.0,synthetic-user-078,synthetic-user-078-session-03,3fd80f7d-ab09-4088-9796-9571a14a7926,Clark Street in Lincoln Park,HOT SPOTS; Neighborhood Organizations,Neighborhood Organizations,2,1,0,f021d1b7-2530-4f66-a737-b696f1b80d0a,https://demo.invalid/places/3fd80f7d-ab09-4088-9796-9571a14a7926,4200,4200
20260709,1783616220000000,2026-07-09T16:57:00+00:00,map-user-action,marker_click,1.5,synthetic-user-006,synthetic-user-006-session-03,d5d24b26-e2cd-41ff-b4e8-eaf891f8b1de,Chicago Style by Katie Lukes,Murals,Murals,1,0,0,,https://demo.invalid/places/d5d24b26-e2cd-41ff-b4e8-eaf891f8b1de,1600,1600
20260709,1783616265000000,2026-07-09T16:57:45+00:00,page_view,detail_view,1.0,synthetic-user-006,synthetic-user-006-session-03,d5d24b26-e2cd-41ff-b4e8-eaf891f8b1de,Chicago Style by Katie Lukes,Murals,Murals,1,0,0,,https://demo.invalid/places/d5d24b26-e2cd-41ff-b4e8-eaf891f8b1de,4200,4200
20260709,1783617300000000,2026-07-09T17:15:00+00:00,map-user-action,marker_click,1.5,synthetic-user-006,synthetic-user-006-session-03,efb07b22-0160-4528-81b6-9a474fce0e54,Oprah Winfrey Mural,Murals,Murals,1,0,0,d5d24b26-e2cd-41ff-b4e8-eaf891f8b1de,https://demo.invalid/places/efb07b22-0160-4528-81b6-9a474fce0e54,1600,1600
20260709,1783617345000000,2026-07-09T17:15:45+00:00,page_view,detail_view,1.0,synthetic-user-006,synthetic-user-006-session-03,efb07b22-0160-4528-81b6-9a474fce0e54,Oprah Winfrey Mural,Murals,Murals,1,0,0,d5d24b26-e2cd-41ff-b4e8-eaf891f8b1de,https://demo.invalid/places/efb07b22-0160-4528-81b6-9a474fce0e54,4200,4200
20260709,1783618380000000,2026-07-09T17:33:00+00:00,map-user-action,marker_click,1.5,synthetic-user-006,synthetic-user-006-session-03,5e91b706-eae2-4e5e-8ae3-085bc517de57,Flyover Chicago,Attractions; HOT SPOTS,Attractions,2,1,0,efb07b22-0160-4528-81b6-9a474fce0e54,https://demo.invalid/places/5e91b706-eae2-4e5e-8ae3-085bc517de57,1600,1600
20260709,1783618425000000,2026-07-09T17:33:45+00:00,page_view,detail_view,1.0,synthetic-user-006,synthetic-user-006-session-03,5e91b706-eae2-4e5e-8ae3-085bc517de57,Flyover Chicago,Attractions; HOT SPOTS,Attractions,2,1,0,efb07b22-0160-4528-81b6-9a474fce0e54,https://demo.invalid/places/5e91b706-eae2-4e5e-8ae3-085bc517de57,4200,4200
20260709,1783619460000000,2026-07-09T17:51:00+00:00,map-user-action,marker_click,1.5,synthetic-user-006,synthetic-user-006-session-03,8e8e448e-fe9d-43ff-8550-f301f9b79dad,Courtyard by Marriott,Hotels,Hotels,1,0,0,5e91b706-eae2-4e5e-8ae3-085bc517de57,https://demo.invalid/places/8e8e448e-fe9d-43ff-8550-f301f9b79dad,1600,1600
20260709,1783619505000000,2026-07-09T17:51:45+00:00,page_view,detail_view,1.0,synthetic-user-006,synthetic-user-006-session-03,8e8e448e-fe9d-43ff-8550-f301f9b79dad,Courtyard by Marriott,Hotels,Hotels,1,0,0,5e91b706-eae2-4e5e-8ae3-085bc517de57,https://demo.invalid/places/8e8e448e-fe9d-43ff-8550-f301f9b79dad,4200,4200
20260709,1783621680000000,2026-07-09T18:28:00+00:00,map-user-action,marker_click,1.5,synthetic-user-021,synthetic-user-021-session-01,3fd80f7d-ab09-4088-9796-9571a14a7926,Clark Street in Lincoln Park,HOT SPOTS; Neighborhood Organizations,Neighborhood Organizations,2,1,0,,https://demo.invalid/places/3fd80f7d-ab09-4088-9796-9571a14a7926,1600,1600
20260709,1783621725000000,2026-07-09T18:28:45+00:00,page_view,detail_view,1.0,synthetic-user-021,synthetic-user-021-session-01,3fd80f7d-ab09-4088-9796-9571a14a7926,Clark Street in Lincoln Park,HOT SPOTS; Neighborhood Organizations,Neighborhood Organizations,2,1,0,,https://demo.invalid/places/3fd80f7d-ab09-4088-9796-9571a14a7926,4200,4200
20260709,1783622760000000,2026-07-09T18:46:00+00:00,map-user-action,marker_click,1.5,synthetic-user-021,synthetic-user-021-session-01,3b97f91d-0aae-4060-a574-04bcb09f5357,CIBC Theatre,Theaters and Music Venues,Theaters and Music Venues,1,0,0,3fd80f7d-ab09-4088-9796-9571a14a7926,https://demo.invalid/places/3b97f91d-0aae-4060-a574-04bcb09f5357,1600,1600
20260709,1783622805000000,2026-07-09T18:46:45+00:00,page_view,detail_view,1.0,synthetic-user-021,synthetic-user-021-session-01,3b97f91d-0aae-4060-a574-04bcb09f5357,CIBC Theatre,Theaters and Music Venues,Theaters and Music Venues,1,0,0,3fd80f7d-ab09-4088-9796-9571a14a7926,https://demo.invalid/places/3b97f91d-0aae-4060-a574-04bcb09f5357,4200,4200
20260709,1783623840000000,2026-07-09T19:04:00+00:00,map-user-action,marker_click,1.5,synthetic-user-021,synthetic-user-021-session-01,6cf9b47c-e237-456a-876d-8ba9028bf56e,Chicago's North Shore,HOT SPOTS; Neighborhood Organizations,Neighborhood Organizations,2,1,0,3b97f91d-0aae-4060-a574-04bcb09f5357,https://demo.invalid/places/6cf9b47c-e237-456a-876d-8ba9028bf56e,1600,1600
20260709,1783623885000000,2026-07-09T19:04:45+00:00,page_view,detail_view,1.0,synthetic-user-021,synthetic-user-021-session-01,6cf9b47c-e237-456a-876d-8ba9028bf56e,Chicago's North Shore,HOT SPOTS; Neighborhood Organizations,Neighborhood Organizations,2,1,0,3b97f91d-0aae-4060-a574-04bcb09f5357,https://demo.invalid/places/6cf9b47c-e237-456a-876d-8ba9028bf56e,4200,4200
20260709,1783624920000000,2026-07-09T19:22:00+00:00,map-user-action,marker_click,1.5,synthetic-user-021,synthetic-user-021-session-01,100cd1d6-0af9-497a-a070-063645f6304a,AC,Hotels,Hotels,1,0,0,6cf9b47c-e237-456a-876d-8ba9028bf56e,https://demo.invalid/places/100cd1d6-0af9-497a-a070-063645f6304a,1600,1600
20260709,1783624965000000,2026-07-09T19:22:45+00:00,page_view,detail_view,1.0,synthetic-user-021,synthetic-user-021-session-01,100cd1d6-0af9-497a-a070-063645f6304a,AC,Hotels,Hotels,1,0,0,6cf9b47c-e237-456a-876d-8ba9028bf56e,https://demo.invalid/places/100cd1d6-0af9-497a-a070-063645f6304a,4200,4200
20260709,1783629180000000,2026-07-09T20:33:00+00:00,map-user-action,marker_click,1.5,synthetic-user-029,synthetic-user-029-session-02,58c6c442-eff7-40e3-ab21-589ecb0319c9,Fogo de Chao,Restaurants,Restaurants,1,0,0,,https://demo.invalid/places/58c6c442-eff7-40e3-ab21-589ecb0319c9,1600,1600
20260709,1783629225000000,2026-07-09T20:33:45+00:00,page_view,detail_view,1.0,synthetic-user-029,synthetic-user-029-session-02,58c6c442-eff7-40e3-ab21-589ecb0319c9,Fogo de Chao,Restaurants,Restaurants,1,0,0,,https://demo.invalid/places/58c6c442-eff7-40e3-ab21-589ecb0319c9,4200,4200
20260709,1783630260000000,2026-07-09T20:51:00+00:00,map-user-action,marker_click,1.5,synthetic-user-029,synthetic-user-029-session-02,f9d8de83-a6ab-46c0-ada9-69975c670ef9,Big Bus Tours Stop 11: River North,Big Bus Tours Stops,Big Bus Tours Stops,1,0,0,58c6c442-eff7-40e3-ab21-589ecb0319c9,https://demo.invalid/places/f9d8de83-a6ab-46c0-ada9-69975c670ef9,1600,1600
20260709,1783630305000000,2026-07-09T20:51:45+00:00,page_view,detail_view,1.0,synthetic-user-029,synthetic-user-029-session-02,f9d8de83-a6ab-46c0-ada9-69975c670ef9,Big Bus Tours Stop 11: River North,Big Bus Tours Stops,Big Bus Tours Stops,1,0,0,58c6c442-eff7-40e3-ab21-589ecb0319c9,https://demo.invalid/places/f9d8de83-a6ab-46c0-ada9-69975c670ef9,4200,4200
20260709,1783631340000000,2026-07-09T21:09:00+00:00,map-user-action,marker_click,1.5,synthetic-user-029,synthetic-user-029-session-02,9535776b-f785-4ea4-8376-0f7597db114e,Chicago Shakespeare Theater,Theaters and Music Venues,Theaters and Music Venues,1,0,0,f9d8de83-a6ab-46c0-ada9-69975c670ef9,https://demo.invalid/places/9535776b-f785-4ea4-8376-0f7597db114e,1600,1600
20260709,1783631385000000,2026-07-09T21:09:45+00:00,page_view,detail_view,1.0,synthetic-user-029,synthetic-user-029-session-02,9535776b-f785-4ea4-8376-0f7597db114e,Chicago Shakespeare Theater,Theaters and Music Venues,Theaters and Music Venues,1,0,0,f9d8de83-a6ab-46c0-ada9-69975c670ef9,https://demo.invalid/places/9535776b-f785-4ea4-8376-0f7597db114e,4200,4200
20260709,1783632420000000,2026-07-09T21:27:00+00:00,map-user-action,marker_click,1.5,synthetic-user-029,synthetic-user-029-session-02,b704aaa2-37b1-4615-8a6c-e5478ff2948b,Big Bus Tours Stop 5: Adler Planetarium,Big Bus Tours Stops,Big Bus Tours Stops,1,0,0,9535776b-f785-4ea4-8376-0f7597db114e,https://demo.invalid/places/b704aaa2-37b1-4615-8a6c-e5478ff2948b,1600,1600
20260709,1783632465000000,2026-07-09T21:27:45+00:00,page_view,detail_view,1.0,synthetic-user-029,synthetic-user-029-session-02,b704aaa2-37b1-4615-8a6c-e5478ff2948b,Big Bus Tours Stop 5: Adler Planetarium,Big Bus Tours Stops,Big Bus Tours Stops,1,0,0,9535776b-f785-4ea4-8376-0f7597db114e,https://demo.invalid/places/b704aaa2-37b1-4615-8a6c-e5478ff2948b,4200,4200
20260709,1783636680000000,2026-07-09T22:38:00+00:00,map-user-action,marker_click,1.5,synthetic-user-037,synthetic-user-037-session-03,688d2d72-32ae-4cea-adb9-6e02cd0fd2e8,Apple Store,Shops,Shops,1,0,0,,https://demo.invalid/places/688d2d72-32ae-4cea-adb9-6e02cd0fd2e8,1600,1600
20260709,1783636725000000,2026-07-09T22:38:45+00:00,page_view,detail_view,1.0,synthetic-user-037,synthetic-user-037-session-03,688d2d72-32ae-4cea-adb9-6e02cd0fd2e8,Apple Store,Shops,Shops,1,0,0,,https://demo.invalid/places/688d2d72-32ae-4cea-adb9-6e02cd0fd2e8,4200,4200
20260709,1783637760000000,2026-07-09T22:56:00+00:00,map-user-action,marker_click,1.5,synthetic-user-037,synthetic-user-037-session-03,61bfc9ff-2746-4485-977a-c1b6b1d66a92,Garrett Popcorn Shops,HOT SPOTS; Shops,Shops,2,1,0,688d2d72-32ae-4cea-adb9-6e02cd0fd2e8,https://demo.invalid/places/61bfc9ff-2746-4485-977a-c1b6b1d66a92,1600,1600
20260709,1783637805000000,2026-07-09T22:56:45+00:00,page_view,detail_view,1.0,synthetic-user-037,synthetic-user-037-session-03,61bfc9ff-2746-4485-977a-c1b6b1d66a92,Garrett Popcorn Shops,HOT SPOTS; Shops,Shops,2,1,0,688d2d72-32ae-4cea-adb9-6e02cd0fd2e8,https://demo.invalid/places/61bfc9ff-2746-4485-977a-c1b6b1d66a92,4200,4200
20260709,1783638840000000,2026-07-09T23:14:00+00:00,map-user-action,marker_click,1.5,synthetic-user-037,synthetic-user-037-session-03,93c68218-7af9-4718-83e9-186def3d0026,The Shops at North Bridge,Shops,Shops,1,0,0,61bfc9ff-2746-4485-977a-c1b6b1d66a92,https://demo.invalid/places/93c68218-7af9-4718-83e9-186def3d0026,1600,1600
20260709,1783638885000000,2026-07-09T23:14:45+00:00,page_view,detail_view,1.0,synthetic-user-037,synthetic-user-037-session-03,93c68218-7af9-4718-83e9-186def3d0026,The Shops at North Bridge,Shops,Shops,1,0,0,61bfc9ff-2746-4485-977a-c1b6b1d66a92,https://demo.invalid/places/93c68218-7af9-4718-83e9-186def3d0026,4200,4200
20260709,1783639920000000,2026-07-09T23:32:00+00:00,map-user-action,marker_click,1.5,synthetic-user-037,synthetic-user-037-session-03,01bf94e7-d01f-451c-b5cc-7fa0ef1ee9d3,Target,Shops,Shops,1,0,0,93c68218-7af9-4718-83e9-186def3d0026,https://demo.invalid/places/01bf94e7-d01f-451c-b5cc-7fa0ef1ee9d3,1600,1600
20260709,1783639965000000,2026-07-09T23:32:45+00:00,page_view,detail_view,1.0,synthetic-user-037,synthetic-user-037-session-03,01bf94e7-d01f-451c-b5cc-7fa0ef1ee9d3,Target,Shops,Shops,1,0,0,93c68218-7af9-4718-83e9-186def3d0026,https://demo.invalid/places/01bf94e7-d01f-451c-b5cc-7fa0ef1ee9d3,4200,4200
20260710,1783642140000000,2026-07-10T00:09:00+00:00,map-user-action,marker_click,1.5,synthetic-user-052,synthetic-user-052-session-01,7f27b473-2df0-4bfa-a7f5-f41117322754,Huntington Bank Pavilion,Theaters and Music Venues,Theaters and Music Venues,1,0,0,,https://demo.invalid/places/7f27b473-2df0-4bfa-a7f5-f41117322754,1600,1600
20260710,1783642185000000,2026-07-10T00:09:45+00:00,page_view,detail_view,1.0,synthetic-user-052,synthetic-user-052-session-01,7f27b473-2df0-4bfa-a7f5-f41117322754,Huntington Bank Pavilion,Theaters and Music Venues,Theaters and Music Venues,1,0,0,,https://demo.invalid/places/7f27b473-2df0-4bfa-a7f5-f41117322754,4200,4200
20260710,1783643220000000,2026-07-10T00:27:00+00:00,map-user-action,marker_click,1.5,synthetic-user-052,synthetic-user-052-session-01,f021d1b7-2530-4f66-a737-b696f1b80d0a,Auditorium Theatre,Theaters and Music Venues,Theaters and Music Venues,1,0,0,7f27b473-2df0-4bfa-a7f5-f41117322754,https://demo.invalid/places/f021d1b7-2530-4f66-a737-b696f1b80d0a,1600,1600
20260710,1783643265000000,2026-07-10T00:27:45+00:00,page_view,detail_view,1.0,synthetic-user-052,synthetic-user-052-session-01,f021d1b7-2530-4f66-a737-b696f1b80d0a,Auditorium Theatre,Theaters and Music Venues,Theaters and Music Venues,1,0,0,7f27b473-2df0-4bfa-a7f5-f41117322754,https://demo.invalid/places/f021d1b7-2530-4f66-a737-b696f1b80d0a,4200,4200
20260710,1783644300000000,2026-07-10T00:45:00+00:00,map-user-action,marker_click,1.5,synthetic-user-052,synthetic-user-052-session-01,c4e08b74-58c4-45cf-86e1-d17a3a3c5ea6,Harris Theater,Theaters and Music Venues,Theaters and Music Venues,1,0,0,f021d1b7-2530-4f66-a737-b696f1b80d0a,https://demo.invalid/places/c4e08b74-58c4-45cf-86e1-d17a3a3c5ea6,1600,1600
20260710,1783644345000000,2026-07-10T00:45:45+00:00,page_view,detail_view,1.0,synthetic-user-052,synthetic-user-052-session-01,c4e08b74-58c4-45cf-86e1-d17a3a3c5ea6,Harris Theater,Theaters and Music Venues,Theaters and Music Venues,1,0,0,f021d1b7-2530-4f66-a737-b696f1b80d0a,https://demo.invalid/places/c4e08b74-58c4-45cf-86e1-d17a3a3c5ea6,4200,4200
20260710,1783645380000000,2026-07-10T01:03:00+00:00,map-user-action,marker_click,1.5,synthetic-user-052,synthetic-user-052-session-01,ff40b238-44f5-4584-97b5-7ed9b05f840a,Broadway Playhouse,Theaters and Music Venues,Theaters and Music Venues,1,0,0,c4e08b74-58c4-45cf-86e1-d17a3a3c5ea6,https://demo.invalid/places/ff40b238-44f5-4584-97b5-7ed9b05f840a,1600,1600
20260710,1783645425000000,2026-07-10T01:03:45+00:00,page_view,detail_view,1.0,synthetic-user-052,synthetic-user-052-session-01,ff40b238-44f5-4584-97b5-7ed9b05f840a,Broadway Playhouse,Theaters and Music Venues,Theaters and Music Venues,1,0,0,c4e08b74-58c4-45cf-86e1-d17a3a3c5ea6,https://demo.invalid/places/ff40b238-44f5-4584-97b5-7ed9b05f840a,4200,4200
20260710,1783649640000000,2026-07-10T02:14:00+00:00,map-user-action,marker_click,1.5,synthetic-user-060,synthetic-user-060-session-02,3b8694ae-ef47-42dc-844d-f21f321a33af,Big Bus Tours Stop 6: Museum Campus,Big Bus Tours Stops,Big Bus Tours Stops,1,0,0,,https://demo.invalid/places/3b8694ae-ef47-42dc-844d-f21f321a33af,1600,1600
20260710,1783649685000000,2026-07-10T02:14:45+00:00,page_view,detail_view,1.0,synthetic-user-060,synthetic-user-060-session-02,3b8694ae-ef47-42dc-844d-f21f321a33af,Big Bus Tours Stop 6: Museum Campus,Big Bus Tours Stops,Big Bus Tours Stops,1,0,0,,https://demo.invalid/places/3b8694ae-ef47-42dc-844d-f21f321a33af,4200,4200
20260710,1783650720000000,2026-07-10T02:32:00+00:00,map-user-action,marker_click,1.5,synthetic-user-060,synthetic-user-060-session-02,b704aaa2-37b1-4615-8a6c-e5478ff2948b,Big Bus Tours Stop 5: Adler Planetarium,Big Bus Tours Stops,Big Bus Tours Stops,1,0,0,3b8694ae-ef47-42dc-844d-f21f321a33af,https://demo.invalid/places/b704aaa2-37b1-4615-8a6c-e5478ff2948b,1600,1600
20260710,1783650765000000,2026-07-10T02:32:45+00:00,page_view,detail_view,1.0,synthetic-user-060,synthetic-user-060-session-02,b704aaa2-37b1-4615-8a6c-e5478ff2948b,Big Bus Tours Stop 5: Adler Planetarium,Big Bus Tours Stops,Big Bus Tours Stops,1,0,0,3b8694ae-ef47-42dc-844d-f21f321a33af,https://demo.invalid/places/b704aaa2-37b1-4615-8a6c-e5478ff2948b,4200,4200
20260710,1783651800000000,2026-07-10T02:50:00+00:00,map-user-action,marker_click,1.5,synthetic-user-060,synthetic-user-060-session-02,a0d0c5ec-074e-4fb4-b112-9caee21d717a,Oak Street District,Neighborhood Organizations; Shops,Neighborhood Organizations,2,0,0,b704aaa2-37b1-4615-8a6c-e5478ff2948b,https://demo.invalid/places/a0d0c5ec-074e-4fb4-b112-9caee21d717a,1600,1600
20260710,1783651845000000,2026-07-10T02:50:45+00:00,page_view,detail_view,1.0,synthetic-user-060,synthetic-user-060-session-02,a0d0c5ec-074e-4fb4-b112-9caee21d717a,Oak Street District,Neighborhood Organizations; Shops,Neighborhood Organizations,2,0,0,b704aaa2-37b1-4615-8a6c-e5478ff2948b,https://demo.invalid/places/a0d0c5ec-074e-4fb4-b112-9caee21d717a,4200,4200
20260710,1783652880000000,2026-07-10T03:08:00+00:00,map-user-action,marker_click,1.5,synthetic-user-060,synthetic-user-060-session-02,3fd80f7d-ab09-4088-9796-9571a14a7926,Clark Street in Lincoln Park,HOT SPOTS; Neighborhood Organizations,Neighborhood Organizations,2,1,0,a0d0c5ec-074e-4fb4-b112-9caee21d717a,https://demo.invalid/places/3fd80f7d-ab09-4088-9796-9571a14a7926,1600,1600
20260710,1783652925000000,2026-07-10T03:08:45+00:00,page_view,detail_view,1.0,synthetic-user-060,synthetic-user-060-session-02,3fd80f7d-ab09-4088-9796-9571a14a7926,Clark Street in Lincoln Park,HOT SPOTS; Neighborhood Organizations,Neighborhood Organizations,2,1,0,a0d0c5ec-074e-4fb4-b112-9caee21d717a,https://demo.invalid/places/3fd80f7d-ab09-4088-9796-9571a14a7926,4200,4200
20260710,1783657140000000,2026-07-10T04:19:00+00:00,map-user-action,marker_click,1.5,synthetic-user-068,synthetic-user-068-session-03,2ce8b4ca-5ee3-46bf-8cc7-f36ab8931d22,Chicago Architecture Center,Attractions; HOT SPOTS,Attractions,2,1,0,,https://demo.invalid/places/2ce8b4ca-5ee3-46bf-8cc7-f36ab8931d22,1600,1600
20260710,1783657185000000,2026-07-10T04:19:45+00:00,page_view,detail_view,1.0,synthetic-user-068,synthetic-user-068-session-03,2ce8b4ca-5ee3-46bf-8cc7-f36ab8931d22,Chicago Architecture Center,Attractions; HOT SPOTS,Attractions,2,1,0,,https://demo.invalid/places/2ce8b4ca-5ee3-46bf-8cc7-f36ab8931d22,4200,4200
20260710,1783658220000000,2026-07-10T04:37:00+00:00,map-user-action,marker_click,1.5,synthetic-user-068,synthetic-user-068-session-03,762fee73-00d8-411a-b65e-1d7c11d6bde2,Hampton Inn,Hotels,Hotels,1,0,0,2ce8b4ca-5ee3-46bf-8cc7-f36ab8931d22,https://demo.invalid/places/762fee73-00d8-411a-b65e-1d7c11d6bde2,1600,1600
20260710,1783658265000000,2026-07-10T04:37:45+00:00,page_view,detail_view,1.0,synthetic-user-068,synthetic-user-068-session-03,762fee73-00d8-411a-b65e-1d7c11d6bde2,Hampton Inn,Hotels,Hotels,1,0,0,2ce8b4ca-5ee3-46bf-8cc7-f36ab8931d22,https://demo.invalid/places/762fee73-00d8-411a-b65e-1d7c11d6bde2,4200,4200
20260710,1783659300000000,2026-07-10T04:55:00+00:00,map-user-action,marker_click,1.5,synthetic-user-068,synthetic-user-068-session-03,383474ac-5960-410c-8c16-3d9efc04790d,Big Bus Tours Stop 7: Sheraton Grand Chicago,Big Bus Tours Stops,Big Bus Tours Stops,1,0,0,762fee73-00d8-411a-b65e-1d7c11d6bde2,https://demo.invalid/places/383474ac-5960-410c-8c16-3d9efc04790d,1600,1600
20260710,1783659345000000,2026-07-10T04:55:45+00:00,page_view,detail_view,1.0,synthetic-user-068,synthetic-user-068-session-03,383474ac-5960-410c-8c16-3d9efc04790d,Big Bus Tours Stop 7: Sheraton Grand Chicago,Big Bus Tours Stops,Big Bus Tours Stops,1,0,0,762fee73-00d8-411a-b65e-1d7c11d6bde2,https://demo.invalid/places/383474ac-5960-410c-8c16-3d9efc04790d,4200,4200
20260710,1783660380000000,2026-07-10T05:13:00+00:00,map-user-action,marker_click,1.5,synthetic-user-068,synthetic-user-068-session-03,0ed825ef-99cd-4b15-8e93-5a0b9b6c65ed,Big Bus Tours Stop 2: Skydeck Chicago & Willis Tower,Big Bus Tours Stops,Big Bus Tours Stops,1,0,0,383474ac-5960-410c-8c16-3d9efc04790d,https://demo.invalid/places/0ed825ef-99cd-4b15-8e93-5a0b9b6c65ed,1600,1600
20260710,1783660425000000,2026-07-10T05:13:45+00:00,page_view,detail_view,1.0,synthetic-user-068,synthetic-user-068-session-03,0ed825ef-99cd-4b15-8e93-5a0b9b6c65ed,Big Bus Tours Stop 2: Skydeck Chicago & Willis Tower,Big Bus Tours Stops,Big Bus Tours Stops,1,0,0,383474ac-5960-410c-8c16-3d9efc04790d,https://demo.invalid/places/0ed825ef-99cd-4b15-8e93-5a0b9b6c65ed,4200,4200
20260710,1783701480000000,2026-07-10T16:38:00+00:00,map-user-action,marker_click,1.5,synthetic-user-011,synthetic-user-011-session-01,04262787-4b85-4d95-a301-c7b3b6068a6d,Garrett Popcorn Shops,HOT SPOTS; Shops,Shops,2,1,0,,https://demo.invalid/places/04262787-4b85-4d95-a301-c7b3b6068a6d,1600,1600
20260710,1783701525000000,2026-07-10T16:38:45+00:00,page_view,detail_view,1.0,synthetic-user-011,synthetic-user-011-session-01,04262787-4b85-4d95-a301-c7b3b6068a6d,Garrett Popcorn Shops,HOT SPOTS; Shops,Shops,2,1,0,,https://demo.invalid/places/04262787-4b85-4d95-a301-c7b3b6068a6d,4200,4200
20260710,1783702560000000,2026-07-10T16:56:00+00:00,map-user-action,marker_click,1.5,synthetic-user-011,synthetic-user-011-session-01,d85af6a8-8d67-4b9a-9bc9-39ac42ea30d9,Primark,Shops,Shops,1,0,0,04262787-4b85-4d95-a301-c7b3b6068a6d,https://demo.invalid/places/d85af6a8-8d67-4b9a-9bc9-39ac42ea30d9,1600,1600
20260710,1783702605000000,2026-07-10T16:56:45+00:00,page_view,detail_view,1.0,synthetic-user-011,synthetic-user-011-session-01,d85af6a8-8d67-4b9a-9bc9-39ac42ea30d9,Primark,Shops,Shops,1,0,0,04262787-4b85-4d95-a301-c7b3b6068a6d,https://demo.invalid/places/d85af6a8-8d67-4b9a-9bc9-39ac42ea30d9,4200,4200
20260710,1783703640000000,2026-07-10T17:14:00+00:00,map-user-action,marker_click,1.5,synthetic-user-011,synthetic-user-011-session-01,9200c01b-a9aa-446f-b67b-ac7b9a743639,Nike,Shops,Shops,1,0,0,d85af6a8-8d67-4b9a-9bc9-39ac42ea30d9,https://demo.invalid/places/9200c01b-a9aa-446f-b67b-ac7b9a743639,1600,1600
20260710,1783703685000000,2026-07-10T17:14:45+00:00,page_view,detail_view,1.0,synthetic-user-011,synthetic-user-011-session-01,9200c01b-a9aa-446f-b67b-ac7b9a743639,Nike,Shops,Shops,1,0,0,d85af6a8-8d67-4b9a-9bc9-39ac42ea30d9,https://demo.invalid/places/9200c01b-a9aa-446f-b67b-ac7b9a743639,4200,4200
20260710,1783704720000000,2026-07-10T17:32:00+00:00,map-user-action,marker_click,1.5,synthetic-user-011,synthetic-user-011-session-01,72384069-0f15-4a7b-9c0a-fb47c2804458,Nordstrom,Shops,Shops,1,0,0,9200c01b-a9aa-446f-b67b-ac7b9a743639,https://demo.invalid/places/72384069-0f15-4a7b-9c0a-fb47c2804458,1600,1600
20260710,1783704765000000,2026-07-10T17:32:45+00:00,page_view,detail_view,1.0,synthetic-user-011,synthetic-user-011-session-01,72384069-0f15-4a7b-9c0a-fb47c2804458,Nordstrom,Shops,Shops,1,0,0,9200c01b-a9aa-446f-b67b-ac7b9a743639,https://demo.invalid/places/72384069-0f15-4a7b-9c0a-fb47c2804458,4200,4200
20260710,1783708980000000,2026-07-10T18:43:00+00:00,map-user-action,marker_click,1.5,synthetic-user-019,synthetic-user-019-session-02,3a867f33-9c48-45e8-acb7-a5c95102a32a,Muddy Waters,Murals,Murals,1,0,0,,https://demo.invalid/places/3a867f33-9c48-45e8-acb7-a5c95102a32a,1600,1600
20260710,1783709025000000,2026-07-10T18:43:45+00:00,page_view,detail_view,1.0,synthetic-user-019,synthetic-user-019-session-02,3a867f33-9c48-45e8-acb7-a5c95102a32a,Muddy Waters,Murals,Murals,1,0,0,,https://demo.invalid/places/3a867f33-9c48-45e8-acb7-a5c95102a32a,4200,4200
20260710,1783710060000000,2026-07-10T19:01:00+00:00,map-user-action,marker_click,1.5,synthetic-user-019,synthetic-user-019-session-02,94382a2a-4917-44d0-ab63-ce6237df694d,Hampton Inn & Suites Chicago Medical District UIC,Hotels,Hotels,1,0,0,3a867f33-9c48-45e8-acb7-a5c95102a32a,https://demo.invalid/places/94382a2a-4917-44d0-ab63-ce6237df694d,1600,1600
20260710,1783710105000000,2026-07-10T19:01:45+00:00,page_view,detail_view,1.0,synthetic-user-019,synthetic-user-019-session-02,94382a2a-4917-44d0-ab63-ce6237df694d,Hampton Inn & Suites Chicago Medical District UIC,Hotels,Hotels,1,0,0,3a867f33-9c48-45e8-acb7-a5c95102a32a,https://demo.invalid/places/94382a2a-4917-44d0-ab63-ce6237df694d,4200,4200
20260710,1783711140000000,2026-07-10T19:19:00+00:00,map-user-action,marker_click,1.5,synthetic-user-019,synthetic-user-019-session-02,d5d24b26-e2cd-41ff-b4e8-eaf891f8b1de,Chicago Style by Katie Lukes,Murals,Murals,1,0,0,94382a2a-4917-44d0-ab63-ce6237df694d,https://demo.invalid/places/d5d24b26-e2cd-41ff-b4e8-eaf891f8b1de,1600,1600
20260710,1783711185000000,2026-07-10T19:19:45+00:00,page_view,detail_view,1.0,synthetic-user-019,synthetic-user-019-session-02,d5d24b26-e2cd-41ff-b4e8-eaf891f8b1de,Chicago Style by Katie Lukes,Murals,Murals,1,0,0,94382a2a-4917-44d0-ab63-ce6237df694d,https://demo.invalid/places/d5d24b26-e2cd-41ff-b4e8-eaf891f8b1de,4200,4200
20260710,1783712220000000,2026-07-10T19:37:00+00:00,map-user-action,marker_click,1.5,synthetic-user-019,synthetic-user-019-session-02,3b8694ae-ef47-42dc-844d-f21f321a33af,Big Bus Tours Stop 6: Museum Campus,Big Bus Tours Stops,Big Bus Tours Stops,1,0,0,d5d24b26-e2cd-41ff-b4e8-eaf891f8b1de,https://demo.invalid/places/3b8694ae-ef47-42dc-844d-f21f321a33af,1600,1600
20260710,1783712265000000,2026-07-10T19:37:45+00:00,page_view,detail_view,1.0,synthetic-user-019,synthetic-user-019-session-02,3b8694ae-ef47-42dc-844d-f21f321a33af,Big Bus Tours Stop 6: Museum Campus,Big Bus Tours Stops,Big Bus Tours Stops,1,0,0,d5d24b26-e2cd-41ff-b4e8-eaf891f8b1de,https://demo.invalid/places/3b8694ae-ef47-42dc-844d-f21f321a33af,4200,4200
20260710,1783716480000000,2026-07-10T20:48:00+00:00,map-user-action,marker_click,1.5,synthetic-user-027,synthetic-user-027-session-03,aeadae4f-b1b3-4289-9df6-c69aaea8c819,Chicago's North Shore,Attractions,Attractions,1,0,0,,https://demo.invalid/places/aeadae4f-b1b3-4289-9df6-c69aaea8c819,1600,1600
20260710,1783716525000000,2026-07-10T20:48:45+00:00,page_view,detail_view,1.0,synthetic-user-027,synthetic-user-027-session-03,aeadae4f-b1b3-4289-9df6-c69aaea8c819,Chicago's North Shore,Attractions,Attractions,1,0,0,,https://demo.invalid/places/aeadae4f-b1b3-4289-9df6-c69aaea8c819,4200,4200
20260710,1783717560000000,2026-07-10T21:06:00+00:00,map-user-action,marker_click,1.5,synthetic-user-027,synthetic-user-027-session-03,e30a5d78-46be-4314-bf01-702c19b01610,Haymarket Memorial,Attractions,Attractions,1,0,0,aeadae4f-b1b3-4289-9df6-c69aaea8c819,https://demo.invalid/places/e30a5d78-46be-4314-bf01-702c19b01610,1600,1600
20260710,1783717605000000,2026-07-10T21:06:45+00:00,page_view,detail_view,1.0,synthetic-user-027,synthetic-user-027-session-03,e30a5d78-46be-4314-bf01-702c19b01610,Haymarket Memorial,Attractions,Attractions,1,0,0,aeadae4f-b1b3-4289-9df6-c69aaea8c819,https://demo.invalid/places/e30a5d78-46be-4314-bf01-702c19b01610,4200,4200
20260710,1783718640000000,2026-07-10T21:24:00+00:00,map-user-action,marker_click,1.5,synthetic-user-027,synthetic-user-027-session-03,5bb072e4-f584-4060-9ea3-a298c4484596,Field Museum of Natural History,Attractions; Museums,Attractions,2,0,0,e30a5d78-46be-4314-bf01-702c19b01610,https://demo.invalid/places/5bb072e4-f584-4060-9ea3-a298c4484596,1600,1600
20260710,1783718685000000,2026-07-10T21:24:45+00:00,page_view,detail_view,1.0,synthetic-user-027,synthetic-user-027-session-03,5bb072e4-f584-4060-9ea3-a298c4484596,Field Museum of Natural History,Attractions; Museums,Attractions,2,0,0,e30a5d78-46be-4314-bf01-702c19b01610,https://demo.invalid/places/5bb072e4-f584-4060-9ea3-a298c4484596,4200,4200
20260710,1783719720000000,2026-07-10T21:42:00+00:00,map-user-action,marker_click,1.5,synthetic-user-027,synthetic-user-027-session-03,5e91b706-eae2-4e5e-8ae3-085bc517de57,Flyover Chicago,Attractions; HOT SPOTS,Attractions,2,1,0,5bb072e4-f584-4060-9ea3-a298c4484596,https://demo.invalid/places/5e91b706-eae2-4e5e-8ae3-085bc517de57,1600,1600
20260710,1783719765000000,2026-07-10T21:42:45+00:00,page_view,detail_view,1.0,synthetic-user-027,synthetic-user-027-session-03,5e91b706-eae2-4e5e-8ae3-085bc517de57,Flyover Chicago,Attractions; HOT SPOTS,Attractions,2,1,0,5bb072e4-f584-4060-9ea3-a298c4484596,https://demo.invalid/places/5e91b706-eae2-4e5e-8ae3-085bc517de57,4200,4200
20260710,1783721940000000,2026-07-10T22:19:00+00:00,map-user-action,marker_click,1.5,synthetic-user-042,synthetic-user-042-session-01,b704aaa2-37b1-4615-8a6c-e5478ff2948b,Big Bus Tours Stop 5: Adler Planetarium,Big Bus Tours Stops,Big Bus Tours Stops,1,0,0,,https://demo.invalid/places/b704aaa2-37b1-4615-8a6c-e5478ff2948b,1600,1600
20260710,1783721985000000,2026-07-10T22:19:45+00:00,page_view,detail_view,1.0,synthetic-user-042,synthetic-user-042-session-01,b704aaa2-37b1-4615-8a6c-e5478ff2948b,Big Bus Tours Stop 5: Adler Planetarium,Big Bus Tours Stops,Big Bus Tours Stops,1,0,0,,https://demo.invalid/places/b704aaa2-37b1-4615-8a6c-e5478ff2948b,4200,4200
20260710,1783723020000000,2026-07-10T22:37:00+00:00,map-user-action,marker_click,1.5,synthetic-user-042,synthetic-user-042-session-01,2f7682d4-6dfc-457e-9576-bf0b48776dc4,21c Museum Hotel,Hotels,Hotels,1,0,0,b704aaa2-37b1-4615-8a6c-e5478ff2948b,https://demo.invalid/places/2f7682d4-6dfc-457e-9576-bf0b48776dc4,1600,1600
20260710,1783723065000000,2026-07-10T22:37:45+00:00,page_view,detail_view,1.0,synthetic-user-042,synthetic-user-042-session-01,2f7682d4-6dfc-457e-9576-bf0b48776dc4,21c Museum Hotel,Hotels,Hotels,1,0,0,b704aaa2-37b1-4615-8a6c-e5478ff2948b,https://demo.invalid/places/2f7682d4-6dfc-457e-9576-bf0b48776dc4,4200,4200
20260710,1783724100000000,2026-07-10T22:55:00+00:00,map-user-action,marker_click,1.5,synthetic-user-042,synthetic-user-042-session-01,122a12f9-cf54-4983-9787-64633fc79b15,Big Bus Tours Stop 4: Hilton Chicago & Grant Park,Big Bus Tours Stops,Big Bus Tours Stops,1,0,0,2f7682d4-6dfc-457e-9576-bf0b48776dc4,https://demo.invalid/places/122a12f9-cf54-4983-9787-64633fc79b15,1600,1600
20260710,1783724145000000,2026-07-10T22:55:45+00:00,page_view,detail_view,1.0,synthetic-user-042,synthetic-user-042-session-01,122a12f9-cf54-4983-9787-64633fc79b15,Big Bus Tours Stop 4: Hilton Chicago & Grant Park,Big Bus Tours Stops,Big Bus Tours Stops,1,0,0,2f7682d4-6dfc-457e-9576-bf0b48776dc4,https://demo.invalid/places/122a12f9-cf54-4983-9787-64633fc79b15,4200,4200
20260710,1783725180000000,2026-07-10T23:13:00+00:00,map-user-action,marker_click,1.5,synthetic-user-042,synthetic-user-042-session-01,f9d8de83-a6ab-46c0-ada9-69975c670ef9,Big Bus Tours Stop 11: River North,Big Bus Tours Stops,Big Bus Tours Stops,1,0,0,122a12f9-cf54-4983-9787-64633fc79b15,https://demo.invalid/places/f9d8de83-a6ab-46c0-ada9-69975c670ef9,1600,1600
20260710,1783725225000000,2026-07-10T23:13:45+00:00,page_view,detail_view,1.0,synthetic-user-042,synthetic-user-042-session-01,f9d8de83-a6ab-46c0-ada9-69975c670ef9,Big Bus Tours Stop 11: River North,Big Bus Tours Stops,Big Bus Tours Stops,1,0,0,122a12f9-cf54-4983-9787-64633fc79b15,https://demo.invalid/places/f9d8de83-a6ab-46c0-ada9-69975c670ef9,4200,4200
20260711,1783729440000000,2026-07-11T00:24:00+00:00,map-user-action,marker_click,1.5,synthetic-user-050,synthetic-user-050-session-02,083c9dad-5d4b-4b3c-8802-d601dd515dad,Garrett Popcorn Shops,HOT SPOTS; Shops,Shops,2,1,0,,https://demo.invalid/places/083c9dad-5d4b-4b3c-8802-d601dd515dad,1600,1600
20260711,1783729485000000,2026-07-11T00:24:45+00:00,page_view,detail_view,1.0,synthetic-user-050,synthetic-user-050-session-02,083c9dad-5d4b-4b3c-8802-d601dd515dad,Garrett Popcorn Shops,HOT SPOTS; Shops,Shops,2,1,0,,https://demo.invalid/places/083c9dad-5d4b-4b3c-8802-d601dd515dad,4200,4200
20260711,1783730520000000,2026-07-11T00:42:00+00:00,map-user-action,marker_click,1.5,synthetic-user-050,synthetic-user-050-session-02,01bf94e7-d01f-451c-b5cc-7fa0ef1ee9d3,Target,Shops,Shops,1,0,0,083c9dad-5d4b-4b3c-8802-d601dd515dad,https://demo.invalid/places/01bf94e7-d01f-451c-b5cc-7fa0ef1ee9d3,1600,1600
20260711,1783730565000000,2026-07-11T00:42:45+00:00,page_view,detail_view,1.0,synthetic-user-050,synthetic-user-050-session-02,01bf94e7-d01f-451c-b5cc-7fa0ef1ee9d3,Target,Shops,Shops,1,0,0,083c9dad-5d4b-4b3c-8802-d601dd515dad,https://demo.invalid/places/01bf94e7-d01f-451c-b5cc-7fa0ef1ee9d3,4200,4200
20260711,1783731600000000,2026-07-11T01:00:00+00:00,map-user-action,marker_click,1.5,synthetic-user-050,synthetic-user-050-session-02,d85af6a8-8d67-4b9a-9bc9-39ac42ea30d9,Primark,Shops,Shops,1,0,0,01bf94e7-d01f-451c-b5cc-7fa0ef1ee9d3,https://demo.invalid/places/d85af6a8-8d67-4b9a-9bc9-39ac42ea30d9,1600,1600
20260711,1783731645000000,2026-07-11T01:00:45+00:00,page_view,detail_view,1.0,synthetic-user-050,synthetic-user-050-session-02,d85af6a8-8d67-4b9a-9bc9-39ac42ea30d9,Primark,Shops,Shops,1,0,0,01bf94e7-d01f-451c-b5cc-7fa0ef1ee9d3,https://demo.invalid/places/d85af6a8-8d67-4b9a-9bc9-39ac42ea30d9,4200,4200
20260711,1783732680000000,2026-07-11T01:18:00+00:00,map-user-action,marker_click,1.5,synthetic-user-050,synthetic-user-050-session-02,a3cfdda6-ce51-4d35-83f3-ac6dd89485a9,Bloomingdale's,Shops,Shops,1,0,0,d85af6a8-8d67-4b9a-9bc9-39ac42ea30d9,https://demo.invalid/places/a3cfdda6-ce51-4d35-83f3-ac6dd89485a9,1600,1600
20260711,1783732725000000,2026-07-11T01:18:45+00:00,page_view,detail_view,1.0,synthetic-user-050,synthetic-user-050-session-02,a3cfdda6-ce51-4d35-83f3-ac6dd89485a9,Bloomingdale's,Shops,Shops,1,0,0,d85af6a8-8d67-4b9a-9bc9-39ac42ea30d9,https://demo.invalid/places/a3cfdda6-ce51-4d35-83f3-ac6dd89485a9,4200,4200
20260711,1783736940000000,2026-07-11T02:29:00+00:00,map-user-action,marker_click,1.5,synthetic-user-058,synthetic-user-058-session-03,93bbbf41-6a56-4d8d-a9e4-188e947d9d02,EMC2,Hotels,Hotels,1,0,0,,https://demo.invalid/places/93bbbf41-6a56-4d8d-a9e4-188e947d9d02,1600,1600
20260711,1783736985000000,2026-07-11T02:29:45+00:00,page_view,detail_view,1.0,synthetic-user-058,synthetic-user-058-session-03,93bbbf41-6a56-4d8d-a9e4-188e947d9d02,EMC2,Hotels,Hotels,1,0,0,,https://demo.invalid/places/93bbbf41-6a56-4d8d-a9e4-188e947d9d02,4200,4200
20260711,1783738020000000,2026-07-11T02:47:00+00:00,map-user-action,marker_click,1.5,synthetic-user-058,synthetic-user-058-session-03,5bb072e4-f584-4060-9ea3-a298c4484596,Field Museum of Natural History,Attractions; Museums,Attractions,2,0,0,93bbbf41-6a56-4d8d-a9e4-188e947d9d02,https://demo.invalid/places/5bb072e4-f584-4060-9ea3-a298c4484596,1600,1600
20260711,1783738065000000,2026-07-11T02:47:45+00:00,page_view,detail_view,1.0,synthetic-user-058,synthetic-user-058-session-03,5bb072e4-f584-4060-9ea3-a298c4484596,Field Museum of Natural History,Attractions; Museums,Attractions,2,0,0,93bbbf41-6a56-4d8d-a9e4-188e947d9d02,https://demo.invalid/places/5bb072e4-f584-4060-9ea3-a298c4484596,4200,4200
20260711,1783739100000000,2026-07-11T03:05:00+00:00,map-user-action,marker_click,1.5,synthetic-user-058,synthetic-user-058-session-03,3a867f33-9c48-45e8-acb7-a5c95102a32a,Muddy Waters,Murals,Murals,1,0,0,5bb072e4-f584-4060-9ea3-a298c4484596,https://demo.invalid/places/3a867f33-9c48-45e8-acb7-a5c95102a32a,1600,1600
20260711,1783739145000000,2026-07-11T03:05:45+00:00,page_view,detail_view,1.0,synthetic-user-058,synthetic-user-058-session-03,3a867f33-9c48-45e8-acb7-a5c95102a32a,Muddy Waters,Murals,Murals,1,0,0,5bb072e4-f584-4060-9ea3-a298c4484596,https://demo.invalid/places/3a867f33-9c48-45e8-acb7-a5c95102a32a,4200,4200
20260711,1783740180000000,2026-07-11T03:23:00+00:00,map-user-action,marker_click,1.5,synthetic-user-058,synthetic-user-058-session-03,d5d24b26-e2cd-41ff-b4e8-eaf891f8b1de,Chicago Style by Katie Lukes,Murals,Murals,1,0,0,3a867f33-9c48-45e8-acb7-a5c95102a32a,https://demo.invalid/places/d5d24b26-e2cd-41ff-b4e8-eaf891f8b1de,1600,1600
20260711,1783740225000000,2026-07-11T03:23:45+00:00,page_view,detail_view,1.0,synthetic-user-058,synthetic-user-058-session-03,d5d24b26-e2cd-41ff-b4e8-eaf891f8b1de,Chicago Style by Katie Lukes,Murals,Murals,1,0,0,3a867f33-9c48-45e8-acb7-a5c95102a32a,https://demo.invalid/places/d5d24b26-e2cd-41ff-b4e8-eaf891f8b1de,4200,4200
20260711,1783742400000000,2026-07-11T04:00:00+00:00,map-user-action,marker_click,1.5,synthetic-user-073,synthetic-user-073-session-01,3fd80f7d-ab09-4088-9796-9571a14a7926,Clark Street in Lincoln Park,HOT SPOTS; Neighborhood Organizations,Neighborhood Organizations,2,1,0,,https://demo.invalid/places/3fd80f7d-ab09-4088-9796-9571a14a7926,1600,1600
20260711,1783742445000000,2026-07-11T04:00:45+00:00,page_view,detail_view,1.0,synthetic-user-073,synthetic-user-073-session-01,3fd80f7d-ab09-4088-9796-9571a14a7926,Clark Street in Lincoln Park,HOT SPOTS; Neighborhood Organizations,Neighborhood Organizations,2,1,0,,https://demo.invalid/places/3fd80f7d-ab09-4088-9796-9571a14a7926,4200,4200
20260711,1783743480000000,2026-07-11T04:18:00+00:00,map-user-action,marker_click,1.5,synthetic-user-073,synthetic-user-073-session-01,6cf9b47c-e237-456a-876d-8ba9028bf56e,Chicago's North Shore,HOT SPOTS; Neighborhood Organizations,Neighborhood Organizations,2,1,0,3fd80f7d-ab09-4088-9796-9571a14a7926,https://demo.invalid/places/6cf9b47c-e237-456a-876d-8ba9028bf56e,1600,1600
20260711,1783743525000000,2026-07-11T04:18:45+00:00,page_view,detail_view,1.0,synthetic-user-073,synthetic-user-073-session-01,6cf9b47c-e237-456a-876d-8ba9028bf56e,Chicago's North Shore,HOT SPOTS; Neighborhood Organizations,Neighborhood Organizations,2,1,0,3fd80f7d-ab09-4088-9796-9571a14a7926,https://demo.invalid/places/6cf9b47c-e237-456a-876d-8ba9028bf56e,4200,4200
20260711,1783744560000000,2026-07-11T04:36:00+00:00,map-user-action,marker_click,1.5,synthetic-user-073,synthetic-user-073-session-01,075cbd0b-5080-46e7-b4c0-4628b3f50c6e,Canopy,Hotels,Hotels,1,0,0,6cf9b47c-e237-456a-876d-8ba9028bf56e,https://demo.invalid/places/075cbd0b-5080-46e7-b4c0-4628b3f50c6e,1600,1600
20260711,1783744605000000,2026-07-11T04:36:45+00:00,page_view,detail_view,1.0,synthetic-user-073,synthetic-user-073-session-01,075cbd0b-5080-46e7-b4c0-4628b3f50c6e,Canopy,Hotels,Hotels,1,0,0,6cf9b47c-e237-456a-876d-8ba9028bf56e,https://demo.invalid/places/075cbd0b-5080-46e7-b4c0-4628b3f50c6e,4200,4200
20260711,1783745640000000,2026-07-11T04:54:00+00:00,map-user-action,marker_click,1.5,synthetic-user-073,synthetic-user-073-session-01,a0d0c5ec-074e-4fb4-b112-9caee21d717a,Oak Street District,Neighborhood Organizations; Shops,Neighborhood Organizations,2,0,0,075cbd0b-5080-46e7-b4c0-4628b3f50c6e,https://demo.invalid/places/a0d0c5ec-074e-4fb4-b112-9caee21d717a,1600,1600
20260711,1783745685000000,2026-07-11T04:54:45+00:00,page_view,detail_view,1.0,synthetic-user-073,synthetic-user-073-session-01,a0d0c5ec-074e-4fb4-b112-9caee21d717a,Oak Street District,Neighborhood Organizations; Shops,Neighborhood Organizations,2,0,0,075cbd0b-5080-46e7-b4c0-4628b3f50c6e,https://demo.invalid/places/a0d0c5ec-074e-4fb4-b112-9caee21d717a,4200,4200
20260711,1783781280000000,2026-07-11T14:48:00+00:00,map-user-action,marker_click,1.5,synthetic-user-001,synthetic-user-001-session-01,6b45568d-789c-4c66-b9ce-43ee7a6c1d31,Blackstone,Hotels,Hotels,1,0,0,,https://demo.invalid/places/6b45568d-789c-4c66-b9ce-43ee7a6c1d31,1600,1600
20260711,1783781325000000,2026-07-11T14:48:45+00:00,page_view,detail_view,1.0,synthetic-user-001,synthetic-user-001-session-01,6b45568d-789c-4c66-b9ce-43ee7a6c1d31,Blackstone,Hotels,Hotels,1,0,0,,https://demo.invalid/places/6b45568d-789c-4c66-b9ce-43ee7a6c1d31,4200,4200
20260711,1783782360000000,2026-07-11T15:06:00+00:00,map-user-action,marker_click,1.5,synthetic-user-001,synthetic-user-001-session-01,6f976c55-fd09-4024-a2d4-e20cb355a109,Route 66 in Illinois,Attractions; HOT SPOTS,Attractions,2,1,0,6b45568d-789c-4c66-b9ce-43ee7a6c1d31,https://demo.invalid/places/6f976c55-fd09-4024-a2d4-e20cb355a109,1600,1600
20260711,1783782405000000,2026-07-11T15:06:45+00:00,page_view,detail_view,1.0,synthetic-user-001,synthetic-user-001-session-01,6f976c55-fd09-4024-a2d4-e20cb355a109,Route 66 in Illinois,Attractions; HOT SPOTS,Attractions,2,1,0,6b45568d-789c-4c66-b9ce-43ee7a6c1d31,https://demo.invalid/places/6f976c55-fd09-4024-a2d4-e20cb355a109,4200,4200
20260711,1783783440000000,2026-07-11T15:24:00+00:00,map-user-action,marker_click,1.5,synthetic-user-001,synthetic-user-001-session-01,d0e57bae-9562-4bb8-86c4-256ac993ef13,Chicago Cultural Center,Attractions; Museums,Attractions,2,0,0,6f976c55-fd09-4024-a2d4-e20cb355a109,https://demo.invalid/places/d0e57bae-9562-4bb8-86c4-256ac993ef13,1600,1600
20260711,1783783485000000,2026-07-11T15:24:45+00:00,page_view,detail_view,1.0,synthetic-user-001,synthetic-user-001-session-01,d0e57bae-9562-4bb8-86c4-256ac993ef13,Chicago Cultural Center,Attractions; Museums,Attractions,2,0,0,6f976c55-fd09-4024-a2d4-e20cb355a109,https://demo.invalid/places/d0e57bae-9562-4bb8-86c4-256ac993ef13,4200,4200
20260711,1783784520000000,2026-07-11T15:42:00+00:00,map-user-action,marker_click,1.5,synthetic-user-001,synthetic-user-001-session-01,983de8e2-e0c4-481b-a2e4-dcee9576464b,Richard H. Driehaus Museum,Attractions; Museums,Attractions,2,0,0,d0e57bae-9562-4bb8-86c4-256ac993ef13,https://demo.invalid/places/983de8e2-e0c4-481b-a2e4-dcee9576464b,1600,1600
20260711,1783784565000000,2026-07-11T15:42:45+00:00,page_view,detail_view,1.0,synthetic-user-001,synthetic-user-001-session-01,983de8e2-e0c4-481b-a2e4-dcee9576464b,Richard H. Driehaus Museum,Attractions; Museums,Attractions,2,0,0,d0e57bae-9562-4bb8-86c4-256ac993ef13,https://demo.invalid/places/983de8e2-e0c4-481b-a2e4-dcee9576464b,4200,4200
20260711,1783788780000000,2026-07-11T16:53:00+00:00,map-user-action,marker_click,1.5,synthetic-user-009,synthetic-user-009-session-02,66a2e0b5-bc45-4fe7-aae5-87a74cf890d7,Union Park,Parks,Parks,1,0,0,,https://demo.invalid/places/66a2e0b5-bc45-4fe7-aae5-87a74cf890d7,1600,1600
20260711,1783788825000000,2026-07-11T16:53:45+00:00,page_view,detail_view,1.0,synthetic-user-009,synthetic-user-009-session-02,66a2e0b5-bc45-4fe7-aae5-87a74cf890d7,Union Park,Parks,Parks,1,0,0,,https://demo.invalid/places/66a2e0b5-bc45-4fe7-aae5-87a74cf890d7,4200,4200
20260711,1783789860000000,2026-07-11T17:11:00+00:00,map-user-action,marker_click,1.5,synthetic-user-009,synthetic-user-009-session-02,d14fb43f-6832-4512-918e-9b1d33446f7c,Ohio St. Beach,Parks,Parks,1,0,0,66a2e0b5-bc45-4fe7-aae5-87a74cf890d7,https://demo.invalid/places/d14fb43f-6832-4512-918e-9b1d33446f7c,1600,1600
20260711,1783789905000000,2026-07-11T17:11:45+00:00,page_view,detail_view,1.0,synthetic-user-009,synthetic-user-009-session-02,d14fb43f-6832-4512-918e-9b1d33446f7c,Ohio St. Beach,Parks,Parks,1,0,0,66a2e0b5-bc45-4fe7-aae5-87a74cf890d7,https://demo.invalid/places/d14fb43f-6832-4512-918e-9b1d33446f7c,4200,4200
20260711,1783790940000000,2026-07-11T17:29:00+00:00,map-user-action,marker_click,1.5,synthetic-user-009,synthetic-user-009-session-02,7df814b4-23d4-48eb-b86e-51325927c1e4,Ping Tom Park,Parks,Parks,1,0,0,d14fb43f-6832-4512-918e-9b1d33446f7c,https://demo.invalid/places/7df814b4-23d4-48eb-b86e-51325927c1e4,1600,1600
20260711,1783790985000000,2026-07-11T17:29:45+00:00,page_view,detail_view,1.0,synthetic-user-009,synthetic-user-009-session-02,7df814b4-23d4-48eb-b86e-51325927c1e4,Ping Tom Park,Parks,Parks,1,0,0,d14fb43f-6832-4512-918e-9b1d33446f7c,https://demo.invalid/places/7df814b4-23d4-48eb-b86e-51325927c1e4,4200,4200
20260711,1783792020000000,2026-07-11T17:47:00+00:00,map-user-action,marker_click,1.5,synthetic-user-009,synthetic-user-009-session-02,4321da98-3d3a-43d9-8fba-c877ed562a22,Chicago Fireboat Tours,Attractions,Attractions,1,0,0,7df814b4-23d4-48eb-b86e-51325927c1e4,https://demo.invalid/places/4321da98-3d3a-43d9-8fba-c877ed562a22,1600,1600
20260711,1783792065000000,2026-07-11T17:47:45+00:00,page_view,detail_view,1.0,synthetic-user-009,synthetic-user-009-session-02,4321da98-3d3a-43d9-8fba-c877ed562a22,Chicago Fireboat Tours,Attractions,Attractions,1,0,0,7df814b4-23d4-48eb-b86e-51325927c1e4,https://demo.invalid/places/4321da98-3d3a-43d9-8fba-c877ed562a22,4200,4200
20260711,1783796280000000,2026-07-11T18:58:00+00:00,map-user-action,marker_click,1.5,synthetic-user-017,synthetic-user-017-session-03,6024e9cc-a4c0-4c80-9945-21a570cabfbc,Chicago Brewhouse,HOT SPOTS; Bars; Restaurants,Bars,3,1,0,,https://demo.invalid/places/6024e9cc-a4c0-4c80-9945-21a570cabfbc,1600,1600
20260711,1783796325000000,2026-07-11T18:58:45+00:00,page_view,detail_view,1.0,synthetic-user-017,synthetic-user-017-session-03,6024e9cc-a4c0-4c80-9945-21a570cabfbc,Chicago Brewhouse,HOT SPOTS; Bars; Restaurants,Bars,3,1,0,,https://demo.invalid/places/6024e9cc-a4c0-4c80-9945-21a570cabfbc,4200,4200
20260711,1783797360000000,2026-07-11T19:16:00+00:00,map-user-action,marker_click,1.5,synthetic-user-017,synthetic-user-017-session-03,9e5dc789-a3a2-4c2a-8646-574ad5c1f294,The Publishing House Bed and Breakfast,Hotels,Hotels,1,0,0,6024e9cc-a4c0-4c80-9945-21a570cabfbc,https://demo.invalid/places/9e5dc789-a3a2-4c2a-8646-574ad5c1f294,1600,1600
20260711,1783797405000000,2026-07-11T19:16:45+00:00,page_view,detail_view,1.0,synthetic-user-017,synthetic-user-017-session-03,9e5dc789-a3a2-4c2a-8646-574ad5c1f294,The Publishing House Bed and Breakfast,Hotels,Hotels,1,0,0,6024e9cc-a4c0-4c80-9945-21a570cabfbc,https://demo.invalid/places/9e5dc789-a3a2-4c2a-8646-574ad5c1f294,4200,4200
20260711,1783798440000000,2026-07-11T19:34:00+00:00,map-user-action,marker_click,1.5,synthetic-user-017,synthetic-user-017-session-03,27509459-167a-4013-97c9-32c9330b6b39,Club Quarters,Hotels,Hotels,1,0,0,9e5dc789-a3a2-4c2a-8646-574ad5c1f294,https://demo.invalid/places/27509459-167a-4013-97c9-32c9330b6b39,1600,1600
20260711,1783798485000000,2026-07-11T19:34:45+00:00,page_view,detail_view,1.0,synthetic-user-017,synthetic-user-017-session-03,27509459-167a-4013-97c9-32c9330b6b39,Club Quarters,Hotels,Hotels,1,0,0,9e5dc789-a3a2-4c2a-8646-574ad5c1f294,https://demo.invalid/places/27509459-167a-4013-97c9-32c9330b6b39,4200,4200
20260711,1783799520000000,2026-07-11T19:52:00+00:00,map-user-action,marker_click,1.5,synthetic-user-017,synthetic-user-017-session-03,9146e451-276b-4918-b301-7ae41e933810,Chicago Symphony Orchestra,HOT SPOTS; Theaters and Music Venues,Theaters and Music Venues,2,1,0,27509459-167a-4013-97c9-32c9330b6b39,https://demo.invalid/places/9146e451-276b-4918-b301-7ae41e933810,1600,1600
20260711,1783799565000000,2026-07-11T19:52:45+00:00,page_view,detail_view,1.0,synthetic-user-017,synthetic-user-017-session-03,9146e451-276b-4918-b301-7ae41e933810,Chicago Symphony Orchestra,HOT SPOTS; Theaters and Music Venues,Theaters and Music Venues,2,1,0,27509459-167a-4013-97c9-32c9330b6b39,https://demo.invalid/places/9146e451-276b-4918-b301-7ae41e933810,4200,4200
20260711,1783801740000000,2026-07-11T20:29:00+00:00,map-user-action,marker_click,1.5,synthetic-user-032,synthetic-user-032-session-01,d5d24b26-e2cd-41ff-b4e8-eaf891f8b1de,Chicago Style by Katie Lukes,Murals,Murals,1,0,0,,https://demo.invalid/places/d5d24b26-e2cd-41ff-b4e8-eaf891f8b1de,1600,1600
20260711,1783801785000000,2026-07-11T20:29:45+00:00,page_view,detail_view,1.0,synthetic-user-032,synthetic-user-032-session-01,d5d24b26-e2cd-41ff-b4e8-eaf891f8b1de,Chicago Style by Katie Lukes,Murals,Murals,1,0,0,,https://demo.invalid/places/d5d24b26-e2cd-41ff-b4e8-eaf891f8b1de,4200,4200
20260711,1783802820000000,2026-07-11T20:47:00+00:00,map-user-action,marker_click,1.5,synthetic-user-032,synthetic-user-032-session-01,3a867f33-9c48-45e8-acb7-a5c95102a32a,Muddy Waters,Murals,Murals,1,0,0,d5d24b26-e2cd-41ff-b4e8-eaf891f8b1de,https://demo.invalid/places/3a867f33-9c48-45e8-acb7-a5c95102a32a,1600,1600
20260711,1783802865000000,2026-07-11T20:47:45+00:00,page_view,detail_view,1.0,synthetic-user-032,synthetic-user-032-session-01,3a867f33-9c48-45e8-acb7-a5c95102a32a,Muddy Waters,Murals,Murals,1,0,0,d5d24b26-e2cd-41ff-b4e8-eaf891f8b1de,https://demo.invalid/places/3a867f33-9c48-45e8-acb7-a5c95102a32a,4200,4200
20260711,1783803900000000,2026-07-11T21:05:00+00:00,map-user-action,marker_click,1.5,synthetic-user-032,synthetic-user-032-session-01,efb07b22-0160-4528-81b6-9a474fce0e54,Oprah Winfrey Mural,Murals,Murals,1,0,0,3a867f33-9c48-45e8-acb7-a5c95102a32a,https://demo.invalid/places/efb07b22-0160-4528-81b6-9a474fce0e54,1600,1600
20260711,1783803945000000,2026-07-11T21:05:45+00:00,page_view,detail_view,1.0,synthetic-user-032,synthetic-user-032-session-01,efb07b22-0160-4528-81b6-9a474fce0e54,Oprah Winfrey Mural,Murals,Murals,1,0,0,3a867f33-9c48-45e8-acb7-a5c95102a32a,https://demo.invalid/places/efb07b22-0160-4528-81b6-9a474fce0e54,4200,4200
20260711,1783804980000000,2026-07-11T21:23:00+00:00,map-user-action,marker_click,1.5,synthetic-user-032,synthetic-user-032-session-01,762fee73-00d8-411a-b65e-1d7c11d6bde2,Hampton Inn,Hotels,Hotels,1,0,0,efb07b22-0160-4528-81b6-9a474fce0e54,https://demo.invalid/places/762fee73-00d8-411a-b65e-1d7c11d6bde2,1600,1600
20260711,1783805025000000,2026-07-11T21:23:45+00:00,page_view,detail_view,1.0,synthetic-user-032,synthetic-user-032-session-01,762fee73-00d8-411a-b65e-1d7c11d6bde2,Hampton Inn,Hotels,Hotels,1,0,0,efb07b22-0160-4528-81b6-9a474fce0e54,https://demo.invalid/places/762fee73-00d8-411a-b65e-1d7c11d6bde2,4200,4200
20260711,1783809240000000,2026-07-11T22:34:00+00:00,map-user-action,marker_click,1.5,synthetic-user-040,synthetic-user-040-session-02,61768a34-2c0f-45d4-9905-974768fb63ec,Lincoln Park Zoo,Attractions,Attractions,1,0,0,,https://demo.invalid/places/61768a34-2c0f-45d4-9905-974768fb63ec,1600,1600
20260711,1783809285000000,2026-07-11T22:34:45+00:00,page_view,detail_view,1.0,synthetic-user-040,synthetic-user-040-session-02,61768a34-2c0f-45d4-9905-974768fb63ec,Lincoln Park Zoo,Attractions,Attractions,1,0,0,,https://demo.invalid/places/61768a34-2c0f-45d4-9905-974768fb63ec,4200,4200
20260711,1783810320000000,2026-07-11T22:52:00+00:00,map-user-action,marker_click,1.5,synthetic-user-040,synthetic-user-040-session-02,398f0ab3-55e0-45e0-8309-0a25178ed5d7,Courtyard by Marriott,Hotels,Hotels,1,0,0,61768a34-2c0f-45d4-9905-974768fb63ec,https://demo.invalid/places/398f0ab3-55e0-45e0-8309-0a25178ed5d7,1600,1600
20260711,1783810365000000,2026-07-11T22:52:45+00:00,page_view,detail_view,1.0,synthetic-user-040,synthetic-user-040-session-02,398f0ab3-55e0-45e0-8309-0a25178ed5d7,Courtyard by Marriott,Hotels,Hotels,1,0,0,61768a34-2c0f-45d4-9905-974768fb63ec,https://demo.invalid/places/398f0ab3-55e0-45e0-8309-0a25178ed5d7,4200,4200
20260711,1783811400000000,2026-07-11T23:10:00+00:00,map-user-action,marker_click,1.5,synthetic-user-040,synthetic-user-040-session-02,cb75a533-fc20-4a0e-ba44-c7cb493b9b5c,Water Tower,Attractions,Attractions,1,0,0,398f0ab3-55e0-45e0-8309-0a25178ed5d7,https://demo.invalid/places/cb75a533-fc20-4a0e-ba44-c7cb493b9b5c,1600,1600
20260711,1783811445000000,2026-07-11T23:10:45+00:00,page_view,detail_view,1.0,synthetic-user-040,synthetic-user-040-session-02,cb75a533-fc20-4a0e-ba44-c7cb493b9b5c,Water Tower,Attractions,Attractions,1,0,0,398f0ab3-55e0-45e0-8309-0a25178ed5d7,https://demo.invalid/places/cb75a533-fc20-4a0e-ba44-c7cb493b9b5c,4200,4200
20260711,1783812480000000,2026-07-11T23:28:00+00:00,map-user-action,marker_click,1.5,synthetic-user-040,synthetic-user-040-session-02,496eb597-d0ef-4312-8cbc-e5c8a49de418,Gale,Hotels,Hotels,1,0,0,cb75a533-fc20-4a0e-ba44-c7cb493b9b5c,https://demo.invalid/places/496eb597-d0ef-4312-8cbc-e5c8a49de418,1600,1600
20260711,1783812525000000,2026-07-11T23:28:45+00:00,page_view,detail_view,1.0,synthetic-user-040,synthetic-user-040-session-02,496eb597-d0ef-4312-8cbc-e5c8a49de418,Gale,Hotels,Hotels,1,0,0,cb75a533-fc20-4a0e-ba44-c7cb493b9b5c,https://demo.invalid/places/496eb597-d0ef-4312-8cbc-e5c8a49de418,4200,4200
20260712,1783816740000000,2026-07-12T00:39:00+00:00,map-user-action,marker_click,1.5,synthetic-user-048,synthetic-user-048-session-03,cfd1b838-43d3-4489-aa3a-13cd2dd03835,Found Chicago,Hotels,Hotels,1,0,0,,https://demo.invalid/places/cfd1b838-43d3-4489-aa3a-13cd2dd03835,1600,1600
20260712,1783816785000000,2026-07-12T00:39:45+00:00,page_view,detail_view,1.0,synthetic-user-048,synthetic-user-048-session-03,cfd1b838-43d3-4489-aa3a-13cd2dd03835,Found Chicago,Hotels,Hotels,1,0,0,,https://demo.invalid/places/cfd1b838-43d3-4489-aa3a-13cd2dd03835,4200,4200
20260712,1783817820000000,2026-07-12T00:57:00+00:00,map-user-action,marker_click,1.5,synthetic-user-048,synthetic-user-048-session-03,d0dd29f4-691d-430e-bc60-3e3038313a29,Chicago History Museum,Attractions; Museums,Attractions,2,0,0,cfd1b838-43d3-4489-aa3a-13cd2dd03835,https://demo.invalid/places/d0dd29f4-691d-430e-bc60-3e3038313a29,1600,1600
20260712,1783817865000000,2026-07-12T00:57:45+00:00,page_view,detail_view,1.0,synthetic-user-048,synthetic-user-048-session-03,d0dd29f4-691d-430e-bc60-3e3038313a29,Chicago History Museum,Attractions; Museums,Attractions,2,0,0,cfd1b838-43d3-4489-aa3a-13cd2dd03835,https://demo.invalid/places/d0dd29f4-691d-430e-bc60-3e3038313a29,4200,4200
20260712,1783818900000000,2026-07-12T01:15:00+00:00,map-user-action,marker_click,1.5,synthetic-user-048,synthetic-user-048-session-03,2bafb42b-1910-4bdf-a8b6-ebfaebcaf543,Griffin Museum of Science & Industry,Attractions; HOT SPOTS; Museums,Attractions,3,1,0,d0dd29f4-691d-430e-bc60-3e3038313a29,https://demo.invalid/places/2bafb42b-1910-4bdf-a8b6-ebfaebcaf543,1600,1600
20260712,1783818945000000,2026-07-12T01:15:45+00:00,page_view,detail_view,1.0,synthetic-user-048,synthetic-user-048-session-03,2bafb42b-1910-4bdf-a8b6-ebfaebcaf543,Griffin Museum of Science & Industry,Attractions; HOT SPOTS; Museums,Attractions,3,1,0,d0dd29f4-691d-430e-bc60-3e3038313a29,https://demo.invalid/places/2bafb42b-1910-4bdf-a8b6-ebfaebcaf543,4200,4200
20260712,1783819980000000,2026-07-12T01:33:00+00:00,map-user-action,marker_click,1.5,synthetic-user-048,synthetic-user-048-session-03,86ecc39d-1a4f-4bf4-83a5-78f595a8b8b9,Clark Street in Lincoln Park,Parks,Parks,1,0,0,2bafb42b-1910-4bdf-a8b6-ebfaebcaf543,https://demo.invalid/places/86ecc39d-1a4f-4bf4-83a5-78f595a8b8b9,1600,1600
20260712,1783820025000000,2026-07-12T01:33:45+00:00,page_view,detail_view,1.0,synthetic-user-048,synthetic-user-048-session-03,86ecc39d-1a4f-4bf4-83a5-78f595a8b8b9,Clark Street in Lincoln Park,Parks,Parks,1,0,0,2bafb42b-1910-4bdf-a8b6-ebfaebcaf543,https://demo.invalid/places/86ecc39d-1a4f-4bf4-83a5-78f595a8b8b9,4200,4200
20260712,1783822200000000,2026-07-12T02:10:00+00:00,map-user-action,marker_click,1.5,synthetic-user-063,synthetic-user-063-session-01,d85af6a8-8d67-4b9a-9bc9-39ac42ea30d9,Primark,Shops,Shops,1,0,0,,https://demo.invalid/places/d85af6a8-8d67-4b9a-9bc9-39ac42ea30d9,1600,1600
20260712,1783822245000000,2026-07-12T02:10:45+00:00,page_view,detail_view,1.0,synthetic-user-063,synthetic-user-063-session-01,d85af6a8-8d67-4b9a-9bc9-39ac42ea30d9,Primark,Shops,Shops,1,0,0,,https://demo.invalid/places/d85af6a8-8d67-4b9a-9bc9-39ac42ea30d9,4200,4200
20260712,1783823280000000,2026-07-12T02:28:00+00:00,map-user-action,marker_click,1.5,synthetic-user-063,synthetic-user-063-session-01,d52b221c-280b-4f32-afcd-7939cec5f4fb,Block 37,Shops,Shops,1,0,0,d85af6a8-8d67-4b9a-9bc9-39ac42ea30d9,https://demo.invalid/places/d52b221c-280b-4f32-afcd-7939cec5f4fb,1600,1600
20260712,1783823325000000,2026-07-12T02:28:45+00:00,page_view,detail_view,1.0,synthetic-user-063,synthetic-user-063-session-01,d52b221c-280b-4f32-afcd-7939cec5f4fb,Block 37,Shops,Shops,1,0,0,d85af6a8-8d67-4b9a-9bc9-39ac42ea30d9,https://demo.invalid/places/d52b221c-280b-4f32-afcd-7939cec5f4fb,4200,4200
20260712,1783824360000000,2026-07-12T02:46:00+00:00,map-user-action,marker_click,1.5,synthetic-user-063,synthetic-user-063-session-01,9383a251-cbcd-48ff-a3a7-6cc85d70b7a2,Four Seasons,Hotels,Hotels,1,0,0,d52b221c-280b-4f32-afcd-7939cec5f4fb,https://demo.invalid/places/9383a251-cbcd-48ff-a3a7-6cc85d70b7a2,1600,1600
20260712,1783824405000000,2026-07-12T02:46:45+00:00,page_view,detail_view,1.0,synthetic-user-063,synthetic-user-063-session-01,9383a251-cbcd-48ff-a3a7-6cc85d70b7a2,Four Seasons,Hotels,Hotels,1,0,0,d52b221c-280b-4f32-afcd-7939cec5f4fb,https://demo.invalid/places/9383a251-cbcd-48ff-a3a7-6cc85d70b7a2,4200,4200
20260712,1783825440000000,2026-07-12T03:04:00+00:00,map-user-action,marker_click,1.5,synthetic-user-063,synthetic-user-063-session-01,93c68218-7af9-4718-83e9-186def3d0026,The Shops at North Bridge,Shops,Shops,1,0,0,9383a251-cbcd-48ff-a3a7-6cc85d70b7a2,https://demo.invalid/places/93c68218-7af9-4718-83e9-186def3d0026,1600,1600
20260712,1783825485000000,2026-07-12T03:04:45+00:00,page_view,detail_view,1.0,synthetic-user-063,synthetic-user-063-session-01,93c68218-7af9-4718-83e9-186def3d0026,The Shops at North Bridge,Shops,Shops,1,0,0,9383a251-cbcd-48ff-a3a7-6cc85d70b7a2,https://demo.invalid/places/93c68218-7af9-4718-83e9-186def3d0026,4200,4200
20260712,1783829700000000,2026-07-12T04:15:00+00:00,map-user-action,marker_click,1.5,synthetic-user-071,synthetic-user-071-session-02,3a867f33-9c48-45e8-acb7-a5c95102a32a,Muddy Waters,Murals,Murals,1,0,0,,https://demo.invalid/places/3a867f33-9c48-45e8-acb7-a5c95102a32a,1600,1600
20260712,1783829745000000,2026-07-12T04:15:45+00:00,page_view,detail_view,1.0,synthetic-user-071,synthetic-user-071-session-02,3a867f33-9c48-45e8-acb7-a5c95102a32a,Muddy Waters,Murals,Murals,1,0,0,,https://demo.invalid/places/3a867f33-9c48-45e8-acb7-a5c95102a32a,4200,4200
20260712,1783830780000000,2026-07-12T04:33:00+00:00,map-user-action,marker_click,1.5,synthetic-user-071,synthetic-user-071-session-02,fe6337f9-9caf-4a5b-b9ce-7dfe628b670d,Claridge House,Hotels,Hotels,1,0,0,3a867f33-9c48-45e8-acb7-a5c95102a32a,https://demo.invalid/places/fe6337f9-9caf-4a5b-b9ce-7dfe628b670d,1600,1600
20260712,1783830825000000,2026-07-12T04:33:45+00:00,page_view,detail_view,1.0,synthetic-user-071,synthetic-user-071-session-02,fe6337f9-9caf-4a5b-b9ce-7dfe628b670d,Claridge House,Hotels,Hotels,1,0,0,3a867f33-9c48-45e8-acb7-a5c95102a32a,https://demo.invalid/places/fe6337f9-9caf-4a5b-b9ce-7dfe628b670d,4200,4200
20260712,1783831860000000,2026-07-12T04:51:00+00:00,map-user-action,marker_click,1.5,synthetic-user-071,synthetic-user-071-session-02,d5d24b26-e2cd-41ff-b4e8-eaf891f8b1de,Chicago Style by Katie Lukes,Murals,Murals,1,0,0,fe6337f9-9caf-4a5b-b9ce-7dfe628b670d,https://demo.invalid/places/d5d24b26-e2cd-41ff-b4e8-eaf891f8b1de,1600,1600
20260712,1783831905000000,2026-07-12T04:51:45+00:00,page_view,detail_view,1.0,synthetic-user-071,synthetic-user-071-session-02,d5d24b26-e2cd-41ff-b4e8-eaf891f8b1de,Chicago Style by Katie Lukes,Murals,Murals,1,0,0,fe6337f9-9caf-4a5b-b9ce-7dfe628b670d,https://demo.invalid/places/d5d24b26-e2cd-41ff-b4e8-eaf891f8b1de,4200,4200
20260712,1783832940000000,2026-07-12T05:09:00+00:00,map-user-action,marker_click,1.5,synthetic-user-071,synthetic-user-071-session-02,27509459-167a-4013-97c9-32c9330b6b39,Club Quarters,Hotels,Hotels,1,0,0,d5d24b26-e2cd-41ff-b4e8-eaf891f8b1de,https://demo.invalid/places/27509459-167a-4013-97c9-32c9330b6b39,1600,1600
20260712,1783832985000000,2026-07-12T05:09:45+00:00,page_view,detail_view,1.0,synthetic-user-071,synthetic-user-071-session-02,27509459-167a-4013-97c9-32c9330b6b39,Club Quarters,Hotels,Hotels,1,0,0,d5d24b26-e2cd-41ff-b4e8-eaf891f8b1de,https://demo.invalid/places/27509459-167a-4013-97c9-32c9330b6b39,4200,4200
20260712,1783837200000000,2026-07-12T06:20:00+00:00,map-user-action,marker_click,1.5,synthetic-user-079,synthetic-user-079-session-03,ac00804f-ed14-4e2e-9154-0eb97831b648,Raising Cane’s Chicken Fingers - Wrigleyville,Attractions,Attractions,1,0,0,,https://demo.invalid/places/ac00804f-ed14-4e2e-9154-0eb97831b648,1600,1600
20260712,1783837245000000,2026-07-12T06:20:45+00:00,page_view,detail_view,1.0,synthetic-user-079,synthetic-user-079-session-03,ac00804f-ed14-4e2e-9154-0eb97831b648,Raising Cane’s Chicken Fingers - Wrigleyville,Attractions,Attractions,1,0,0,,https://demo.invalid/places/ac00804f-ed14-4e2e-9154-0eb97831b648,4200,4200
20260712,1783838280000000,2026-07-12T06:38:00+00:00,map-user-action,marker_click,1.5,synthetic-user-079,synthetic-user-079-session-03,e3f77f69-0255-466c-92d4-75dd9be82330,900 N. Michigan Shops,Shops,Shops,1,0,0,ac00804f-ed14-4e2e-9154-0eb97831b648,https://demo.invalid/places/e3f77f69-0255-466c-92d4-75dd9be82330,1600,1600
20260712,1783838325000000,2026-07-12T06:38:45+00:00,page_view,detail_view,1.0,synthetic-user-079,synthetic-user-079-session-03,e3f77f69-0255-466c-92d4-75dd9be82330,900 N. Michigan Shops,Shops,Shops,1,0,0,ac00804f-ed14-4e2e-9154-0eb97831b648,https://demo.invalid/places/e3f77f69-0255-466c-92d4-75dd9be82330,4200,4200
20260712,1783839360000000,2026-07-12T06:56:00+00:00,map-user-action,marker_click,1.5,synthetic-user-079,synthetic-user-079-session-03,1525a1f9-6615-4c5f-9b45-fc871577444a,Chicago Children's Museum,Attractions; Museums,Attractions,2,0,0,e3f77f69-0255-466c-92d4-75dd9be82330,https://demo.invalid/places/1525a1f9-6615-4c5f-9b45-fc871577444a,1600,1600
20260712,1783839405000000,2026-07-12T06:56:45+00:00,page_view,detail_view,1.0,synthetic-user-079,synthetic-user-079-session-03,1525a1f9-6615-4c5f-9b45-fc871577444a,Chicago Children's Museum,Attractions; Museums,Attractions,2,0,0,e3f77f69-0255-466c-92d4-75dd9be82330,https://demo.invalid/places/1525a1f9-6615-4c5f-9b45-fc871577444a,4200,4200
20260712,1783840440000000,2026-07-12T07:14:00+00:00,map-user-action,marker_click,1.5,synthetic-user-079,synthetic-user-079-session-03,14733c5f-0069-4f0e-81c8-83f14cf74be6,Origin of Great Chicago Fire of 1871,Attractions,Attractions,1,0,0,1525a1f9-6615-4c5f-9b45-fc871577444a,https://demo.invalid/places/14733c5f-0069-4f0e-81c8-83f14cf74be6,1600,1600
20260712,1783840485000000,2026-07-12T07:14:45+00:00,page_view,detail_view,1.0,synthetic-user-079,synthetic-user-079-session-03,14733c5f-0069-4f0e-81c8-83f14cf74be6,Origin of Great Chicago Fire of 1871,Attractions,Attractions,1,0,0,1525a1f9-6615-4c5f-9b45-fc871577444a,https://demo.invalid/places/14733c5f-0069-4f0e-81c8-83f14cf74be6,4200,4200
20260712,1783876080000000,2026-07-12T17:08:00+00:00,map-user-action,marker_click,1.5,synthetic-user-007,synthetic-user-007-session-03,f021d1b7-2530-4f66-a737-b696f1b80d0a,Auditorium Theatre,Theaters and Music Venues,Theaters and Music Venues,1,0,0,,https://demo.invalid/places/f021d1b7-2530-4f66-a737-b696f1b80d0a,1600,1600
20260712,1783876125000000,2026-07-12T17:08:45+00:00,page_view,detail_view,1.0,synthetic-user-007,synthetic-user-007-session-03,f021d1b7-2530-4f66-a737-b696f1b80d0a,Auditorium Theatre,Theaters and Music Venues,Theaters and Music Venues,1,0,0,,https://demo.invalid/places/f021d1b7-2530-4f66-a737-b696f1b80d0a,4200,4200
20260712,1783877160000000,2026-07-12T17:26:00+00:00,map-user-action,marker_click,1.5,synthetic-user-007,synthetic-user-007-session-03,fe6337f9-9caf-4a5b-b9ce-7dfe628b670d,Claridge House,Hotels,Hotels,1,0,0,f021d1b7-2530-4f66-a737-b696f1b80d0a,https://demo.invalid/places/fe6337f9-9caf-4a5b-b9ce-7dfe628b670d,1600,1600
20260712,1783877205000000,2026-07-12T17:26:45+00:00,page_view,detail_view,1.0,synthetic-user-007,synthetic-user-007-session-03,fe6337f9-9caf-4a5b-b9ce-7dfe628b670d,Claridge House,Hotels,Hotels,1,0,0,f021d1b7-2530-4f66-a737-b696f1b80d0a,https://demo.invalid/places/fe6337f9-9caf-4a5b-b9ce-7dfe628b670d,4200,4200
20260712,1783878240000000,2026-07-12T17:44:00+00:00,map-user-action,marker_click,1.5,synthetic-user-007,synthetic-user-007-session-03,fee6875f-c61c-4d9f-a828-73e3446a3a6c,Museum of Broadcast Communications,HOT SPOTS; Museums,Museums,2,1,0,fe6337f9-9caf-4a5b-b9ce-7dfe628b670d,https://demo.invalid/places/fee6875f-c61c-4d9f-a828-73e3446a3a6c,1600,1600
20260712,1783878285000000,2026-07-12T17:44:45+00:00,page_view,detail_view,1.0,synthetic-user-007,synthetic-user-007-session-03,fee6875f-c61c-4d9f-a828-73e3446a3a6c,Museum of Broadcast Communications,HOT SPOTS; Museums,Museums,2,1,0,fe6337f9-9caf-4a5b-b9ce-7dfe628b670d,https://demo.invalid/places/fee6875f-c61c-4d9f-a828-73e3446a3a6c,4200,4200
20260712,1783879320000000,2026-07-12T18:02:00+00:00,map-user-action,marker_click,1.5,synthetic-user-007,synthetic-user-007-session-03,23009197-97af-46e0-ab84-86de5152ec48,Mindworks: The Science of Thinking,HOT SPOTS; Museums,Museums,2,1,0,fee6875f-c61c-4d9f-a828-73e3446a3a6c,https://demo.invalid/places/23009197-97af-46e0-ab84-86de5152ec48,1600,1600
20260712,1783879365000000,2026-07-12T18:02:45+00:00,page_view,detail_view,1.0,synthetic-user-007,synthetic-user-007-session-03,23009197-97af-46e0-ab84-86de5152ec48,Mindworks: The Science of Thinking,HOT SPOTS; Museums,Museums,2,1,0,fee6875f-c61c-4d9f-a828-73e3446a3a6c,https://demo.invalid/places/23009197-97af-46e0-ab84-86de5152ec48,4200,4200
20260712,1783881540000000,2026-07-12T18:39:00+00:00,map-user-action,marker_click,1.5,synthetic-user-022,synthetic-user-022-session-01,d14fb43f-6832-4512-918e-9b1d33446f7c,Ohio St. Beach,Parks,Parks,1,0,0,,https://demo.invalid/places/d14fb43f-6832-4512-918e-9b1d33446f7c,1600,1600
20260712,1783881585000000,2026-07-12T18:39:45+00:00,page_view,detail_view,1.0,synthetic-user-022,synthetic-user-022-session-01,d14fb43f-6832-4512-918e-9b1d33446f7c,Ohio St. Beach,Parks,Parks,1,0,0,,https://demo.invalid/places/d14fb43f-6832-4512-918e-9b1d33446f7c,4200,4200
20260712,1783882620000000,2026-07-12T18:57:00+00:00,map-user-action,marker_click,1.5,synthetic-user-022,synthetic-user-022-session-01,d7f34584-aefb-4499-be0d-9169cb77c642,Cobra Lounge,Bars; Restaurants; Theaters and Music Venues,Bars,3,0,0,d14fb43f-6832-4512-918e-9b1d33446f7c,https://demo.invalid/places/d7f34584-aefb-4499-be0d-9169cb77c642,1600,1600
20260712,1783882665000000,2026-07-12T18:57:45+00:00,page_view,detail_view,1.0,synthetic-user-022,synthetic-user-022-session-01,d7f34584-aefb-4499-be0d-9169cb77c642,Cobra Lounge,Bars; Restaurants; Theaters and Music Venues,Bars,3,0,0,d14fb43f-6832-4512-918e-9b1d33446f7c,https://demo.invalid/places/d7f34584-aefb-4499-be0d-9169cb77c642,4200,4200
20260712,1783883700000000,2026-07-12T19:15:00+00:00,map-user-action,marker_click,1.5,synthetic-user-022,synthetic-user-022-session-01,e711b59b-37cf-4841-b6d5-bd55c15c62c1,Adler Planetarium,Attractions; Museums,Attractions,2,0,0,d7f34584-aefb-4499-be0d-9169cb77c642,https://demo.invalid/places/e711b59b-37cf-4841-b6d5-bd55c15c62c1,1600,1600
20260712,1783883745000000,2026-07-12T19:15:45+00:00,page_view,detail_view,1.0,synthetic-user-022,synthetic-user-022-session-01,e711b59b-37cf-4841-b6d5-bd55c15c62c1,Adler Planetarium,Attractions; Museums,Attractions,2,0,0,d7f34584-aefb-4499-be0d-9169cb77c642,https://demo.invalid/places/e711b59b-37cf-4841-b6d5-bd55c15c62c1,4200,4200
20260712,1783884780000000,2026-07-12T19:33:00+00:00,map-user-action,marker_click,1.5,synthetic-user-022,synthetic-user-022-session-01,7df814b4-23d4-48eb-b86e-51325927c1e4,Ping Tom Park,Parks,Parks,1,0,0,e711b59b-37cf-4841-b6d5-bd55c15c62c1,https://demo.invalid/places/7df814b4-23d4-48eb-b86e-51325927c1e4,1600,1600
20260712,1783884825000000,2026-07-12T19:33:45+00:00,page_view,detail_view,1.0,synthetic-user-022,synthetic-user-022-session-01,7df814b4-23d4-48eb-b86e-51325927c1e4,Ping Tom Park,Parks,Parks,1,0,0,e711b59b-37cf-4841-b6d5-bd55c15c62c1,https://demo.invalid/places/7df814b4-23d4-48eb-b86e-51325927c1e4,4200,4200
20260712,1783889040000000,2026-07-12T20:44:00+00:00,map-user-action,marker_click,1.5,synthetic-user-030,synthetic-user-030-session-02,2f1265f4-632e-41f8-a3f8-6334a120c627,Hilton Chicago,Hotels,Hotels,1,0,0,,https://demo.invalid/places/2f1265f4-632e-41f8-a3f8-6334a120c627,1600,1600
20260712,1783889085000000,2026-07-12T20:44:45+00:00,page_view,detail_view,1.0,synthetic-user-030,synthetic-user-030-session-02,2f1265f4-632e-41f8-a3f8-6334a120c627,Hilton Chicago,Hotels,Hotels,1,0,0,,https://demo.invalid/places/2f1265f4-632e-41f8-a3f8-6334a120c627,4200,4200
20260712,1783890120000000,2026-07-12T21:02:00+00:00,map-user-action,marker_click,1.5,synthetic-user-030,synthetic-user-030-session-02,2303ceff-d524-4841-a4a1-fe97476dde43,Trump Int'l,Hotels,Hotels,1,0,0,2f1265f4-632e-41f8-a3f8-6334a120c627,https://demo.invalid/places/2303ceff-d524-4841-a4a1-fe97476dde43,1600,1600
20260712,1783890165000000,2026-07-12T21:02:45+00:00,page_view,detail_view,1.0,synthetic-user-030,synthetic-user-030-session-02,2303ceff-d524-4841-a4a1-fe97476dde43,Trump Int'l,Hotels,Hotels,1,0,0,2f1265f4-632e-41f8-a3f8-6334a120c627,https://demo.invalid/places/2303ceff-d524-4841-a4a1-fe97476dde43,4200,4200
20260712,1783891200000000,2026-07-12T21:20:00+00:00,map-user-action,marker_click,1.5,synthetic-user-030,synthetic-user-030-session-02,bcc3dcec-87ce-4e0f-a20b-384b990e19b7,Loews,Hotels,Hotels,1,0,0,2303ceff-d524-4841-a4a1-fe97476dde43,https://demo.invalid/places/bcc3dcec-87ce-4e0f-a20b-384b990e19b7,1600,1600
20260712,1783891245000000,2026-07-12T21:20:45+00:00,page_view,detail_view,1.0,synthetic-user-030,synthetic-user-030-session-02,bcc3dcec-87ce-4e0f-a20b-384b990e19b7,Loews,Hotels,Hotels,1,0,0,2303ceff-d524-4841-a4a1-fe97476dde43,https://demo.invalid/places/bcc3dcec-87ce-4e0f-a20b-384b990e19b7,4200,4200
20260712,1783892280000000,2026-07-12T21:38:00+00:00,map-user-action,marker_click,1.5,synthetic-user-030,synthetic-user-030-session-02,d9448803-c282-4ccd-91a6-ce94d1d2fdcc,Hilton Garden Inn,Hotels,Hotels,1,0,0,bcc3dcec-87ce-4e0f-a20b-384b990e19b7,https://demo.invalid/places/d9448803-c282-4ccd-91a6-ce94d1d2fdcc,1600,1600
20260712,1783892325000000,2026-07-12T21:38:45+00:00,page_view,detail_view,1.0,synthetic-user-030,synthetic-user-030-session-02,d9448803-c282-4ccd-91a6-ce94d1d2fdcc,Hilton Garden Inn,Hotels,Hotels,1,0,0,bcc3dcec-87ce-4e0f-a20b-384b990e19b7,https://demo.invalid/places/d9448803-c282-4ccd-91a6-ce94d1d2fdcc,4200,4200
20260712,1783896540000000,2026-07-12T22:49:00+00:00,map-user-action,marker_click,1.5,synthetic-user-038,synthetic-user-038-session-03,c8e2ab0a-cd1e-4a6a-953a-3bc83981ea04,Wintrust Arena,Sports Venues,Sports Venues,1,0,0,,https://demo.invalid/places/c8e2ab0a-cd1e-4a6a-953a-3bc83981ea04,1600,1600
20260712,1783896585000000,2026-07-12T22:49:45+00:00,page_view,detail_view,1.0,synthetic-user-038,synthetic-user-038-session-03,c8e2ab0a-cd1e-4a6a-953a-3bc83981ea04,Wintrust Arena,Sports Venues,Sports Venues,1,0,0,,https://demo.invalid/places/c8e2ab0a-cd1e-4a6a-953a-3bc83981ea04,4200,4200
20260712,1783897620000000,2026-07-12T23:07:00+00:00,map-user-action,marker_click,1.5,synthetic-user-038,synthetic-user-038-session-03,adfcbe83-44e3-48cd-b9e8-21a774b4dfa8,United Center,Sports Venues,Sports Venues,1,0,0,c8e2ab0a-cd1e-4a6a-953a-3bc83981ea04,https://demo.invalid/places/adfcbe83-44e3-48cd-b9e8-21a774b4dfa8,1600,1600
20260712,1783897665000000,2026-07-12T23:07:45+00:00,page_view,detail_view,1.0,synthetic-user-038,synthetic-user-038-session-03,adfcbe83-44e3-48cd-b9e8-21a774b4dfa8,United Center,Sports Venues,Sports Venues,1,0,0,c8e2ab0a-cd1e-4a6a-953a-3bc83981ea04,https://demo.invalid/places/adfcbe83-44e3-48cd-b9e8-21a774b4dfa8,4200,4200
20260712,1783898700000000,2026-07-12T23:25:00+00:00,map-user-action,marker_click,1.5,synthetic-user-038,synthetic-user-038-session-03,a831daee-9505-4d4b-84fb-4a55ad091ac1,Soldier Field Tour,Sports Venues; Attractions; HOT SPOTS,Sports Venues,3,1,0,adfcbe83-44e3-48cd-b9e8-21a774b4dfa8,https://demo.invalid/places/a831daee-9505-4d4b-84fb-4a55ad091ac1,1600,1600
20260712,1783898745000000,2026-07-12T23:25:45+00:00,page_view,detail_view,1.0,synthetic-user-038,synthetic-user-038-session-03,a831daee-9505-4d4b-84fb-4a55ad091ac1,Soldier Field Tour,Sports Venues; Attractions; HOT SPOTS,Sports Venues,3,1,0,adfcbe83-44e3-48cd-b9e8-21a774b4dfa8,https://demo.invalid/places/a831daee-9505-4d4b-84fb-4a55ad091ac1,4200,4200
20260712,1783899780000000,2026-07-12T23:43:00+00:00,map-user-action,marker_click,1.5,synthetic-user-038,synthetic-user-038-session-03,2f7682d4-6dfc-457e-9576-bf0b48776dc4,21c Museum Hotel,Hotels,Hotels,1,0,0,a831daee-9505-4d4b-84fb-4a55ad091ac1,https://demo.invalid/places/2f7682d4-6dfc-457e-9576-bf0b48776dc4,1600,1600
20260712,1783899825000000,2026-07-12T23:43:45+00:00,page_view,detail_view,1.0,synthetic-user-038,synthetic-user-038-session-03,2f7682d4-6dfc-457e-9576-bf0b48776dc4,21c Museum Hotel,Hotels,Hotels,1,0,0,a831daee-9505-4d4b-84fb-4a55ad091ac1,https://demo.invalid/places/2f7682d4-6dfc-457e-9576-bf0b48776dc4,4200,4200
20260713,1783902000000000,2026-07-13T00:20:00+00:00,map-user-action,marker_click,1.5,synthetic-user-053,synthetic-user-053-session-01,e3dd7225-82a0-4930-919c-e9a20d3df3db,Bally's Casino,Attractions,Attractions,1,0,0,,https://demo.invalid/places/e3dd7225-82a0-4930-919c-e9a20d3df3db,1600,1600
20260713,1783902045000000,2026-07-13T00:20:45+00:00,page_view,detail_view,1.0,synthetic-user-053,synthetic-user-053-session-01,e3dd7225-82a0-4930-919c-e9a20d3df3db,Bally's Casino,Attractions,Attractions,1,0,0,,https://demo.invalid/places/e3dd7225-82a0-4930-919c-e9a20d3df3db,4200,4200
20260713,1783903080000000,2026-07-13T00:38:00+00:00,map-user-action,marker_click,1.5,synthetic-user-053,synthetic-user-053-session-01,a06bbd92-c336-49f9-908b-a697a0b25d60,Shedd Aquarium,Attractions; Museums,Attractions,2,0,0,e3dd7225-82a0-4930-919c-e9a20d3df3db,https://demo.invalid/places/a06bbd92-c336-49f9-908b-a697a0b25d60,1600,1600
20260713,1783903125000000,2026-07-13T00:38:45+00:00,page_view,detail_view,1.0,synthetic-user-053,synthetic-user-053-session-01,a06bbd92-c336-49f9-908b-a697a0b25d60,Shedd Aquarium,Attractions; Museums,Attractions,2,0,0,e3dd7225-82a0-4930-919c-e9a20d3df3db,https://demo.invalid/places/a06bbd92-c336-49f9-908b-a697a0b25d60,4200,4200
20260713,1783904160000000,2026-07-13T00:56:00+00:00,map-user-action,marker_click,1.5,synthetic-user-053,synthetic-user-053-session-01,27755721-8818-411e-83f3-80797b4cb084,Museum of Contemporary Art,Attractions; Museums,Attractions,2,0,0,a06bbd92-c336-49f9-908b-a697a0b25d60,https://demo.invalid/places/27755721-8818-411e-83f3-80797b4cb084,1600,1600
20260713,1783904205000000,2026-07-13T00:56:45+00:00,page_view,detail_view,1.0,synthetic-user-053,synthetic-user-053-session-01,27755721-8818-411e-83f3-80797b4cb084,Museum of Contemporary Art,Attractions; Museums,Attractions,2,0,0,a06bbd92-c336-49f9-908b-a697a0b25d60,https://demo.invalid/places/27755721-8818-411e-83f3-80797b4cb084,4200,4200
20260713,1783905240000000,2026-07-13T01:14:00+00:00,map-user-action,marker_click,1.5,synthetic-user-053,synthetic-user-053-session-01,56824653-dfe5-4776-a089-423e18796d34,Courtyard by Marriott Chicago at Medical District/UIC,Attractions,Attractions,1,0,0,27755721-8818-411e-83f3-80797b4cb084,https://demo.invalid/places/56824653-dfe5-4776-a089-423e18796d34,1600,1600
20260713,1783905285000000,2026-07-13T01:14:45+00:00,page_view,detail_view,1.0,synthetic-user-053,synthetic-user-053-session-01,56824653-dfe5-4776-a089-423e18796d34,Courtyard by Marriott Chicago at Medical District/UIC,Attractions,Attractions,1,0,0,27755721-8818-411e-83f3-80797b4cb084,https://demo.invalid/places/56824653-dfe5-4776-a089-423e18796d34,4200,4200
20260713,1783909500000000,2026-07-13T02:25:00+00:00,map-user-action,marker_click,1.5,synthetic-user-061,synthetic-user-061-session-02,bdf89f72-fa5a-4eb4-9564-e958db6bbac0,Jane Addams Memorial Park,Parks,Parks,1,0,0,,https://demo.invalid/places/bdf89f72-fa5a-4eb4-9564-e958db6bbac0,1600,1600
20260713,1783909545000000,2026-07-13T02:25:45+00:00,page_view,detail_view,1.0,synthetic-user-061,synthetic-user-061-session-02,bdf89f72-fa5a-4eb4-9564-e958db6bbac0,Jane Addams Memorial Park,Parks,Parks,1,0,0,,https://demo.invalid/places/bdf89f72-fa5a-4eb4-9564-e958db6bbac0,4200,4200
20260713,1783910580000000,2026-07-13T02:43:00+00:00,map-user-action,marker_click,1.5,synthetic-user-061,synthetic-user-061-session-02,5b6e548e-d108-4995-9f1a-4ad228819e21,Geja's Cafe,HOT SPOTS; Restaurants,Restaurants,2,1,0,bdf89f72-fa5a-4eb4-9564-e958db6bbac0,https://demo.invalid/places/5b6e548e-d108-4995-9f1a-4ad228819e21,1600,1600
20260713,1783910625000000,2026-07-13T02:43:45+00:00,page_view,detail_view,1.0,synthetic-user-061,synthetic-user-061-session-02,5b6e548e-d108-4995-9f1a-4ad228819e21,Geja's Cafe,HOT SPOTS; Restaurants,Restaurants,2,1,0,bdf89f72-fa5a-4eb4-9564-e958db6bbac0,https://demo.invalid/places/5b6e548e-d108-4995-9f1a-4ad228819e21,4200,4200
20260713,1783911660000000,2026-07-13T03:01:00+00:00,map-user-action,marker_click,1.5,synthetic-user-061,synthetic-user-061-session-02,7df814b4-23d4-48eb-b86e-51325927c1e4,Ping Tom Park,Parks,Parks,1,0,0,5b6e548e-d108-4995-9f1a-4ad228819e21,https://demo.invalid/places/7df814b4-23d4-48eb-b86e-51325927c1e4,1600,1600
20260713,1783911705000000,2026-07-13T03:01:45+00:00,page_view,detail_view,1.0,synthetic-user-061,synthetic-user-061-session-02,7df814b4-23d4-48eb-b86e-51325927c1e4,Ping Tom Park,Parks,Parks,1,0,0,5b6e548e-d108-4995-9f1a-4ad228819e21,https://demo.invalid/places/7df814b4-23d4-48eb-b86e-51325927c1e4,4200,4200
20260713,1783912740000000,2026-07-13T03:19:00+00:00,map-user-action,marker_click,1.5,synthetic-user-061,synthetic-user-061-session-02,1525a1f9-6615-4c5f-9b45-fc871577444a,Chicago Children's Museum,Attractions; Museums,Attractions,2,0,0,7df814b4-23d4-48eb-b86e-51325927c1e4,https://demo.invalid/places/1525a1f9-6615-4c5f-9b45-fc871577444a,1600,1600
20260713,1783912785000000,2026-07-13T03:19:45+00:00,page_view,detail_view,1.0,synthetic-user-061,synthetic-user-061-session-02,1525a1f9-6615-4c5f-9b45-fc871577444a,Chicago Children's Museum,Attractions; Museums,Attractions,2,0,0,7df814b4-23d4-48eb-b86e-51325927c1e4,https://demo.invalid/places/1525a1f9-6615-4c5f-9b45-fc871577444a,4200,4200
20260713,1783917000000000,2026-07-13T04:30:00+00:00,map-user-action,marker_click,1.5,synthetic-user-069,synthetic-user-069-session-03,762fee73-00d8-411a-b65e-1d7c11d6bde2,Hampton Inn,Hotels,Hotels,1,0,0,,https://demo.invalid/places/762fee73-00d8-411a-b65e-1d7c11d6bde2,1600,1600
20260713,1783917045000000,2026-07-13T04:30:45+00:00,page_view,detail_view,1.0,synthetic-user-069,synthetic-user-069-session-03,762fee73-00d8-411a-b65e-1d7c11d6bde2,Hampton Inn,Hotels,Hotels,1,0,0,,https://demo.invalid/places/762fee73-00d8-411a-b65e-1d7c11d6bde2,4200,4200
20260713,1783918080000000,2026-07-13T04:48:00+00:00,map-user-action,marker_click,1.5,synthetic-user-069,synthetic-user-069-session-03,58ee6c88-2f41-489a-9c6d-360c9315519d,Audrey,Hotels,Hotels,1,0,0,762fee73-00d8-411a-b65e-1d7c11d6bde2,https://demo.invalid/places/58ee6c88-2f41-489a-9c6d-360c9315519d,1600,1600
20260713,1783918125000000,2026-07-13T04:48:45+00:00,page_view,detail_view,1.0,synthetic-user-069,synthetic-user-069-session-03,58ee6c88-2f41-489a-9c6d-360c9315519d,Audrey,Hotels,Hotels,1,0,0,762fee73-00d8-411a-b65e-1d7c11d6bde2,https://demo.invalid/places/58ee6c88-2f41-489a-9c6d-360c9315519d,4200,4200
20260713,1783919160000000,2026-07-13T05:06:00+00:00,map-user-action,marker_click,1.5,synthetic-user-069,synthetic-user-069-session-03,ad1fcf8e-54cf-4c6d-b30b-56716f9de35c,Fairfield Inn,Hotels,Hotels,1,0,0,58ee6c88-2f41-489a-9c6d-360c9315519d,https://demo.invalid/places/ad1fcf8e-54cf-4c6d-b30b-56716f9de35c,1600,1600
20260713,1783919205000000,2026-07-13T05:06:45+00:00,page_view,detail_view,1.0,synthetic-user-069,synthetic-user-069-session-03,ad1fcf8e-54cf-4c6d-b30b-56716f9de35c,Fairfield Inn,Hotels,Hotels,1,0,0,58ee6c88-2f41-489a-9c6d-360c9315519d,https://demo.invalid/places/ad1fcf8e-54cf-4c6d-b30b-56716f9de35c,4200,4200
20260713,1783920240000000,2026-07-13T05:24:00+00:00,map-user-action,marker_click,1.5,synthetic-user-069,synthetic-user-069-session-03,76231451-71c1-4913-a88d-5e7fbba20bf5,JW Marriott,Hotels,Hotels,1,0,0,ad1fcf8e-54cf-4c6d-b30b-56716f9de35c,https://demo.invalid/places/76231451-71c1-4913-a88d-5e7fbba20bf5,1600,1600
20260713,1783920285000000,2026-07-13T05:24:45+00:00,page_view,detail_view,1.0,synthetic-user-069,synthetic-user-069-session-03,76231451-71c1-4913-a88d-5e7fbba20bf5,JW Marriott,Hotels,Hotels,1,0,0,ad1fcf8e-54cf-4c6d-b30b-56716f9de35c,https://demo.invalid/places/76231451-71c1-4913-a88d-5e7fbba20bf5,4200,4200
20260713,1783961340000000,2026-07-13T16:49:00+00:00,map-user-action,marker_click,1.5,synthetic-user-012,synthetic-user-012-session-01,c8e2ab0a-cd1e-4a6a-953a-3bc83981ea04,Wintrust Arena,Sports Venues,Sports Venues,1,0,0,,https://demo.invalid/places/c8e2ab0a-cd1e-4a6a-953a-3bc83981ea04,1600,1600
20260713,1783961385000000,2026-07-13T16:49:45+00:00,page_view,detail_view,1.0,synthetic-user-012,synthetic-user-012-session-01,c8e2ab0a-cd1e-4a6a-953a-3bc83981ea04,Wintrust Arena,Sports Venues,Sports Venues,1,0,0,,https://demo.invalid/places/c8e2ab0a-cd1e-4a6a-953a-3bc83981ea04,4200,4200
20260713,1783962420000000,2026-07-13T17:07:00+00:00,map-user-action,marker_click,1.5,synthetic-user-012,synthetic-user-012-session-01,a831daee-9505-4d4b-84fb-4a55ad091ac1,Soldier Field Tour,Sports Venues; Attractions; HOT SPOTS,Sports Venues,3,1,0,c8e2ab0a-cd1e-4a6a-953a-3bc83981ea04,https://demo.invalid/places/a831daee-9505-4d4b-84fb-4a55ad091ac1,1600,1600
20260713,1783962465000000,2026-07-13T17:07:45+00:00,page_view,detail_view,1.0,synthetic-user-012,synthetic-user-012-session-01,a831daee-9505-4d4b-84fb-4a55ad091ac1,Soldier Field Tour,Sports Venues; Attractions; HOT SPOTS,Sports Venues,3,1,0,c8e2ab0a-cd1e-4a6a-953a-3bc83981ea04,https://demo.invalid/places/a831daee-9505-4d4b-84fb-4a55ad091ac1,4200,4200
20260713,1783963500000000,2026-07-13T17:25:00+00:00,map-user-action,marker_click,1.5,synthetic-user-012,synthetic-user-012-session-01,d0c80aac-6895-4f2d-b1f1-ce4d653cd253,Big Bus Tours Stop 9: Water Tower & The Magnificent Mile,Big Bus Tours Stops,Big Bus Tours Stops,1,0,0,a831daee-9505-4d4b-84fb-4a55ad091ac1,https://demo.invalid/places/d0c80aac-6895-4f2d-b1f1-ce4d653cd253,1600,1600
20260713,1783963545000000,2026-07-13T17:25:45+00:00,page_view,detail_view,1.0,synthetic-user-012,synthetic-user-012-session-01,d0c80aac-6895-4f2d-b1f1-ce4d653cd253,Big Bus Tours Stop 9: Water Tower & The Magnificent Mile,Big Bus Tours Stops,Big Bus Tours Stops,1,0,0,a831daee-9505-4d4b-84fb-4a55ad091ac1,https://demo.invalid/places/d0c80aac-6895-4f2d-b1f1-ce4d653cd253,4200,4200
20260713,1783964580000000,2026-07-13T17:43:00+00:00,map-user-action,marker_click,1.5,synthetic-user-012,synthetic-user-012-session-01,adfcbe83-44e3-48cd-b9e8-21a774b4dfa8,United Center,Sports Venues,Sports Venues,1,0,0,d0c80aac-6895-4f2d-b1f1-ce4d653cd253,https://demo.invalid/places/adfcbe83-44e3-48cd-b9e8-21a774b4dfa8,1600,1600
20260713,1783964625000000,2026-07-13T17:43:45+00:00,page_view,detail_view,1.0,synthetic-user-012,synthetic-user-012-session-01,adfcbe83-44e3-48cd-b9e8-21a774b4dfa8,United Center,Sports Venues,Sports Venues,1,0,0,d0c80aac-6895-4f2d-b1f1-ce4d653cd253,https://demo.invalid/places/adfcbe83-44e3-48cd-b9e8-21a774b4dfa8,4200,4200
20260713,1783968840000000,2026-07-13T18:54:00+00:00,map-user-action,marker_click,1.5,synthetic-user-020,synthetic-user-020-session-02,9887104e-c3d1-48b3-adfa-cabd5303713d,WNDR Museum,HOT SPOTS; Museums,Museums,2,1,0,,https://demo.invalid/places/9887104e-c3d1-48b3-adfa-cabd5303713d,1600,1600
20260713,1783968885000000,2026-07-13T18:54:45+00:00,page_view,detail_view,1.0,synthetic-user-020,synthetic-user-020-session-02,9887104e-c3d1-48b3-adfa-cabd5303713d,WNDR Museum,HOT SPOTS; Museums,Museums,2,1,0,,https://demo.invalid/places/9887104e-c3d1-48b3-adfa-cabd5303713d,4200,4200
20260713,1783969920000000,2026-07-13T19:12:00+00:00,map-user-action,marker_click,1.5,synthetic-user-020,synthetic-user-020-session-02,502a1d5c-6f47-4307-a5b8-49fd24841a75,Big Bus Tours Stop 1: Chicago Riverwalk,Big Bus Tours Stops,Big Bus Tours Stops,1,0,0,9887104e-c3d1-48b3-adfa-cabd5303713d,https://demo.invalid/places/502a1d5c-6f47-4307-a5b8-49fd24841a75,1600,1600
20260713,1783969965000000,2026-07-13T19:12:45+00:00,page_view,detail_view,1.0,synthetic-user-020,synthetic-user-020-session-02,502a1d5c-6f47-4307-a5b8-49fd24841a75,Big Bus Tours Stop 1: Chicago Riverwalk,Big Bus Tours Stops,Big Bus Tours Stops,1,0,0,9887104e-c3d1-48b3-adfa-cabd5303713d,https://demo.invalid/places/502a1d5c-6f47-4307-a5b8-49fd24841a75,4200,4200
20260713,1783971000000000,2026-07-13T19:30:00+00:00,map-user-action,marker_click,1.5,synthetic-user-020,synthetic-user-020-session-02,bfb83e19-804b-456f-8edb-a722716ecee2,Grapes & Grains,Bars,Bars,1,0,0,502a1d5c-6f47-4307-a5b8-49fd24841a75,https://demo.invalid/places/bfb83e19-804b-456f-8edb-a722716ecee2,1600,1600
20260713,1783971045000000,2026-07-13T19:30:45+00:00,page_view,detail_view,1.0,synthetic-user-020,synthetic-user-020-session-02,bfb83e19-804b-456f-8edb-a722716ecee2,Grapes & Grains,Bars,Bars,1,0,0,502a1d5c-6f47-4307-a5b8-49fd24841a75,https://demo.invalid/places/bfb83e19-804b-456f-8edb-a722716ecee2,4200,4200
20260713,1783972080000000,2026-07-13T19:48:00+00:00,map-user-action,marker_click,1.5,synthetic-user-020,synthetic-user-020-session-02,23009197-97af-46e0-ab84-86de5152ec48,Mindworks: The Science of Thinking,HOT SPOTS; Museums,Museums,2,1,0,bfb83e19-804b-456f-8edb-a722716ecee2,https://demo.invalid/places/23009197-97af-46e0-ab84-86de5152ec48,1600,1600
20260713,1783972125000000,2026-07-13T19:48:45+00:00,page_view,detail_view,1.0,synthetic-user-020,synthetic-user-020-session-02,23009197-97af-46e0-ab84-86de5152ec48,Mindworks: The Science of Thinking,HOT SPOTS; Museums,Museums,2,1,0,bfb83e19-804b-456f-8edb-a722716ecee2,https://demo.invalid/places/23009197-97af-46e0-ab84-86de5152ec48,4200,4200
20260713,1783976340000000,2026-07-13T20:59:00+00:00,map-user-action,marker_click,1.5,synthetic-user-028,synthetic-user-028-session-03,aa5afcf1-8a6f-4c19-a492-bbd302e1fd97,Island Party Hut,Bars; Restaurants,Bars,2,0,0,,https://demo.invalid/places/aa5afcf1-8a6f-4c19-a492-bbd302e1fd97,1600,1600
20260713,1783976385000000,2026-07-13T20:59:45+00:00,page_view,detail_view,1.0,synthetic-user-028,synthetic-user-028-session-03,aa5afcf1-8a6f-4c19-a492-bbd302e1fd97,Island Party Hut,Bars; Restaurants,Bars,2,0,0,,https://demo.invalid/places/aa5afcf1-8a6f-4c19-a492-bbd302e1fd97,4200,4200
20260713,1783977420000000,2026-07-13T21:17:00+00:00,map-user-action,marker_click,1.5,synthetic-user-028,synthetic-user-028-session-03,a80991f7-6c46-4acf-b640-6d2417e81457,Recess,Bars; Restaurants,Bars,2,0,0,aa5afcf1-8a6f-4c19-a492-bbd302e1fd97,https://demo.invalid/places/a80991f7-6c46-4acf-b640-6d2417e81457,1600,1600
20260713,1783977465000000,2026-07-13T21:17:45+00:00,page_view,detail_view,1.0,synthetic-user-028,synthetic-user-028-session-03,a80991f7-6c46-4acf-b640-6d2417e81457,Recess,Bars; Restaurants,Bars,2,0,0,aa5afcf1-8a6f-4c19-a492-bbd302e1fd97,https://demo.invalid/places/a80991f7-6c46-4acf-b640-6d2417e81457,4200,4200
20260713,1783978500000000,2026-07-13T21:35:00+00:00,map-user-action,marker_click,1.5,synthetic-user-028,synthetic-user-028-session-03,5bb06c4f-bee0-45b7-8b35-c24ceb07bdb2,Billy Goat Tavern (near United Center),Bars; Restaurants,Bars,2,0,0,a80991f7-6c46-4acf-b640-6d2417e81457,https://demo.invalid/places/5bb06c4f-bee0-45b7-8b35-c24ceb07bdb2,1600,1600
20260713,1783978545000000,2026-07-13T21:35:45+00:00,page_view,detail_view,1.0,synthetic-user-028,synthetic-user-028-session-03,5bb06c4f-bee0-45b7-8b35-c24ceb07bdb2,Billy Goat Tavern (near United Center),Bars; Restaurants,Bars,2,0,0,a80991f7-6c46-4acf-b640-6d2417e81457,https://demo.invalid/places/5bb06c4f-bee0-45b7-8b35-c24ceb07bdb2,4200,4200
20260713,1783979580000000,2026-07-13T21:53:00+00:00,map-user-action,marker_click,1.5,synthetic-user-028,synthetic-user-028-session-03,8c84468c-e58a-4eb7-acba-a9d1932f872a,Goose Island Taproom,Bars; Restaurants,Bars,2,0,0,5bb06c4f-bee0-45b7-8b35-c24ceb07bdb2,https://demo.invalid/places/8c84468c-e58a-4eb7-acba-a9d1932f872a,1600,1600
20260713,1783979625000000,2026-07-13T21:53:45+00:00,page_view,detail_view,1.0,synthetic-user-028,synthetic-user-028-session-03,8c84468c-e58a-4eb7-acba-a9d1932f872a,Goose Island Taproom,Bars; Restaurants,Bars,2,0,0,5bb06c4f-bee0-45b7-8b35-c24ceb07bdb2,https://demo.invalid/places/8c84468c-e58a-4eb7-acba-a9d1932f872a,4200,4200
20260713,1783981800000000,2026-07-13T22:30:00+00:00,map-user-action,marker_click,1.5,synthetic-user-043,synthetic-user-043-session-01,5bb06c4f-bee0-45b7-8b35-c24ceb07bdb2,Billy Goat Tavern (near United Center),Bars; Restaurants,Bars,2,0,0,,https://demo.invalid/places/5bb06c4f-bee0-45b7-8b35-c24ceb07bdb2,1600,1600
20260713,1783981845000000,2026-07-13T22:30:45+00:00,page_view,detail_view,1.0,synthetic-user-043,synthetic-user-043-session-01,5bb06c4f-bee0-45b7-8b35-c24ceb07bdb2,Billy Goat Tavern (near United Center),Bars; Restaurants,Bars,2,0,0,,https://demo.invalid/places/5bb06c4f-bee0-45b7-8b35-c24ceb07bdb2,4200,4200
20260713,1783982880000000,2026-07-13T22:48:00+00:00,map-user-action,marker_click,1.5,synthetic-user-043,synthetic-user-043-session-01,9383a251-cbcd-48ff-a3a7-6cc85d70b7a2,Four Seasons,Hotels,Hotels,1,0,0,5bb06c4f-bee0-45b7-8b35-c24ceb07bdb2,https://demo.invalid/places/9383a251-cbcd-48ff-a3a7-6cc85d70b7a2,1600,1600
20260713,1783982925000000,2026-07-13T22:48:45+00:00,page_view,detail_view,1.0,synthetic-user-043,synthetic-user-043-session-01,9383a251-cbcd-48ff-a3a7-6cc85d70b7a2,Four Seasons,Hotels,Hotels,1,0,0,5bb06c4f-bee0-45b7-8b35-c24ceb07bdb2,https://demo.invalid/places/9383a251-cbcd-48ff-a3a7-6cc85d70b7a2,4200,4200
20260713,1783983960000000,2026-07-13T23:06:00+00:00,map-user-action,marker_click,1.5,synthetic-user-043,synthetic-user-043-session-01,e669031a-333b-40af-bc8d-4d6f0de19512,Langham,Hotels,Hotels,1,0,0,9383a251-cbcd-48ff-a3a7-6cc85d70b7a2,https://demo.invalid/places/e669031a-333b-40af-bc8d-4d6f0de19512,1600,1600
20260713,1783984005000000,2026-07-13T23:06:45+00:00,page_view,detail_view,1.0,synthetic-user-043,synthetic-user-043-session-01,e669031a-333b-40af-bc8d-4d6f0de19512,Langham,Hotels,Hotels,1,0,0,9383a251-cbcd-48ff-a3a7-6cc85d70b7a2,https://demo.invalid/places/e669031a-333b-40af-bc8d-4d6f0de19512,4200,4200
20260713,1783985040000000,2026-07-13T23:24:00+00:00,map-user-action,marker_click,1.5,synthetic-user-043,synthetic-user-043-session-01,f667c8b9-cd6b-433e-ae24-a57adefcc940,Westin River North,Hotels,Hotels,1,0,0,e669031a-333b-40af-bc8d-4d6f0de19512,https://demo.invalid/places/f667c8b9-cd6b-433e-ae24-a57adefcc940,1600,1600
20260713,1783985085000000,2026-07-13T23:24:45+00:00,page_view,detail_view,1.0,synthetic-user-043,synthetic-user-043-session-01,f667c8b9-cd6b-433e-ae24-a57adefcc940,Westin River North,Hotels,Hotels,1,0,0,e669031a-333b-40af-bc8d-4d6f0de19512,https://demo.invalid/places/f667c8b9-cd6b-433e-ae24-a57adefcc940,4200,4200
20260714,1783989300000000,2026-07-14T00:35:00+00:00,map-user-action,marker_click,1.5,synthetic-user-051,synthetic-user-051-session-02,adfcbe83-44e3-48cd-b9e8-21a774b4dfa8,United Center,Sports Venues,Sports Venues,1,0,0,,https://demo.invalid/places/adfcbe83-44e3-48cd-b9e8-21a774b4dfa8,1600,1600
20260714,1783989345000000,2026-07-14T00:35:45+00:00,page_view,detail_view,1.0,synthetic-user-051,synthetic-user-051-session-02,adfcbe83-44e3-48cd-b9e8-21a774b4dfa8,United Center,Sports Venues,Sports Venues,1,0,0,,https://demo.invalid/places/adfcbe83-44e3-48cd-b9e8-21a774b4dfa8,4200,4200
20260714,1783990380000000,2026-07-14T00:53:00+00:00,map-user-action,marker_click,1.5,synthetic-user-051,synthetic-user-051-session-02,c8e2ab0a-cd1e-4a6a-953a-3bc83981ea04,Wintrust Arena,Sports Venues,Sports Venues,1,0,0,adfcbe83-44e3-48cd-b9e8-21a774b4dfa8,https://demo.invalid/places/c8e2ab0a-cd1e-4a6a-953a-3bc83981ea04,1600,1600
20260714,1783990425000000,2026-07-14T00:53:45+00:00,page_view,detail_view,1.0,synthetic-user-051,synthetic-user-051-session-02,c8e2ab0a-cd1e-4a6a-953a-3bc83981ea04,Wintrust Arena,Sports Venues,Sports Venues,1,0,0,adfcbe83-44e3-48cd-b9e8-21a774b4dfa8,https://demo.invalid/places/c8e2ab0a-cd1e-4a6a-953a-3bc83981ea04,4200,4200
20260714,1783991460000000,2026-07-14T01:11:00+00:00,map-user-action,marker_click,1.5,synthetic-user-051,synthetic-user-051-session-02,087d51b9-f781-4806-aab3-8075785fa6a8,Aloft,Hotels,Hotels,1,0,0,c8e2ab0a-cd1e-4a6a-953a-3bc83981ea04,https://demo.invalid/places/087d51b9-f781-4806-aab3-8075785fa6a8,1600,1600
20260714,1783991505000000,2026-07-14T01:11:45+00:00,page_view,detail_view,1.0,synthetic-user-051,synthetic-user-051-session-02,087d51b9-f781-4806-aab3-8075785fa6a8,Aloft,Hotels,Hotels,1,0,0,c8e2ab0a-cd1e-4a6a-953a-3bc83981ea04,https://demo.invalid/places/087d51b9-f781-4806-aab3-8075785fa6a8,4200,4200
20260714,1783992540000000,2026-07-14T01:29:00+00:00,map-user-action,marker_click,1.5,synthetic-user-051,synthetic-user-051-session-02,0ed825ef-99cd-4b15-8e93-5a0b9b6c65ed,Big Bus Tours Stop 2: Skydeck Chicago & Willis Tower,Big Bus Tours Stops,Big Bus Tours Stops,1,0,0,087d51b9-f781-4806-aab3-8075785fa6a8,https://demo.invalid/places/0ed825ef-99cd-4b15-8e93-5a0b9b6c65ed,1600,1600
20260714,1783992585000000,2026-07-14T01:29:45+00:00,page_view,detail_view,1.0,synthetic-user-051,synthetic-user-051-session-02,0ed825ef-99cd-4b15-8e93-5a0b9b6c65ed,Big Bus Tours Stop 2: Skydeck Chicago & Willis Tower,Big Bus Tours Stops,Big Bus Tours Stops,1,0,0,087d51b9-f781-4806-aab3-8075785fa6a8,https://demo.invalid/places/0ed825ef-99cd-4b15-8e93-5a0b9b6c65ed,4200,4200
20260714,1783996800000000,2026-07-14T02:40:00+00:00,map-user-action,marker_click,1.5,synthetic-user-059,synthetic-user-059-session-03,fee6875f-c61c-4d9f-a828-73e3446a3a6c,Museum of Broadcast Communications,HOT SPOTS; Museums,Museums,2,1,0,,https://demo.invalid/places/fee6875f-c61c-4d9f-a828-73e3446a3a6c,1600,1600
20260714,1783996845000000,2026-07-14T02:40:45+00:00,page_view,detail_view,1.0,synthetic-user-059,synthetic-user-059-session-03,fee6875f-c61c-4d9f-a828-73e3446a3a6c,Museum of Broadcast Communications,HOT SPOTS; Museums,Museums,2,1,0,,https://demo.invalid/places/fee6875f-c61c-4d9f-a828-73e3446a3a6c,4200,4200
20260714,1783997880000000,2026-07-14T02:58:00+00:00,map-user-action,marker_click,1.5,synthetic-user-059,synthetic-user-059-session-03,23009197-97af-46e0-ab84-86de5152ec48,Mindworks: The Science of Thinking,HOT SPOTS; Museums,Museums,2,1,0,fee6875f-c61c-4d9f-a828-73e3446a3a6c,https://demo.invalid/places/23009197-97af-46e0-ab84-86de5152ec48,1600,1600
20260714,1783997925000000,2026-07-14T02:58:45+00:00,page_view,detail_view,1.0,synthetic-user-059,synthetic-user-059-session-03,23009197-97af-46e0-ab84-86de5152ec48,Mindworks: The Science of Thinking,HOT SPOTS; Museums,Museums,2,1,0,fee6875f-c61c-4d9f-a828-73e3446a3a6c,https://demo.invalid/places/23009197-97af-46e0-ab84-86de5152ec48,4200,4200
20260714,1783998960000000,2026-07-14T03:16:00+00:00,map-user-action,marker_click,1.5,synthetic-user-059,synthetic-user-059-session-03,ff40b238-44f5-4584-97b5-7ed9b05f840a,Broadway Playhouse,Theaters and Music Venues,Theaters and Music Venues,1,0,0,23009197-97af-46e0-ab84-86de5152ec48,https://demo.invalid/places/ff40b238-44f5-4584-97b5-7ed9b05f840a,1600,1600
20260714,1783999005000000,2026-07-14T03:16:45+00:00,page_view,detail_view,1.0,synthetic-user-059,synthetic-user-059-session-03,ff40b238-44f5-4584-97b5-7ed9b05f840a,Broadway Playhouse,Theaters and Music Venues,Theaters and Music Venues,1,0,0,23009197-97af-46e0-ab84-86de5152ec48,https://demo.invalid/places/ff40b238-44f5-4584-97b5-7ed9b05f840a,4200,4200
20260714,1784000040000000,2026-07-14T03:34:00+00:00,map-user-action,marker_click,1.5,synthetic-user-059,synthetic-user-059-session-03,56824653-dfe5-4776-a089-423e18796d34,Courtyard by Marriott Chicago at Medical District/UIC,Attractions,Attractions,1,0,0,ff40b238-44f5-4584-97b5-7ed9b05f840a,https://demo.invalid/places/56824653-dfe5-4776-a089-423e18796d34,1600,1600
20260714,1784000085000000,2026-07-14T03:34:45+00:00,page_view,detail_view,1.0,synthetic-user-059,synthetic-user-059-session-03,56824653-dfe5-4776-a089-423e18796d34,Courtyard by Marriott Chicago at Medical District/UIC,Attractions,Attractions,1,0,0,ff40b238-44f5-4584-97b5-7ed9b05f840a,https://demo.invalid/places/56824653-dfe5-4776-a089-423e18796d34,4200,4200
20260714,1784002260000000,2026-07-14T04:11:00+00:00,map-user-action,marker_click,1.5,synthetic-user-074,synthetic-user-074-session-01,1eb0d402-8f19-46df-90f8-0b1c953cfa88,Millennium Park,Parks; Attractions,Parks,2,0,0,,https://demo.invalid/places/1eb0d402-8f19-46df-90f8-0b1c953cfa88,1600,1600
20260714,1784002305000000,2026-07-14T04:11:45+00:00,page_view,detail_view,1.0,synthetic-user-074,synthetic-user-074-session-01,1eb0d402-8f19-46df-90f8-0b1c953cfa88,Millennium Park,Parks; Attractions,Parks,2,0,0,,https://demo.invalid/places/1eb0d402-8f19-46df-90f8-0b1c953cfa88,4200,4200
20260714,1784003340000000,2026-07-14T04:29:00+00:00,map-user-action,marker_click,1.5,synthetic-user-074,synthetic-user-074-session-01,7df814b4-23d4-48eb-b86e-51325927c1e4,Ping Tom Park,Parks,Parks,1,0,0,1eb0d402-8f19-46df-90f8-0b1c953cfa88,https://demo.invalid/places/7df814b4-23d4-48eb-b86e-51325927c1e4,1600,1600
20260714,1784003385000000,2026-07-14T04:29:45+00:00,page_view,detail_view,1.0,synthetic-user-074,synthetic-user-074-session-01,7df814b4-23d4-48eb-b86e-51325927c1e4,Ping Tom Park,Parks,Parks,1,0,0,1eb0d402-8f19-46df-90f8-0b1c953cfa88,https://demo.invalid/places/7df814b4-23d4-48eb-b86e-51325927c1e4,4200,4200
20260714,1784004420000000,2026-07-14T04:47:00+00:00,map-user-action,marker_click,1.5,synthetic-user-074,synthetic-user-074-session-01,b27be0cb-8774-401b-9aaa-2d5c1fda212d,Maggie Daley Park,Parks,Parks,1,0,0,7df814b4-23d4-48eb-b86e-51325927c1e4,https://demo.invalid/places/b27be0cb-8774-401b-9aaa-2d5c1fda212d,1600,1600
20260714,1784004465000000,2026-07-14T04:47:45+00:00,page_view,detail_view,1.0,synthetic-user-074,synthetic-user-074-session-01,b27be0cb-8774-401b-9aaa-2d5c1fda212d,Maggie Daley Park,Parks,Parks,1,0,0,7df814b4-23d4-48eb-b86e-51325927c1e4,https://demo.invalid/places/b27be0cb-8774-401b-9aaa-2d5c1fda212d,4200,4200
20260714,1784005500000000,2026-07-14T05:05:00+00:00,map-user-action,marker_click,1.5,synthetic-user-074,synthetic-user-074-session-01,0eedc28c-5cfe-4e41-812e-6ffbb1199b59,360 Chicago Observation Deck,Attractions,Attractions,1,0,0,b27be0cb-8774-401b-9aaa-2d5c1fda212d,https://demo.invalid/places/0eedc28c-5cfe-4e41-812e-6ffbb1199b59,1600,1600
20260714,1784005545000000,2026-07-14T05:05:45+00:00,page_view,detail_view,1.0,synthetic-user-074,synthetic-user-074-session-01,0eedc28c-5cfe-4e41-812e-6ffbb1199b59,360 Chicago Observation Deck,Attractions,Attractions,1,0,0,b27be0cb-8774-401b-9aaa-2d5c1fda212d,https://demo.invalid/places/0eedc28c-5cfe-4e41-812e-6ffbb1199b59,4200,4200
20260714,1784041140000000,2026-07-14T14:59:00+00:00,map-user-action,marker_click,1.5,synthetic-user-002,synthetic-user-002-session-01,94657afc-0436-421f-b928-de0f464c8351,Emerald Loop,HOT SPOTS; Bars; Restaurants,Bars,3,1,0,,https://demo.invalid/places/94657afc-0436-421f-b928-de0f464c8351,1600,1600
20260714,1784041185000000,2026-07-14T14:59:45+00:00,page_view,detail_view,1.0,synthetic-user-002,synthetic-user-002-session-01,94657afc-0436-421f-b928-de0f464c8351,Emerald Loop,HOT SPOTS; Bars; Restaurants,Bars,3,1,0,,https://demo.invalid/places/94657afc-0436-421f-b928-de0f464c8351,4200,4200
20260714,1784042220000000,2026-07-14T15:17:00+00:00,map-user-action,marker_click,1.5,synthetic-user-002,synthetic-user-002-session-01,e3dd7225-82a0-4930-919c-e9a20d3df3db,Bally's Casino,Attractions,Attractions,1,0,0,94657afc-0436-421f-b928-de0f464c8351,https://demo.invalid/places/e3dd7225-82a0-4930-919c-e9a20d3df3db,1600,1600
20260714,1784042265000000,2026-07-14T15:17:45+00:00,page_view,detail_view,1.0,synthetic-user-002,synthetic-user-002-session-01,e3dd7225-82a0-4930-919c-e9a20d3df3db,Bally's Casino,Attractions,Attractions,1,0,0,94657afc-0436-421f-b928-de0f464c8351,https://demo.invalid/places/e3dd7225-82a0-4930-919c-e9a20d3df3db,4200,4200
20260714,1784043300000000,2026-07-14T15:35:00+00:00,map-user-action,marker_click,1.5,synthetic-user-002,synthetic-user-002-session-01,d0dd29f4-691d-430e-bc60-3e3038313a29,Chicago History Museum,Attractions; Museums,Attractions,2,0,0,e3dd7225-82a0-4930-919c-e9a20d3df3db,https://demo.invalid/places/d0dd29f4-691d-430e-bc60-3e3038313a29,1600,1600
20260714,1784043345000000,2026-07-14T15:35:45+00:00,page_view,detail_view,1.0,synthetic-user-002,synthetic-user-002-session-01,d0dd29f4-691d-430e-bc60-3e3038313a29,Chicago History Museum,Attractions; Museums,Attractions,2,0,0,e3dd7225-82a0-4930-919c-e9a20d3df3db,https://demo.invalid/places/d0dd29f4-691d-430e-bc60-3e3038313a29,4200,4200
20260714,1784044380000000,2026-07-14T15:53:00+00:00,map-user-action,marker_click,1.5,synthetic-user-002,synthetic-user-002-session-01,1000e24d-559b-45b2-bb6f-e078555a8a6f,Howl at the Moon,HOT SPOTS; Bars,Bars,2,1,0,d0dd29f4-691d-430e-bc60-3e3038313a29,https://demo.invalid/places/1000e24d-559b-45b2-bb6f-e078555a8a6f,1600,1600
20260714,1784044425000000,2026-07-14T15:53:45+00:00,page_view,detail_view,1.0,synthetic-user-002,synthetic-user-002-session-01,1000e24d-559b-45b2-bb6f-e078555a8a6f,Howl at the Moon,HOT SPOTS; Bars,Bars,2,1,0,d0dd29f4-691d-430e-bc60-3e3038313a29,https://demo.invalid/places/1000e24d-559b-45b2-bb6f-e078555a8a6f,4200,4200
20260714,1784048640000000,2026-07-14T17:04:00+00:00,map-user-action,marker_click,1.5,synthetic-user-010,synthetic-user-010-session-02,8a157812-2a9d-4f20-943e-d47d8ed2d3c4,Stetson's,Restaurants,Restaurants,1,0,0,,https://demo.invalid/places/8a157812-2a9d-4f20-943e-d47d8ed2d3c4,1600,1600
20260714,1784048685000000,2026-07-14T17:04:45+00:00,page_view,detail_view,1.0,synthetic-user-010,synthetic-user-010-session-02,8a157812-2a9d-4f20-943e-d47d8ed2d3c4,Stetson's,Restaurants,Restaurants,1,0,0,,https://demo.invalid/places/8a157812-2a9d-4f20-943e-d47d8ed2d3c4,4200,4200
20260714,1784049720000000,2026-07-14T17:22:00+00:00,map-user-action,marker_click,1.5,synthetic-user-010,synthetic-user-010-session-02,e711b59b-37cf-4841-b6d5-bd55c15c62c1,Adler Planetarium,Attractions; Museums,Attractions,2,0,0,8a157812-2a9d-4f20-943e-d47d8ed2d3c4,https://demo.invalid/places/e711b59b-37cf-4841-b6d5-bd55c15c62c1,1600,1600
20260714,1784049765000000,2026-07-14T17:22:45+00:00,page_view,detail_view,1.0,synthetic-user-010,synthetic-user-010-session-02,e711b59b-37cf-4841-b6d5-bd55c15c62c1,Adler Planetarium,Attractions; Museums,Attractions,2,0,0,8a157812-2a9d-4f20-943e-d47d8ed2d3c4,https://demo.invalid/places/e711b59b-37cf-4841-b6d5-bd55c15c62c1,4200,4200
20260714,1784050800000000,2026-07-14T17:40:00+00:00,map-user-action,marker_click,1.5,synthetic-user-010,synthetic-user-010-session-02,8cb3a078-97e0-468e-aa20-67eb3be462d6,Embassy Suites,Hotels,Hotels,1,0,0,e711b59b-37cf-4841-b6d5-bd55c15c62c1,https://demo.invalid/places/8cb3a078-97e0-468e-aa20-67eb3be462d6,1600,1600
20260714,1784050845000000,2026-07-14T17:40:45+00:00,page_view,detail_view,1.0,synthetic-user-010,synthetic-user-010-session-02,8cb3a078-97e0-468e-aa20-67eb3be462d6,Embassy Suites,Hotels,Hotels,1,0,0,e711b59b-37cf-4841-b6d5-bd55c15c62c1,https://demo.invalid/places/8cb3a078-97e0-468e-aa20-67eb3be462d6,4200,4200
20260714,1784051880000000,2026-07-14T17:58:00+00:00,map-user-action,marker_click,1.5,synthetic-user-010,synthetic-user-010-session-02,0b1bab11-a4df-488e-b6b3-b2ffadc71bc3,Roll Up,HOT SPOTS; Restaurants,Restaurants,2,1,0,8cb3a078-97e0-468e-aa20-67eb3be462d6,https://demo.invalid/places/0b1bab11-a4df-488e-b6b3-b2ffadc71bc3,1600,1600
20260714,1784051925000000,2026-07-14T17:58:45+00:00,page_view,detail_view,1.0,synthetic-user-010,synthetic-user-010-session-02,0b1bab11-a4df-488e-b6b3-b2ffadc71bc3,Roll Up,HOT SPOTS; Restaurants,Restaurants,2,1,0,8cb3a078-97e0-468e-aa20-67eb3be462d6,https://demo.invalid/places/0b1bab11-a4df-488e-b6b3-b2ffadc71bc3,4200,4200
20260714,1784056140000000,2026-07-14T19:09:00+00:00,map-user-action,marker_click,1.5,synthetic-user-018,synthetic-user-018-session-03,cc926fb8-553c-47bc-82e2-16b8e013a2ae,Chicago Fire Department - Engine Co. 18,Movie & TV Locations,Movie & TV Locations,1,0,0,,https://demo.invalid/places/cc926fb8-553c-47bc-82e2-16b8e013a2ae,1600,1600
20260714,1784056185000000,2026-07-14T19:09:45+00:00,page_view,detail_view,1.0,synthetic-user-018,synthetic-user-018-session-03,cc926fb8-553c-47bc-82e2-16b8e013a2ae,Chicago Fire Department - Engine Co. 18,Movie & TV Locations,Movie & TV Locations,1,0,0,,https://demo.invalid/places/cc926fb8-553c-47bc-82e2-16b8e013a2ae,4200,4200
20260714,1784057220000000,2026-07-14T19:27:00+00:00,map-user-action,marker_click,1.5,synthetic-user-018,synthetic-user-018-session-03,6024e9cc-a4c0-4c80-9945-21a570cabfbc,Chicago Brewhouse,HOT SPOTS; Bars; Restaurants,Bars,3,1,0,cc926fb8-553c-47bc-82e2-16b8e013a2ae,https://demo.invalid/places/6024e9cc-a4c0-4c80-9945-21a570cabfbc,1600,1600
20260714,1784057265000000,2026-07-14T19:27:45+00:00,page_view,detail_view,1.0,synthetic-user-018,synthetic-user-018-session-03,6024e9cc-a4c0-4c80-9945-21a570cabfbc,Chicago Brewhouse,HOT SPOTS; Bars; Restaurants,Bars,3,1,0,cc926fb8-553c-47bc-82e2-16b8e013a2ae,https://demo.invalid/places/6024e9cc-a4c0-4c80-9945-21a570cabfbc,4200,4200
20260714,1784058300000000,2026-07-14T19:45:00+00:00,map-user-action,marker_click,1.5,synthetic-user-018,synthetic-user-018-session-03,be53ba5f-2962-46fd-a56d-ed7a07d9d605,avec Restaurant,Movie & TV Locations; Restaurants,Movie & TV Locations,2,0,0,6024e9cc-a4c0-4c80-9945-21a570cabfbc,https://demo.invalid/places/be53ba5f-2962-46fd-a56d-ed7a07d9d605,1600,1600
20260714,1784058345000000,2026-07-14T19:45:45+00:00,page_view,detail_view,1.0,synthetic-user-018,synthetic-user-018-session-03,be53ba5f-2962-46fd-a56d-ed7a07d9d605,avec Restaurant,Movie & TV Locations; Restaurants,Movie & TV Locations,2,0,0,6024e9cc-a4c0-4c80-9945-21a570cabfbc,https://demo.invalid/places/be53ba5f-2962-46fd-a56d-ed7a07d9d605,4200,4200
20260714,1784059380000000,2026-07-14T20:03:00+00:00,map-user-action,marker_click,1.5,synthetic-user-018,synthetic-user-018-session-03,69823c0c-c554-444b-b769-1b8eb2fcbc6c,Best Western,Hotels,Hotels,1,0,0,be53ba5f-2962-46fd-a56d-ed7a07d9d605,https://demo.invalid/places/69823c0c-c554-444b-b769-1b8eb2fcbc6c,1600,1600
20260714,1784059425000000,2026-07-14T20:03:45+00:00,page_view,detail_view,1.0,synthetic-user-018,synthetic-user-018-session-03,69823c0c-c554-444b-b769-1b8eb2fcbc6c,Best Western,Hotels,Hotels,1,0,0,be53ba5f-2962-46fd-a56d-ed7a07d9d605,https://demo.invalid/places/69823c0c-c554-444b-b769-1b8eb2fcbc6c,4200,4200
20260714,1784061600000000,2026-07-14T20:40:00+00:00,map-user-action,marker_click,1.5,synthetic-user-033,synthetic-user-033-session-01,fee6875f-c61c-4d9f-a828-73e3446a3a6c,Museum of Broadcast Communications,HOT SPOTS; Museums,Museums,2,1,0,,https://demo.invalid/places/fee6875f-c61c-4d9f-a828-73e3446a3a6c,1600,1600
20260714,1784061645000000,2026-07-14T20:40:45+00:00,page_view,detail_view,1.0,synthetic-user-033,synthetic-user-033-session-01,fee6875f-c61c-4d9f-a828-73e3446a3a6c,Museum of Broadcast Communications,HOT SPOTS; Museums,Museums,2,1,0,,https://demo.invalid/places/fee6875f-c61c-4d9f-a828-73e3446a3a6c,4200,4200
20260714,1784062680000000,2026-07-14T20:58:00+00:00,map-user-action,marker_click,1.5,synthetic-user-033,synthetic-user-033-session-01,5bb06c4f-bee0-45b7-8b35-c24ceb07bdb2,Billy Goat Tavern (near United Center),Bars; Restaurants,Bars,2,0,0,fee6875f-c61c-4d9f-a828-73e3446a3a6c,https://demo.invalid/places/5bb06c4f-bee0-45b7-8b35-c24ceb07bdb2,1600,1600
20260714,1784062725000000,2026-07-14T20:58:45+00:00,page_view,detail_view,1.0,synthetic-user-033,synthetic-user-033-session-01,5bb06c4f-bee0-45b7-8b35-c24ceb07bdb2,Billy Goat Tavern (near United Center),Bars; Restaurants,Bars,2,0,0,fee6875f-c61c-4d9f-a828-73e3446a3a6c,https://demo.invalid/places/5bb06c4f-bee0-45b7-8b35-c24ceb07bdb2,4200,4200
20260714,1784063760000000,2026-07-14T21:16:00+00:00,map-user-action,marker_click,1.5,synthetic-user-033,synthetic-user-033-session-01,9887104e-c3d1-48b3-adfa-cabd5303713d,WNDR Museum,HOT SPOTS; Museums,Museums,2,1,0,5bb06c4f-bee0-45b7-8b35-c24ceb07bdb2,https://demo.invalid/places/9887104e-c3d1-48b3-adfa-cabd5303713d,1600,1600
20260714,1784063805000000,2026-07-14T21:16:45+00:00,page_view,detail_view,1.0,synthetic-user-033,synthetic-user-033-session-01,9887104e-c3d1-48b3-adfa-cabd5303713d,WNDR Museum,HOT SPOTS; Museums,Museums,2,1,0,5bb06c4f-bee0-45b7-8b35-c24ceb07bdb2,https://demo.invalid/places/9887104e-c3d1-48b3-adfa-cabd5303713d,4200,4200
20260714,1784064840000000,2026-07-14T21:34:00+00:00,map-user-action,marker_click,1.5,synthetic-user-033,synthetic-user-033-session-01,fe6337f9-9caf-4a5b-b9ce-7dfe628b670d,Claridge House,Hotels,Hotels,1,0,0,9887104e-c3d1-48b3-adfa-cabd5303713d,https://demo.invalid/places/fe6337f9-9caf-4a5b-b9ce-7dfe628b670d,1600,1600
20260714,1784064885000000,2026-07-14T21:34:45+00:00,page_view,detail_view,1.0,synthetic-user-033,synthetic-user-033-session-01,fe6337f9-9caf-4a5b-b9ce-7dfe628b670d,Claridge House,Hotels,Hotels,1,0,0,9887104e-c3d1-48b3-adfa-cabd5303713d,https://demo.invalid/places/fe6337f9-9caf-4a5b-b9ce-7dfe628b670d,4200,4200
20260714,1784069100000000,2026-07-14T22:45:00+00:00,map-user-action,marker_click,1.5,synthetic-user-041,synthetic-user-041-session-02,d5148032-0c5f-467b-b29e-a5202d3af219,Big Bus Tours Stop 10: 360 Chicago,Big Bus Tours Stops,Big Bus Tours Stops,1,0,0,,https://demo.invalid/places/d5148032-0c5f-467b-b29e-a5202d3af219,1600,1600
20260714,1784069145000000,2026-07-14T22:45:45+00:00,page_view,detail_view,1.0,synthetic-user-041,synthetic-user-041-session-02,d5148032-0c5f-467b-b29e-a5202d3af219,Big Bus Tours Stop 10: 360 Chicago,Big Bus Tours Stops,Big Bus Tours Stops,1,0,0,,https://demo.invalid/places/d5148032-0c5f-467b-b29e-a5202d3af219,4200,4200
20260714,1784070180000000,2026-07-14T23:03:00+00:00,map-user-action,marker_click,1.5,synthetic-user-041,synthetic-user-041-session-02,6a0b7867-8566-44cd-a074-e66d82e34e87,Best Western Grant Park,Hotels,Hotels,1,0,0,d5148032-0c5f-467b-b29e-a5202d3af219,https://demo.invalid/places/6a0b7867-8566-44cd-a074-e66d82e34e87,1600,1600
20260714,1784070225000000,2026-07-14T23:03:45+00:00,page_view,detail_view,1.0,synthetic-user-041,synthetic-user-041-session-02,6a0b7867-8566-44cd-a074-e66d82e34e87,Best Western Grant Park,Hotels,Hotels,1,0,0,d5148032-0c5f-467b-b29e-a5202d3af219,https://demo.invalid/places/6a0b7867-8566-44cd-a074-e66d82e34e87,4200,4200
20260714,1784071260000000,2026-07-14T23:21:00+00:00,map-user-action,marker_click,1.5,synthetic-user-041,synthetic-user-041-session-02,199e5b2c-9b6d-4e8b-8b5e-749f9c887267,The Aberdeen Tap,Bars; Restaurants,Bars,2,0,0,6a0b7867-8566-44cd-a074-e66d82e34e87,https://demo.invalid/places/199e5b2c-9b6d-4e8b-8b5e-749f9c887267,1600,1600
20260714,1784071305000000,2026-07-14T23:21:45+00:00,page_view,detail_view,1.0,synthetic-user-041,synthetic-user-041-session-02,199e5b2c-9b6d-4e8b-8b5e-749f9c887267,The Aberdeen Tap,Bars; Restaurants,Bars,2,0,0,6a0b7867-8566-44cd-a074-e66d82e34e87,https://demo.invalid/places/199e5b2c-9b6d-4e8b-8b5e-749f9c887267,4200,4200
20260714,1784072340000000,2026-07-14T23:39:00+00:00,map-user-action,marker_click,1.5,synthetic-user-041,synthetic-user-041-session-02,aa5afcf1-8a6f-4c19-a492-bbd302e1fd97,Island Party Hut,Bars; Restaurants,Bars,2,0,0,199e5b2c-9b6d-4e8b-8b5e-749f9c887267,https://demo.invalid/places/aa5afcf1-8a6f-4c19-a492-bbd302e1fd97,1600,1600
20260714,1784072385000000,2026-07-14T23:39:45+00:00,page_view,detail_view,1.0,synthetic-user-041,synthetic-user-041-session-02,aa5afcf1-8a6f-4c19-a492-bbd302e1fd97,Island Party Hut,Bars; Restaurants,Bars,2,0,0,199e5b2c-9b6d-4e8b-8b5e-749f9c887267,https://demo.invalid/places/aa5afcf1-8a6f-4c19-a492-bbd302e1fd97,4200,4200
20260715,1784076600000000,2026-07-15T00:50:00+00:00,map-user-action,marker_click,1.5,synthetic-user-049,synthetic-user-049-session-03,5c9865f0-0768-465d-b0aa-bf2aa974327a,Robert's Pizza & Dough Company,HOT SPOTS; Restaurants,Restaurants,2,1,0,,https://demo.invalid/places/5c9865f0-0768-465d-b0aa-bf2aa974327a,1600,1600
20260715,1784076645000000,2026-07-15T00:50:45+00:00,page_view,detail_view,1.0,synthetic-user-049,synthetic-user-049-session-03,5c9865f0-0768-465d-b0aa-bf2aa974327a,Robert's Pizza & Dough Company,HOT SPOTS; Restaurants,Restaurants,2,1,0,,https://demo.invalid/places/5c9865f0-0768-465d-b0aa-bf2aa974327a,4200,4200
20260715,1784077680000000,2026-07-15T01:08:00+00:00,map-user-action,marker_click,1.5,synthetic-user-049,synthetic-user-049-session-03,e3f77f69-0255-466c-92d4-75dd9be82330,900 N. Michigan Shops,Shops,Shops,1,0,0,5c9865f0-0768-465d-b0aa-bf2aa974327a,https://demo.invalid/places/e3f77f69-0255-466c-92d4-75dd9be82330,1600,1600
20260715,1784077725000000,2026-07-15T01:08:45+00:00,page_view,detail_view,1.0,synthetic-user-049,synthetic-user-049-session-03,e3f77f69-0255-466c-92d4-75dd9be82330,900 N. Michigan Shops,Shops,Shops,1,0,0,5c9865f0-0768-465d-b0aa-bf2aa974327a,https://demo.invalid/places/e3f77f69-0255-466c-92d4-75dd9be82330,4200,4200
20260715,1784078760000000,2026-07-15T01:26:00+00:00,map-user-action,marker_click,1.5,synthetic-user-049,synthetic-user-049-session-03,f10a7db2-d660-4033-b4f5-7f8e66917c81,Weather Mark Tavern,Restaurants,Restaurants,1,0,0,e3f77f69-0255-466c-92d4-75dd9be82330,https://demo.invalid/places/f10a7db2-d660-4033-b4f5-7f8e66917c81,1600,1600
20260715,1784078805000000,2026-07-15T01:26:45+00:00,page_view,detail_view,1.0,synthetic-user-049,synthetic-user-049-session-03,f10a7db2-d660-4033-b4f5-7f8e66917c81,Weather Mark Tavern,Restaurants,Restaurants,1,0,0,e3f77f69-0255-466c-92d4-75dd9be82330,https://demo.invalid/places/f10a7db2-d660-4033-b4f5-7f8e66917c81,4200,4200
20260715,1784079840000000,2026-07-15T01:44:00+00:00,map-user-action,marker_click,1.5,synthetic-user-049,synthetic-user-049-session-03,9373e01a-e0dd-4ac4-8b9e-4cef1bd81911,Yolk - South Loop,HOT SPOTS; Restaurants,Restaurants,2,1,0,f10a7db2-d660-4033-b4f5-7f8e66917c81,https://demo.invalid/places/9373e01a-e0dd-4ac4-8b9e-4cef1bd81911,1600,1600
20260715,1784079885000000,2026-07-15T01:44:45+00:00,page_view,detail_view,1.0,synthetic-user-049,synthetic-user-049-session-03,9373e01a-e0dd-4ac4-8b9e-4cef1bd81911,Yolk - South Loop,HOT SPOTS; Restaurants,Restaurants,2,1,0,f10a7db2-d660-4033-b4f5-7f8e66917c81,https://demo.invalid/places/9373e01a-e0dd-4ac4-8b9e-4cef1bd81911,4200,4200
20260715,1784082060000000,2026-07-15T02:21:00+00:00,map-user-action,marker_click,1.5,synthetic-user-064,synthetic-user-064-session-01,f9d8de83-a6ab-46c0-ada9-69975c670ef9,Big Bus Tours Stop 11: River North,Big Bus Tours Stops,Big Bus Tours Stops,1,0,0,,https://demo.invalid/places/f9d8de83-a6ab-46c0-ada9-69975c670ef9,1600,1600
20260715,1784082105000000,2026-07-15T02:21:45+00:00,page_view,detail_view,1.0,synthetic-user-064,synthetic-user-064-session-01,f9d8de83-a6ab-46c0-ada9-69975c670ef9,Big Bus Tours Stop 11: River North,Big Bus Tours Stops,Big Bus Tours Stops,1,0,0,,https://demo.invalid/places/f9d8de83-a6ab-46c0-ada9-69975c670ef9,4200,4200
20260715,1784083140000000,2026-07-15T02:39:00+00:00,map-user-action,marker_click,1.5,synthetic-user-064,synthetic-user-064-session-01,bfb83e19-804b-456f-8edb-a722716ecee2,Grapes & Grains,Bars,Bars,1,0,0,f9d8de83-a6ab-46c0-ada9-69975c670ef9,https://demo.invalid/places/bfb83e19-804b-456f-8edb-a722716ecee2,1600,1600
20260715,1784083185000000,2026-07-15T02:39:45+00:00,page_view,detail_view,1.0,synthetic-user-064,synthetic-user-064-session-01,bfb83e19-804b-456f-8edb-a722716ecee2,Grapes & Grains,Bars,Bars,1,0,0,f9d8de83-a6ab-46c0-ada9-69975c670ef9,https://demo.invalid/places/bfb83e19-804b-456f-8edb-a722716ecee2,4200,4200
20260715,1784084220000000,2026-07-15T02:57:00+00:00,map-user-action,marker_click,1.5,synthetic-user-064,synthetic-user-064-session-01,c8e2ab0a-cd1e-4a6a-953a-3bc83981ea04,Wintrust Arena,Sports Venues,Sports Venues,1,0,0,bfb83e19-804b-456f-8edb-a722716ecee2,https://demo.invalid/places/c8e2ab0a-cd1e-4a6a-953a-3bc83981ea04,1600,1600
20260715,1784084265000000,2026-07-15T02:57:45+00:00,page_view,detail_view,1.0,synthetic-user-064,synthetic-user-064-session-01,c8e2ab0a-cd1e-4a6a-953a-3bc83981ea04,Wintrust Arena,Sports Venues,Sports Venues,1,0,0,bfb83e19-804b-456f-8edb-a722716ecee2,https://demo.invalid/places/c8e2ab0a-cd1e-4a6a-953a-3bc83981ea04,4200,4200
20260715,1784085300000000,2026-07-15T03:15:00+00:00,map-user-action,marker_click,1.5,synthetic-user-064,synthetic-user-064-session-01,d52b221c-280b-4f32-afcd-7939cec5f4fb,Block 37,Shops,Shops,1,0,0,c8e2ab0a-cd1e-4a6a-953a-3bc83981ea04,https://demo.invalid/places/d52b221c-280b-4f32-afcd-7939cec5f4fb,1600,1600
20260715,1784085345000000,2026-07-15T03:15:45+00:00,page_view,detail_view,1.0,synthetic-user-064,synthetic-user-064-session-01,d52b221c-280b-4f32-afcd-7939cec5f4fb,Block 37,Shops,Shops,1,0,0,c8e2ab0a-cd1e-4a6a-953a-3bc83981ea04,https://demo.invalid/places/d52b221c-280b-4f32-afcd-7939cec5f4fb,4200,4200
20260715,1784089560000000,2026-07-15T04:26:00+00:00,map-user-action,marker_click,1.5,synthetic-user-072,synthetic-user-072-session-02,9887104e-c3d1-48b3-adfa-cabd5303713d,WNDR Museum,HOT SPOTS; Museums,Museums,2,1,0,,https://demo.invalid/places/9887104e-c3d1-48b3-adfa-cabd5303713d,1600,1600
20260715,1784089605000000,2026-07-15T04:26:45+00:00,page_view,detail_view,1.0,synthetic-user-072,synthetic-user-072-session-02,9887104e-c3d1-48b3-adfa-cabd5303713d,WNDR Museum,HOT SPOTS; Museums,Museums,2,1,0,,https://demo.invalid/places/9887104e-c3d1-48b3-adfa-cabd5303713d,4200,4200
20260715,1784090640000000,2026-07-15T04:44:00+00:00,map-user-action,marker_click,1.5,synthetic-user-072,synthetic-user-072-session-02,fee6875f-c61c-4d9f-a828-73e3446a3a6c,Museum of Broadcast Communications,HOT SPOTS; Museums,Museums,2,1,0,9887104e-c3d1-48b3-adfa-cabd5303713d,https://demo.invalid/places/fee6875f-c61c-4d9f-a828-73e3446a3a6c,1600,1600
20260715,1784090685000000,2026-07-15T04:44:45+00:00,page_view,detail_view,1.0,synthetic-user-072,synthetic-user-072-session-02,fee6875f-c61c-4d9f-a828-73e3446a3a6c,Museum of Broadcast Communications,HOT SPOTS; Museums,Museums,2,1,0,9887104e-c3d1-48b3-adfa-cabd5303713d,https://demo.invalid/places/fee6875f-c61c-4d9f-a828-73e3446a3a6c,4200,4200
20260715,1784091720000000,2026-07-15T05:02:00+00:00,map-user-action,marker_click,1.5,synthetic-user-072,synthetic-user-072-session-02,23009197-97af-46e0-ab84-86de5152ec48,Mindworks: The Science of Thinking,HOT SPOTS; Museums,Museums,2,1,0,fee6875f-c61c-4d9f-a828-73e3446a3a6c,https://demo.invalid/places/23009197-97af-46e0-ab84-86de5152ec48,1600,1600
20260715,1784091765000000,2026-07-15T05:02:45+00:00,page_view,detail_view,1.0,synthetic-user-072,synthetic-user-072-session-02,23009197-97af-46e0-ab84-86de5152ec48,Mindworks: The Science of Thinking,HOT SPOTS; Museums,Museums,2,1,0,fee6875f-c61c-4d9f-a828-73e3446a3a6c,https://demo.invalid/places/23009197-97af-46e0-ab84-86de5152ec48,4200,4200
20260715,1784092800000000,2026-07-15T05:20:00+00:00,map-user-action,marker_click,1.5,synthetic-user-072,synthetic-user-072-session-02,3916f62a-4a56-4ad7-9598-6ae0713d0602,Drake,Hotels,Hotels,1,0,0,23009197-97af-46e0-ab84-86de5152ec48,https://demo.invalid/places/3916f62a-4a56-4ad7-9598-6ae0713d0602,1600,1600
20260715,1784092845000000,2026-07-15T05:20:45+00:00,page_view,detail_view,1.0,synthetic-user-072,synthetic-user-072-session-02,3916f62a-4a56-4ad7-9598-6ae0713d0602,Drake,Hotels,Hotels,1,0,0,23009197-97af-46e0-ab84-86de5152ec48,https://demo.invalid/places/3916f62a-4a56-4ad7-9598-6ae0713d0602,4200,4200
20260715,1784097060000000,2026-07-15T06:31:00+00:00,map-user-action,marker_click,1.5,synthetic-user-080,synthetic-user-080-session-03,100cd1d6-0af9-497a-a070-063645f6304a,AC,Hotels,Hotels,1,0,0,,https://demo.invalid/places/100cd1d6-0af9-497a-a070-063645f6304a,1600,1600
20260715,1784097105000000,2026-07-15T06:31:45+00:00,page_view,detail_view,1.0,synthetic-user-080,synthetic-user-080-session-03,100cd1d6-0af9-497a-a070-063645f6304a,AC,Hotels,Hotels,1,0,0,,https://demo.invalid/places/100cd1d6-0af9-497a-a070-063645f6304a,4200,4200
20260715,1784098140000000,2026-07-15T06:49:00+00:00,map-user-action,marker_click,1.5,synthetic-user-080,synthetic-user-080-session-03,b95a7e34-9cd6-41cd-9445-5c9d905dcba8,The Barn Hockey Bar,Bars,Bars,1,0,0,100cd1d6-0af9-497a-a070-063645f6304a,https://demo.invalid/places/b95a7e34-9cd6-41cd-9445-5c9d905dcba8,1600,1600
20260715,1784098185000000,2026-07-15T06:49:45+00:00,page_view,detail_view,1.0,synthetic-user-080,synthetic-user-080-session-03,b95a7e34-9cd6-41cd-9445-5c9d905dcba8,The Barn Hockey Bar,Bars,Bars,1,0,0,100cd1d6-0af9-497a-a070-063645f6304a,https://demo.invalid/places/b95a7e34-9cd6-41cd-9445-5c9d905dcba8,4200,4200
20260715,1784099220000000,2026-07-15T07:07:00+00:00,map-user-action,marker_click,1.5,synthetic-user-080,synthetic-user-080-session-03,363cebe0-f000-46b9-80ba-e3df5a748896,Fora,Attractions,Attractions,1,0,0,b95a7e34-9cd6-41cd-9445-5c9d905dcba8,https://demo.invalid/places/363cebe0-f000-46b9-80ba-e3df5a748896,1600,1600
20260715,1784099265000000,2026-07-15T07:07:45+00:00,page_view,detail_view,1.0,synthetic-user-080,synthetic-user-080-session-03,363cebe0-f000-46b9-80ba-e3df5a748896,Fora,Attractions,Attractions,1,0,0,b95a7e34-9cd6-41cd-9445-5c9d905dcba8,https://demo.invalid/places/363cebe0-f000-46b9-80ba-e3df5a748896,4200,4200
20260715,1784100300000000,2026-07-15T07:25:00+00:00,map-user-action,marker_click,1.5,synthetic-user-080,synthetic-user-080-session-03,8c84468c-e58a-4eb7-acba-a9d1932f872a,Goose Island Taproom,Bars; Restaurants,Bars,2,0,0,363cebe0-f000-46b9-80ba-e3df5a748896,https://demo.invalid/places/8c84468c-e58a-4eb7-acba-a9d1932f872a,1600,1600
20260715,1784100345000000,2026-07-15T07:25:45+00:00,page_view,detail_view,1.0,synthetic-user-080,synthetic-user-080-session-03,8c84468c-e58a-4eb7-acba-a9d1932f872a,Goose Island Taproom,Bars; Restaurants,Bars,2,0,0,363cebe0-f000-46b9-80ba-e3df5a748896,https://demo.invalid/places/8c84468c-e58a-4eb7-acba-a9d1932f872a,4200,4200
20260715,1784135940000000,2026-07-15T17:19:00+00:00,map-user-action,marker_click,1.5,synthetic-user-008,synthetic-user-008-session-03,b80ec83e-e032-4d97-be24-bad2c7c4f757,Allegro Royal Sonesta,Hotels,Hotels,1,0,0,,https://demo.invalid/places/b80ec83e-e032-4d97-be24-bad2c7c4f757,1600,1600
20260715,1784135985000000,2026-07-15T17:19:45+00:00,page_view,detail_view,1.0,synthetic-user-008,synthetic-user-008-session-03,b80ec83e-e032-4d97-be24-bad2c7c4f757,Allegro Royal Sonesta,Hotels,Hotels,1,0,0,,https://demo.invalid/places/b80ec83e-e032-4d97-be24-bad2c7c4f757,4200,4200
20260715,1784137020000000,2026-07-15T17:37:00+00:00,map-user-action,marker_click,1.5,synthetic-user-008,synthetic-user-008-session-03,d0dd29f4-691d-430e-bc60-3e3038313a29,Chicago History Museum,Attractions; Museums,Attractions,2,0,0,b80ec83e-e032-4d97-be24-bad2c7c4f757,https://demo.invalid/places/d0dd29f4-691d-430e-bc60-3e3038313a29,1600,1600
20260715,1784137065000000,2026-07-15T17:37:45+00:00,page_view,detail_view,1.0,synthetic-user-008,synthetic-user-008-session-03,d0dd29f4-691d-430e-bc60-3e3038313a29,Chicago History Museum,Attractions; Museums,Attractions,2,0,0,b80ec83e-e032-4d97-be24-bad2c7c4f757,https://demo.invalid/places/d0dd29f4-691d-430e-bc60-3e3038313a29,4200,4200
20260715,1784138100000000,2026-07-15T17:55:00+00:00,map-user-action,marker_click,1.5,synthetic-user-008,synthetic-user-008-session-03,94382a2a-4917-44d0-ab63-ce6237df694d,Hampton Inn & Suites Chicago Medical District UIC,Hotels,Hotels,1,0,0,d0dd29f4-691d-430e-bc60-3e3038313a29,https://demo.invalid/places/94382a2a-4917-44d0-ab63-ce6237df694d,1600,1600
20260715,1784138145000000,2026-07-15T17:55:45+00:00,page_view,detail_view,1.0,synthetic-user-008,synthetic-user-008-session-03,94382a2a-4917-44d0-ab63-ce6237df694d,Hampton Inn & Suites Chicago Medical District UIC,Hotels,Hotels,1,0,0,d0dd29f4-691d-430e-bc60-3e3038313a29,https://demo.invalid/places/94382a2a-4917-44d0-ab63-ce6237df694d,4200,4200
20260715,1784139180000000,2026-07-15T18:13:00+00:00,map-user-action,marker_click,1.5,synthetic-user-008,synthetic-user-008-session-03,f9f32a6a-8280-4658-b26f-1591f7552f5c,"HI Chicago, the J. Ira and Nicki Harris Family Hostel",Hotels,Hotels,1,0,0,94382a2a-4917-44d0-ab63-ce6237df694d,https://demo.invalid/places/f9f32a6a-8280-4658-b26f-1591f7552f5c,1600,1600
20260715,1784139225000000,2026-07-15T18:13:45+00:00,page_view,detail_view,1.0,synthetic-user-008,synthetic-user-008-session-03,f9f32a6a-8280-4658-b26f-1591f7552f5c,"HI Chicago, the J. Ira and Nicki Harris Family Hostel",Hotels,Hotels,1,0,0,94382a2a-4917-44d0-ab63-ce6237df694d,https://demo.invalid/places/f9f32a6a-8280-4658-b26f-1591f7552f5c,4200,4200
20260715,1784141400000000,2026-07-15T18:50:00+00:00,map-user-action,marker_click,1.5,synthetic-user-023,synthetic-user-023-session-01,a671d42f-4db6-46b0-a6e4-78c0a7d1af0e,Tzuco,Restaurants,Restaurants,1,0,0,,https://demo.invalid/places/a671d42f-4db6-46b0-a6e4-78c0a7d1af0e,1600,1600
20260715,1784141445000000,2026-07-15T18:50:45+00:00,page_view,detail_view,1.0,synthetic-user-023,synthetic-user-023-session-01,a671d42f-4db6-46b0-a6e4-78c0a7d1af0e,Tzuco,Restaurants,Restaurants,1,0,0,,https://demo.invalid/places/a671d42f-4db6-46b0-a6e4-78c0a7d1af0e,4200,4200
20260715,1784142480000000,2026-07-15T19:08:00+00:00,map-user-action,marker_click,1.5,synthetic-user-023,synthetic-user-023-session-01,4563ec56-276b-4e55-b02c-cf4036ae1c96,Greek Islands,Restaurants,Restaurants,1,0,0,a671d42f-4db6-46b0-a6e4-78c0a7d1af0e,https://demo.invalid/places/4563ec56-276b-4e55-b02c-cf4036ae1c96,1600,1600
20260715,1784142525000000,2026-07-15T19:08:45+00:00,page_view,detail_view,1.0,synthetic-user-023,synthetic-user-023-session-01,4563ec56-276b-4e55-b02c-cf4036ae1c96,Greek Islands,Restaurants,Restaurants,1,0,0,a671d42f-4db6-46b0-a6e4-78c0a7d1af0e,https://demo.invalid/places/4563ec56-276b-4e55-b02c-cf4036ae1c96,4200,4200
20260715,1784143560000000,2026-07-15T19:26:00+00:00,map-user-action,marker_click,1.5,synthetic-user-023,synthetic-user-023-session-01,aeadae4f-b1b3-4289-9df6-c69aaea8c819,Chicago's North Shore,Attractions,Attractions,1,0,0,4563ec56-276b-4e55-b02c-cf4036ae1c96,https://demo.invalid/places/aeadae4f-b1b3-4289-9df6-c69aaea8c819,1600,1600
20260715,1784143605000000,2026-07-15T19:26:45+00:00,page_view,detail_view,1.0,synthetic-user-023,synthetic-user-023-session-01,aeadae4f-b1b3-4289-9df6-c69aaea8c819,Chicago's North Shore,Attractions,Attractions,1,0,0,4563ec56-276b-4e55-b02c-cf4036ae1c96,https://demo.invalid/places/aeadae4f-b1b3-4289-9df6-c69aaea8c819,4200,4200
20260715,1784144640000000,2026-07-15T19:44:00+00:00,map-user-action,marker_click,1.5,synthetic-user-023,synthetic-user-023-session-01,b3282532-392f-4a65-bb0f-7a6e21fac982,Raising Cane's Chicken Fingers - Loop,HOT SPOTS; Restaurants,Restaurants,2,1,0,aeadae4f-b1b3-4289-9df6-c69aaea8c819,https://demo.invalid/places/b3282532-392f-4a65-bb0f-7a6e21fac982,1600,1600
20260715,1784144685000000,2026-07-15T19:44:45+00:00,page_view,detail_view,1.0,synthetic-user-023,synthetic-user-023-session-01,b3282532-392f-4a65-bb0f-7a6e21fac982,Raising Cane's Chicken Fingers - Loop,HOT SPOTS; Restaurants,Restaurants,2,1,0,aeadae4f-b1b3-4289-9df6-c69aaea8c819,https://demo.invalid/places/b3282532-392f-4a65-bb0f-7a6e21fac982,4200,4200
20260715,1784148900000000,2026-07-15T20:55:00+00:00,map-user-action,marker_click,1.5,synthetic-user-031,synthetic-user-031-session-02,493862ce-28cd-4fe3-99ec-ebc8911fa07c,Kasama,Movie & TV Locations; Restaurants,Movie & TV Locations,2,0,0,,https://demo.invalid/places/493862ce-28cd-4fe3-99ec-ebc8911fa07c,1600,1600
20260715,1784148945000000,2026-07-15T20:55:45+00:00,page_view,detail_view,1.0,synthetic-user-031,synthetic-user-031-session-02,493862ce-28cd-4fe3-99ec-ebc8911fa07c,Kasama,Movie & TV Locations; Restaurants,Movie & TV Locations,2,0,0,,https://demo.invalid/places/493862ce-28cd-4fe3-99ec-ebc8911fa07c,4200,4200
20260715,1784149980000000,2026-07-15T21:13:00+00:00,map-user-action,marker_click,1.5,synthetic-user-031,synthetic-user-031-session-02,4c4aaf2e-2e5d-4508-9d4e-42a85223f47d,Ever Restaurant,Movie & TV Locations; Restaurants,Movie & TV Locations,2,0,0,493862ce-28cd-4fe3-99ec-ebc8911fa07c,https://demo.invalid/places/4c4aaf2e-2e5d-4508-9d4e-42a85223f47d,1600,1600
20260715,1784150025000000,2026-07-15T21:13:45+00:00,page_view,detail_view,1.0,synthetic-user-031,synthetic-user-031-session-02,4c4aaf2e-2e5d-4508-9d4e-42a85223f47d,Ever Restaurant,Movie & TV Locations; Restaurants,Movie & TV Locations,2,0,0,493862ce-28cd-4fe3-99ec-ebc8911fa07c,https://demo.invalid/places/4c4aaf2e-2e5d-4508-9d4e-42a85223f47d,4200,4200
20260715,1784151060000000,2026-07-15T21:31:00+00:00,map-user-action,marker_click,1.5,synthetic-user-031,synthetic-user-031-session-02,688d2d72-32ae-4cea-adb9-6e02cd0fd2e8,Apple Store,Shops,Shops,1,0,0,4c4aaf2e-2e5d-4508-9d4e-42a85223f47d,https://demo.invalid/places/688d2d72-32ae-4cea-adb9-6e02cd0fd2e8,1600,1600
20260715,1784151105000000,2026-07-15T21:31:45+00:00,page_view,detail_view,1.0,synthetic-user-031,synthetic-user-031-session-02,688d2d72-32ae-4cea-adb9-6e02cd0fd2e8,Apple Store,Shops,Shops,1,0,0,4c4aaf2e-2e5d-4508-9d4e-42a85223f47d,https://demo.invalid/places/688d2d72-32ae-4cea-adb9-6e02cd0fd2e8,4200,4200
20260715,1784152140000000,2026-07-15T21:49:00+00:00,map-user-action,marker_click,1.5,synthetic-user-031,synthetic-user-031-session-02,da057913-9a02-4232-9a7d-c2ea84c453ef,The Old Post Office,Movie & TV Locations,Movie & TV Locations,1,0,0,688d2d72-32ae-4cea-adb9-6e02cd0fd2e8,https://demo.invalid/places/da057913-9a02-4232-9a7d-c2ea84c453ef,1600,1600
20260715,1784152185000000,2026-07-15T21:49:45+00:00,page_view,detail_view,1.0,synthetic-user-031,synthetic-user-031-session-02,da057913-9a02-4232-9a7d-c2ea84c453ef,The Old Post Office,Movie & TV Locations,Movie & TV Locations,1,0,0,688d2d72-32ae-4cea-adb9-6e02cd0fd2e8,https://demo.invalid/places/da057913-9a02-4232-9a7d-c2ea84c453ef,4200,4200
20260715,1784156400000000,2026-07-15T23:00:00+00:00,map-user-action,marker_click,1.5,synthetic-user-039,synthetic-user-039-session-03,136d7600-b2e2-4034-ab2f-474a2031106b,Bottom Lounge,Bars; Theaters and Music Venues,Bars,2,0,0,,https://demo.invalid/places/136d7600-b2e2-4034-ab2f-474a2031106b,1600,1600
20260715,1784156445000000,2026-07-15T23:00:45+00:00,page_view,detail_view,1.0,synthetic-user-039,synthetic-user-039-session-03,136d7600-b2e2-4034-ab2f-474a2031106b,Bottom Lounge,Bars; Theaters and Music Venues,Bars,2,0,0,,https://demo.invalid/places/136d7600-b2e2-4034-ab2f-474a2031106b,4200,4200
20260715,1784157480000000,2026-07-15T23:18:00+00:00,map-user-action,marker_click,1.5,synthetic-user-039,synthetic-user-039-session-03,94382a2a-4917-44d0-ab63-ce6237df694d,Hampton Inn & Suites Chicago Medical District UIC,Hotels,Hotels,1,0,0,136d7600-b2e2-4034-ab2f-474a2031106b,https://demo.invalid/places/94382a2a-4917-44d0-ab63-ce6237df694d,1600,1600
20260715,1784157525000000,2026-07-15T23:18:45+00:00,page_view,detail_view,1.0,synthetic-user-039,synthetic-user-039-session-03,94382a2a-4917-44d0-ab63-ce6237df694d,Hampton Inn & Suites Chicago Medical District UIC,Hotels,Hotels,1,0,0,136d7600-b2e2-4034-ab2f-474a2031106b,https://demo.invalid/places/94382a2a-4917-44d0-ab63-ce6237df694d,4200,4200
20260715,1784158560000000,2026-07-15T23:36:00+00:00,map-user-action,marker_click,1.5,synthetic-user-039,synthetic-user-039-session-03,ae9313a1-734d-4039-9ad3-61b627a9ab2b,Theater of the Mind,Theaters and Music Venues,Theaters and Music Venues,1,0,0,94382a2a-4917-44d0-ab63-ce6237df694d,https://demo.invalid/places/ae9313a1-734d-4039-9ad3-61b627a9ab2b,1600,1600
20260715,1784158605000000,2026-07-15T23:36:45+00:00,page_view,detail_view,1.0,synthetic-user-039,synthetic-user-039-session-03,ae9313a1-734d-4039-9ad3-61b627a9ab2b,Theater of the Mind,Theaters and Music Venues,Theaters and Music Venues,1,0,0,94382a2a-4917-44d0-ab63-ce6237df694d,https://demo.invalid/places/ae9313a1-734d-4039-9ad3-61b627a9ab2b,4200,4200
20260715,1784159640000000,2026-07-15T23:54:00+00:00,map-user-action,marker_click,1.5,synthetic-user-039,synthetic-user-039-session-03,7f27b473-2df0-4bfa-a7f5-f41117322754,Huntington Bank Pavilion,Theaters and Music Venues,Theaters and Music Venues,1,0,0,ae9313a1-734d-4039-9ad3-61b627a9ab2b,https://demo.invalid/places/7f27b473-2df0-4bfa-a7f5-f41117322754,1600,1600
20260715,1784159685000000,2026-07-15T23:54:45+00:00,page_view,detail_view,1.0,synthetic-user-039,synthetic-user-039-session-03,7f27b473-2df0-4bfa-a7f5-f41117322754,Huntington Bank Pavilion,Theaters and Music Venues,Theaters and Music Venues,1,0,0,ae9313a1-734d-4039-9ad3-61b627a9ab2b,https://demo.invalid/places/7f27b473-2df0-4bfa-a7f5-f41117322754,4200,4200
20260716,1784161860000000,2026-07-16T00:31:00+00:00,map-user-action,marker_click,1.5,synthetic-user-054,synthetic-user-054-session-01,776ef29b-6386-4d97-a304-df47b1e396fb,Richard's Bar,Bars,Bars,1,0,0,,https://demo.invalid/places/776ef29b-6386-4d97-a304-df47b1e396fb,1600,1600
20260716,1784161905000000,2026-07-16T00:31:45+00:00,page_view,detail_view,1.0,synthetic-user-054,synthetic-user-054-session-01,776ef29b-6386-4d97-a304-df47b1e396fb,Richard's Bar,Bars,Bars,1,0,0,,https://demo.invalid/places/776ef29b-6386-4d97-a304-df47b1e396fb,4200,4200
20260716,1784162940000000,2026-07-16T00:49:00+00:00,map-user-action,marker_click,1.5,synthetic-user-054,synthetic-user-054-session-01,083c9dad-5d4b-4b3c-8802-d601dd515dad,Garrett Popcorn Shops,HOT SPOTS; Shops,Shops,2,1,0,776ef29b-6386-4d97-a304-df47b1e396fb,https://demo.invalid/places/083c9dad-5d4b-4b3c-8802-d601dd515dad,1600,1600
20260716,1784162985000000,2026-07-16T00:49:45+00:00,page_view,detail_view,1.0,synthetic-user-054,synthetic-user-054-session-01,083c9dad-5d4b-4b3c-8802-d601dd515dad,Garrett Popcorn Shops,HOT SPOTS; Shops,Shops,2,1,0,776ef29b-6386-4d97-a304-df47b1e396fb,https://demo.invalid/places/083c9dad-5d4b-4b3c-8802-d601dd515dad,4200,4200
20260716,1784164020000000,2026-07-16T01:07:00+00:00,map-user-action,marker_click,1.5,synthetic-user-054,synthetic-user-054-session-01,de2fb87e-f914-4639-8d38-1b8792583d21,10pin Bowling Lounge,HOT SPOTS; Bars; Restaurants,Bars,3,1,0,083c9dad-5d4b-4b3c-8802-d601dd515dad,https://demo.invalid/places/de2fb87e-f914-4639-8d38-1b8792583d21,1600,1600
20260716,1784164065000000,2026-07-16T01:07:45+00:00,page_view,detail_view,1.0,synthetic-user-054,synthetic-user-054-session-01,de2fb87e-f914-4639-8d38-1b8792583d21,10pin Bowling Lounge,HOT SPOTS; Bars; Restaurants,Bars,3,1,0,083c9dad-5d4b-4b3c-8802-d601dd515dad,https://demo.invalid/places/de2fb87e-f914-4639-8d38-1b8792583d21,4200,4200
20260716,1784165100000000,2026-07-16T01:25:00+00:00,map-user-action,marker_click,1.5,synthetic-user-054,synthetic-user-054-session-01,b80ec83e-e032-4d97-be24-bad2c7c4f757,Allegro Royal Sonesta,Hotels,Hotels,1,0,0,de2fb87e-f914-4639-8d38-1b8792583d21,https://demo.invalid/places/b80ec83e-e032-4d97-be24-bad2c7c4f757,1600,1600
20260716,1784165145000000,2026-07-16T01:25:45+00:00,page_view,detail_view,1.0,synthetic-user-054,synthetic-user-054-session-01,b80ec83e-e032-4d97-be24-bad2c7c4f757,Allegro Royal Sonesta,Hotels,Hotels,1,0,0,de2fb87e-f914-4639-8d38-1b8792583d21,https://demo.invalid/places/b80ec83e-e032-4d97-be24-bad2c7c4f757,4200,4200
20260716,1784169360000000,2026-07-16T02:36:00+00:00,map-user-action,marker_click,1.5,synthetic-user-062,synthetic-user-062-session-02,087d51b9-f781-4806-aab3-8075785fa6a8,Aloft,Hotels,Hotels,1,0,0,,https://demo.invalid/places/087d51b9-f781-4806-aab3-8075785fa6a8,1600,1600
20260716,1784169405000000,2026-07-16T02:36:45+00:00,page_view,detail_view,1.0,synthetic-user-062,synthetic-user-062-session-02,087d51b9-f781-4806-aab3-8075785fa6a8,Aloft,Hotels,Hotels,1,0,0,,https://demo.invalid/places/087d51b9-f781-4806-aab3-8075785fa6a8,4200,4200
20260716,1784170440000000,2026-07-16T02:54:00+00:00,map-user-action,marker_click,1.5,synthetic-user-062,synthetic-user-062-session-02,6504e7b0-83d9-4b44-85af-12459e176e9d,Viaggio Restaurant Chicago,Restaurants,Restaurants,1,0,0,087d51b9-f781-4806-aab3-8075785fa6a8,https://demo.invalid/places/6504e7b0-83d9-4b44-85af-12459e176e9d,1600,1600
20260716,1784170485000000,2026-07-16T02:54:45+00:00,page_view,detail_view,1.0,synthetic-user-062,synthetic-user-062-session-02,6504e7b0-83d9-4b44-85af-12459e176e9d,Viaggio Restaurant Chicago,Restaurants,Restaurants,1,0,0,087d51b9-f781-4806-aab3-8075785fa6a8,https://demo.invalid/places/6504e7b0-83d9-4b44-85af-12459e176e9d,4200,4200
20260716,1784171520000000,2026-07-16T03:12:00+00:00,map-user-action,marker_click,1.5,synthetic-user-062,synthetic-user-062-session-02,0d626e8e-3aeb-458e-b11a-c034e1599423,American Writers Museum,Attractions; Museums,Attractions,2,0,0,6504e7b0-83d9-4b44-85af-12459e176e9d,https://demo.invalid/places/0d626e8e-3aeb-458e-b11a-c034e1599423,1600,1600
20260716,1784171565000000,2026-07-16T03:12:45+00:00,page_view,detail_view,1.0,synthetic-user-062,synthetic-user-062-session-02,0d626e8e-3aeb-458e-b11a-c034e1599423,American Writers Museum,Attractions; Museums,Attractions,2,0,0,6504e7b0-83d9-4b44-85af-12459e176e9d,https://demo.invalid/places/0d626e8e-3aeb-458e-b11a-c034e1599423,4200,4200
20260716,1784172600000000,2026-07-16T03:30:00+00:00,map-user-action,marker_click,1.5,synthetic-user-062,synthetic-user-062-session-02,7281a264-4f29-4522-b9fc-c44d317f6c2c,Smith & Wollensky,Restaurants,Restaurants,1,0,0,0d626e8e-3aeb-458e-b11a-c034e1599423,https://demo.invalid/places/7281a264-4f29-4522-b9fc-c44d317f6c2c,1600,1600
20260716,1784172645000000,2026-07-16T03:30:45+00:00,page_view,detail_view,1.0,synthetic-user-062,synthetic-user-062-session-02,7281a264-4f29-4522-b9fc-c44d317f6c2c,Smith & Wollensky,Restaurants,Restaurants,1,0,0,0d626e8e-3aeb-458e-b11a-c034e1599423,https://demo.invalid/places/7281a264-4f29-4522-b9fc-c44d317f6c2c,4200,4200
20260716,1784176860000000,2026-07-16T04:41:00+00:00,map-user-action,marker_click,1.5,synthetic-user-070,synthetic-user-070-session-03,fa33cd1d-9ae6-4f76-8774-6801edaff5b7,Publican Quality Meats,Movie & TV Locations; Restaurants,Movie & TV Locations,2,0,0,,https://demo.invalid/places/fa33cd1d-9ae6-4f76-8774-6801edaff5b7,1600,1600
20260716,1784176905000000,2026-07-16T04:41:45+00:00,page_view,detail_view,1.0,synthetic-user-070,synthetic-user-070-session-03,fa33cd1d-9ae6-4f76-8774-6801edaff5b7,Publican Quality Meats,Movie & TV Locations; Restaurants,Movie & TV Locations,2,0,0,,https://demo.invalid/places/fa33cd1d-9ae6-4f76-8774-6801edaff5b7,4200,4200
20260716,1784177940000000,2026-07-16T04:59:00+00:00,map-user-action,marker_click,1.5,synthetic-user-070,synthetic-user-070-session-03,cc926fb8-553c-47bc-82e2-16b8e013a2ae,Chicago Fire Department - Engine Co. 18,Movie & TV Locations,Movie & TV Locations,1,0,0,fa33cd1d-9ae6-4f76-8774-6801edaff5b7,https://demo.invalid/places/cc926fb8-553c-47bc-82e2-16b8e013a2ae,1600,1600
20260716,1784177985000000,2026-07-16T04:59:45+00:00,page_view,detail_view,1.0,synthetic-user-070,synthetic-user-070-session-03,cc926fb8-553c-47bc-82e2-16b8e013a2ae,Chicago Fire Department - Engine Co. 18,Movie & TV Locations,Movie & TV Locations,1,0,0,fa33cd1d-9ae6-4f76-8774-6801edaff5b7,https://demo.invalid/places/cc926fb8-553c-47bc-82e2-16b8e013a2ae,4200,4200
20260716,1784179020000000,2026-07-16T05:17:00+00:00,map-user-action,marker_click,1.5,synthetic-user-070,synthetic-user-070-session-03,90b8cde4-6823-4348-ad72-f07edacea59e,Doubletree,Hotels,Hotels,1,0,0,cc926fb8-553c-47bc-82e2-16b8e013a2ae,https://demo.invalid/places/90b8cde4-6823-4348-ad72-f07edacea59e,1600,1600
20260716,1784179065000000,2026-07-16T05:17:45+00:00,page_view,detail_view,1.0,synthetic-user-070,synthetic-user-070-session-03,90b8cde4-6823-4348-ad72-f07edacea59e,Doubletree,Hotels,Hotels,1,0,0,cc926fb8-553c-47bc-82e2-16b8e013a2ae,https://demo.invalid/places/90b8cde4-6823-4348-ad72-f07edacea59e,4200,4200
20260716,1784180100000000,2026-07-16T05:35:00+00:00,map-user-action,marker_click,1.5,synthetic-user-070,synthetic-user-070-session-03,be53ba5f-2962-46fd-a56d-ed7a07d9d605,avec Restaurant,Movie & TV Locations; Restaurants,Movie & TV Locations,2,0,0,90b8cde4-6823-4348-ad72-f07edacea59e,https://demo.invalid/places/be53ba5f-2962-46fd-a56d-ed7a07d9d605,1600,1600
20260716,1784180145000000,2026-07-16T05:35:45+00:00,page_view,detail_view,1.0,synthetic-user-070,synthetic-user-070-session-03,be53ba5f-2962-46fd-a56d-ed7a07d9d605,avec Restaurant,Movie & TV Locations; Restaurants,Movie & TV Locations,2,0,0,90b8cde4-6823-4348-ad72-f07edacea59e,https://demo.invalid/places/be53ba5f-2962-46fd-a56d-ed7a07d9d605,4200,4200
20260716,1784221200000000,2026-07-16T17:00:00+00:00,map-user-action,marker_click,1.5,synthetic-user-013,synthetic-user-013-session-01,1525a1f9-6615-4c5f-9b45-fc871577444a,Chicago Children's Museum,Attractions; Museums,Attractions,2,0,0,,https://demo.invalid/places/1525a1f9-6615-4c5f-9b45-fc871577444a,1600,1600
20260716,1784221245000000,2026-07-16T17:00:45+00:00,page_view,detail_view,1.0,synthetic-user-013,synthetic-user-013-session-01,1525a1f9-6615-4c5f-9b45-fc871577444a,Chicago Children's Museum,Attractions; Museums,Attractions,2,0,0,,https://demo.invalid/places/1525a1f9-6615-4c5f-9b45-fc871577444a,4200,4200
20260716,1784222280000000,2026-07-16T17:18:00+00:00,map-user-action,marker_click,1.5,synthetic-user-013,synthetic-user-013-session-01,9535776b-f785-4ea4-8376-0f7597db114e,Chicago Shakespeare Theater,Theaters and Music Venues,Theaters and Music Venues,1,0,0,1525a1f9-6615-4c5f-9b45-fc871577444a,https://demo.invalid/places/9535776b-f785-4ea4-8376-0f7597db114e,1600,1600
20260716,1784222325000000,2026-07-16T17:18:45+00:00,page_view,detail_view,1.0,synthetic-user-013,synthetic-user-013-session-01,9535776b-f785-4ea4-8376-0f7597db114e,Chicago Shakespeare Theater,Theaters and Music Venues,Theaters and Music Venues,1,0,0,1525a1f9-6615-4c5f-9b45-fc871577444a,https://demo.invalid/places/9535776b-f785-4ea4-8376-0f7597db114e,4200,4200
20260716,1784223360000000,2026-07-16T17:36:00+00:00,map-user-action,marker_click,1.5,synthetic-user-013,synthetic-user-013-session-01,3b97f91d-0aae-4060-a574-04bcb09f5357,CIBC Theatre,Theaters and Music Venues,Theaters and Music Venues,1,0,0,9535776b-f785-4ea4-8376-0f7597db114e,https://demo.invalid/places/3b97f91d-0aae-4060-a574-04bcb09f5357,1600,1600
20260716,1784223405000000,2026-07-16T17:36:45+00:00,page_view,detail_view,1.0,synthetic-user-013,synthetic-user-013-session-01,3b97f91d-0aae-4060-a574-04bcb09f5357,CIBC Theatre,Theaters and Music Venues,Theaters and Music Venues,1,0,0,9535776b-f785-4ea4-8376-0f7597db114e,https://demo.invalid/places/3b97f91d-0aae-4060-a574-04bcb09f5357,4200,4200
20260716,1784224440000000,2026-07-16T17:54:00+00:00,map-user-action,marker_click,1.5,synthetic-user-013,synthetic-user-013-session-01,6b45568d-789c-4c66-b9ce-43ee7a6c1d31,Blackstone,Hotels,Hotels,1,0,0,3b97f91d-0aae-4060-a574-04bcb09f5357,https://demo.invalid/places/6b45568d-789c-4c66-b9ce-43ee7a6c1d31,1600,1600
20260716,1784224485000000,2026-07-16T17:54:45+00:00,page_view,detail_view,1.0,synthetic-user-013,synthetic-user-013-session-01,6b45568d-789c-4c66-b9ce-43ee7a6c1d31,Blackstone,Hotels,Hotels,1,0,0,3b97f91d-0aae-4060-a574-04bcb09f5357,https://demo.invalid/places/6b45568d-789c-4c66-b9ce-43ee7a6c1d31,4200,4200
20260716,1784228700000000,2026-07-16T19:05:00+00:00,map-user-action,marker_click,1.5,synthetic-user-021,synthetic-user-021-session-02,3fd80f7d-ab09-4088-9796-9571a14a7926,Clark Street in Lincoln Park,HOT SPOTS; Neighborhood Organizations,Neighborhood Organizations,2,1,0,,https://demo.invalid/places/3fd80f7d-ab09-4088-9796-9571a14a7926,1600,1600
20260716,1784228745000000,2026-07-16T19:05:45+00:00,page_view,detail_view,1.0,synthetic-user-021,synthetic-user-021-session-02,3fd80f7d-ab09-4088-9796-9571a14a7926,Clark Street in Lincoln Park,HOT SPOTS; Neighborhood Organizations,Neighborhood Organizations,2,1,0,,https://demo.invalid/places/3fd80f7d-ab09-4088-9796-9571a14a7926,4200,4200
20260716,1784229780000000,2026-07-16T19:23:00+00:00,map-user-action,marker_click,1.5,synthetic-user-021,synthetic-user-021-session-02,6cf9b47c-e237-456a-876d-8ba9028bf56e,Chicago's North Shore,HOT SPOTS; Neighborhood Organizations,Neighborhood Organizations,2,1,0,3fd80f7d-ab09-4088-9796-9571a14a7926,https://demo.invalid/places/6cf9b47c-e237-456a-876d-8ba9028bf56e,1600,1600
20260716,1784229825000000,2026-07-16T19:23:45+00:00,page_view,detail_view,1.0,synthetic-user-021,synthetic-user-021-session-02,6cf9b47c-e237-456a-876d-8ba9028bf56e,Chicago's North Shore,HOT SPOTS; Neighborhood Organizations,Neighborhood Organizations,2,1,0,3fd80f7d-ab09-4088-9796-9571a14a7926,https://demo.invalid/places/6cf9b47c-e237-456a-876d-8ba9028bf56e,4200,4200
20260716,1784230860000000,2026-07-16T19:41:00+00:00,map-user-action,marker_click,1.5,synthetic-user-021,synthetic-user-021-session-02,a0d0c5ec-074e-4fb4-b112-9caee21d717a,Oak Street District,Neighborhood Organizations; Shops,Neighborhood Organizations,2,0,0,6cf9b47c-e237-456a-876d-8ba9028bf56e,https://demo.invalid/places/a0d0c5ec-074e-4fb4-b112-9caee21d717a,1600,1600
20260716,1784230905000000,2026-07-16T19:41:45+00:00,page_view,detail_view,1.0,synthetic-user-021,synthetic-user-021-session-02,a0d0c5ec-074e-4fb4-b112-9caee21d717a,Oak Street District,Neighborhood Organizations; Shops,Neighborhood Organizations,2,0,0,6cf9b47c-e237-456a-876d-8ba9028bf56e,https://demo.invalid/places/a0d0c5ec-074e-4fb4-b112-9caee21d717a,4200,4200
20260716,1784231940000000,2026-07-16T19:59:00+00:00,map-user-action,marker_click,1.5,synthetic-user-021,synthetic-user-021-session-02,cff332f9-a23b-4e7a-8770-0c3f1baac092,Aloft,Hotels,Hotels,1,0,0,a0d0c5ec-074e-4fb4-b112-9caee21d717a,https://demo.invalid/places/cff332f9-a23b-4e7a-8770-0c3f1baac092,1600,1600
20260716,1784231985000000,2026-07-16T19:59:45+00:00,page_view,detail_view,1.0,synthetic-user-021,synthetic-user-021-session-02,cff332f9-a23b-4e7a-8770-0c3f1baac092,Aloft,Hotels,Hotels,1,0,0,a0d0c5ec-074e-4fb4-b112-9caee21d717a,https://demo.invalid/places/cff332f9-a23b-4e7a-8770-0c3f1baac092,4200,4200
20260716,1784236200000000,2026-07-16T21:10:00+00:00,map-user-action,marker_click,1.5,synthetic-user-029,synthetic-user-029-session-03,122a12f9-cf54-4983-9787-64633fc79b15,Big Bus Tours Stop 4: Hilton Chicago & Grant Park,Big Bus Tours Stops,Big Bus Tours Stops,1,0,0,,https://demo.invalid/places/122a12f9-cf54-4983-9787-64633fc79b15,1600,1600
20260716,1784236245000000,2026-07-16T21:10:45+00:00,page_view,detail_view,1.0,synthetic-user-029,synthetic-user-029-session-03,122a12f9-cf54-4983-9787-64633fc79b15,Big Bus Tours Stop 4: Hilton Chicago & Grant Park,Big Bus Tours Stops,Big Bus Tours Stops,1,0,0,,https://demo.invalid/places/122a12f9-cf54-4983-9787-64633fc79b15,4200,4200
20260716,1784237280000000,2026-07-16T21:28:00+00:00,map-user-action,marker_click,1.5,synthetic-user-029,synthetic-user-029-session-03,0ed825ef-99cd-4b15-8e93-5a0b9b6c65ed,Big Bus Tours Stop 2: Skydeck Chicago & Willis Tower,Big Bus Tours Stops,Big Bus Tours Stops,1,0,0,122a12f9-cf54-4983-9787-64633fc79b15,https://demo.invalid/places/0ed825ef-99cd-4b15-8e93-5a0b9b6c65ed,1600,1600
20260716,1784237325000000,2026-07-16T21:28:45+00:00,page_view,detail_view,1.0,synthetic-user-029,synthetic-user-029-session-03,0ed825ef-99cd-4b15-8e93-5a0b9b6c65ed,Big Bus Tours Stop 2: Skydeck Chicago & Willis Tower,Big Bus Tours Stops,Big Bus Tours Stops,1,0,0,122a12f9-cf54-4983-9787-64633fc79b15,https://demo.invalid/places/0ed825ef-99cd-4b15-8e93-5a0b9b6c65ed,4200,4200
20260716,1784238360000000,2026-07-16T21:46:00+00:00,map-user-action,marker_click,1.5,synthetic-user-029,synthetic-user-029-session-03,383474ac-5960-410c-8c16-3d9efc04790d,Big Bus Tours Stop 7: Sheraton Grand Chicago,Big Bus Tours Stops,Big Bus Tours Stops,1,0,0,0ed825ef-99cd-4b15-8e93-5a0b9b6c65ed,https://demo.invalid/places/383474ac-5960-410c-8c16-3d9efc04790d,1600,1600
20260716,1784238405000000,2026-07-16T21:46:45+00:00,page_view,detail_view,1.0,synthetic-user-029,synthetic-user-029-session-03,383474ac-5960-410c-8c16-3d9efc04790d,Big Bus Tours Stop 7: Sheraton Grand Chicago,Big Bus Tours Stops,Big Bus Tours Stops,1,0,0,0ed825ef-99cd-4b15-8e93-5a0b9b6c65ed,https://demo.invalid/places/383474ac-5960-410c-8c16-3d9efc04790d,4200,4200
20260716,1784239440000000,2026-07-16T22:04:00+00:00,map-user-action,marker_click,1.5,synthetic-user-029,synthetic-user-029-session-03,f9d8de83-a6ab-46c0-ada9-69975c670ef9,Big Bus Tours Stop 11: River North,Big Bus Tours Stops,Big Bus Tours Stops,1,0,0,383474ac-5960-410c-8c16-3d9efc04790d,https://demo.invalid/places/f9d8de83-a6ab-46c0-ada9-69975c670ef9,1600,1600
20260716,1784239485000000,2026-07-16T22:04:45+00:00,page_view,detail_view,1.0,synthetic-user-029,synthetic-user-029-session-03,f9d8de83-a6ab-46c0-ada9-69975c670ef9,Big Bus Tours Stop 11: River North,Big Bus Tours Stops,Big Bus Tours Stops,1,0,0,383474ac-5960-410c-8c16-3d9efc04790d,https://demo.invalid/places/f9d8de83-a6ab-46c0-ada9-69975c670ef9,4200,4200
20260716,1784241660000000,2026-07-16T22:41:00+00:00,map-user-action,marker_click,1.5,synthetic-user-044,synthetic-user-044-session-01,a4cc19e2-521b-4707-91f5-a68ddd9236cd,City Cruises Chicago,Attractions,Attractions,1,0,0,,https://demo.invalid/places/a4cc19e2-521b-4707-91f5-a68ddd9236cd,1600,1600
20260716,1784241705000000,2026-07-16T22:41:45+00:00,page_view,detail_view,1.0,synthetic-user-044,synthetic-user-044-session-01,a4cc19e2-521b-4707-91f5-a68ddd9236cd,City Cruises Chicago,Attractions,Attractions,1,0,0,,https://demo.invalid/places/a4cc19e2-521b-4707-91f5-a68ddd9236cd,4200,4200
20260716,1784242740000000,2026-07-16T22:59:00+00:00,map-user-action,marker_click,1.5,synthetic-user-044,synthetic-user-044-session-01,030e01ed-f343-4468-bc45-1722220ed333,Chicago Theatre,Theaters and Music Venues,Theaters and Music Venues,1,0,0,a4cc19e2-521b-4707-91f5-a68ddd9236cd,https://demo.invalid/places/030e01ed-f343-4468-bc45-1722220ed333,1600,1600
20260716,1784242785000000,2026-07-16T22:59:45+00:00,page_view,detail_view,1.0,synthetic-user-044,synthetic-user-044-session-01,030e01ed-f343-4468-bc45-1722220ed333,Chicago Theatre,Theaters and Music Venues,Theaters and Music Venues,1,0,0,a4cc19e2-521b-4707-91f5-a68ddd9236cd,https://demo.invalid/places/030e01ed-f343-4468-bc45-1722220ed333,4200,4200
20260716,1784243820000000,2026-07-16T23:17:00+00:00,map-user-action,marker_click,1.5,synthetic-user-044,synthetic-user-044-session-01,5b6e548e-d108-4995-9f1a-4ad228819e21,Geja's Cafe,HOT SPOTS; Restaurants,Restaurants,2,1,0,030e01ed-f343-4468-bc45-1722220ed333,https://demo.invalid/places/5b6e548e-d108-4995-9f1a-4ad228819e21,1600,1600
20260716,1784243865000000,2026-07-16T23:17:45+00:00,page_view,detail_view,1.0,synthetic-user-044,synthetic-user-044-session-01,5b6e548e-d108-4995-9f1a-4ad228819e21,Geja's Cafe,HOT SPOTS; Restaurants,Restaurants,2,1,0,030e01ed-f343-4468-bc45-1722220ed333,https://demo.invalid/places/5b6e548e-d108-4995-9f1a-4ad228819e21,4200,4200
20260716,1784244900000000,2026-07-16T23:35:00+00:00,map-user-action,marker_click,1.5,synthetic-user-044,synthetic-user-044-session-01,cc926fb8-553c-47bc-82e2-16b8e013a2ae,Chicago Fire Department - Engine Co. 18,Movie & TV Locations,Movie & TV Locations,1,0,0,5b6e548e-d108-4995-9f1a-4ad228819e21,https://demo.invalid/places/cc926fb8-553c-47bc-82e2-16b8e013a2ae,1600,1600
20260716,1784244945000000,2026-07-16T23:35:45+00:00,page_view,detail_view,1.0,synthetic-user-044,synthetic-user-044-session-01,cc926fb8-553c-47bc-82e2-16b8e013a2ae,Chicago Fire Department - Engine Co. 18,Movie & TV Locations,Movie & TV Locations,1,0,0,5b6e548e-d108-4995-9f1a-4ad228819e21,https://demo.invalid/places/cc926fb8-553c-47bc-82e2-16b8e013a2ae,4200,4200
20260717,1784249160000000,2026-07-17T00:46:00+00:00,map-user-action,marker_click,1.5,synthetic-user-052,synthetic-user-052-session-02,ff40b238-44f5-4584-97b5-7ed9b05f840a,Broadway Playhouse,Theaters and Music Venues,Theaters and Music Venues,1,0,0,,https://demo.invalid/places/ff40b238-44f5-4584-97b5-7ed9b05f840a,1600,1600
20260717,1784249205000000,2026-07-17T00:46:45+00:00,page_view,detail_view,1.0,synthetic-user-052,synthetic-user-052-session-02,ff40b238-44f5-4584-97b5-7ed9b05f840a,Broadway Playhouse,Theaters and Music Venues,Theaters and Music Venues,1,0,0,,https://demo.invalid/places/ff40b238-44f5-4584-97b5-7ed9b05f840a,4200,4200
20260717,1784250240000000,2026-07-17T01:04:00+00:00,map-user-action,marker_click,1.5,synthetic-user-052,synthetic-user-052-session-02,f021d1b7-2530-4f66-a737-b696f1b80d0a,Auditorium Theatre,Theaters and Music Venues,Theaters and Music Venues,1,0,0,ff40b238-44f5-4584-97b5-7ed9b05f840a,https://demo.invalid/places/f021d1b7-2530-4f66-a737-b696f1b80d0a,1600,1600
20260717,1784250285000000,2026-07-17T01:04:45+00:00,page_view,detail_view,1.0,synthetic-user-052,synthetic-user-052-session-02,f021d1b7-2530-4f66-a737-b696f1b80d0a,Auditorium Theatre,Theaters and Music Venues,Theaters and Music Venues,1,0,0,ff40b238-44f5-4584-97b5-7ed9b05f840a,https://demo.invalid/places/f021d1b7-2530-4f66-a737-b696f1b80d0a,4200,4200
20260717,1784251320000000,2026-07-17T01:22:00+00:00,map-user-action,marker_click,1.5,synthetic-user-052,synthetic-user-052-session-02,5e91b706-eae2-4e5e-8ae3-085bc517de57,Flyover Chicago,Attractions; HOT SPOTS,Attractions,2,1,0,f021d1b7-2530-4f66-a737-b696f1b80d0a,https://demo.invalid/places/5e91b706-eae2-4e5e-8ae3-085bc517de57,1600,1600
20260717,1784251365000000,2026-07-17T01:22:45+00:00,page_view,detail_view,1.0,synthetic-user-052,synthetic-user-052-session-02,5e91b706-eae2-4e5e-8ae3-085bc517de57,Flyover Chicago,Attractions; HOT SPOTS,Attractions,2,1,0,f021d1b7-2530-4f66-a737-b696f1b80d0a,https://demo.invalid/places/5e91b706-eae2-4e5e-8ae3-085bc517de57,4200,4200
20260717,1784252400000000,2026-07-17T01:40:00+00:00,map-user-action,marker_click,1.5,synthetic-user-052,synthetic-user-052-session-02,7f27b473-2df0-4bfa-a7f5-f41117322754,Huntington Bank Pavilion,Theaters and Music Venues,Theaters and Music Venues,1,0,0,5e91b706-eae2-4e5e-8ae3-085bc517de57,https://demo.invalid/places/7f27b473-2df0-4bfa-a7f5-f41117322754,1600,1600
20260717,1784252445000000,2026-07-17T01:40:45+00:00,page_view,detail_view,1.0,synthetic-user-052,synthetic-user-052-session-02,7f27b473-2df0-4bfa-a7f5-f41117322754,Huntington Bank Pavilion,Theaters and Music Venues,Theaters and Music Venues,1,0,0,5e91b706-eae2-4e5e-8ae3-085bc517de57,https://demo.invalid/places/7f27b473-2df0-4bfa-a7f5-f41117322754,4200,4200
20260717,1784256660000000,2026-07-17T02:51:00+00:00,map-user-action,marker_click,1.5,synthetic-user-060,synthetic-user-060-session-03,82e5dffe-e6da-4af9-8f19-a706a05c4ed7,Ambassador,Hotels,Hotels,1,0,0,,https://demo.invalid/places/82e5dffe-e6da-4af9-8f19-a706a05c4ed7,1600,1600
20260717,1784256705000000,2026-07-17T02:51:45+00:00,page_view,detail_view,1.0,synthetic-user-060,synthetic-user-060-session-03,82e5dffe-e6da-4af9-8f19-a706a05c4ed7,Ambassador,Hotels,Hotels,1,0,0,,https://demo.invalid/places/82e5dffe-e6da-4af9-8f19-a706a05c4ed7,4200,4200
20260717,1784257740000000,2026-07-17T03:09:00+00:00,map-user-action,marker_click,1.5,synthetic-user-060,synthetic-user-060-session-03,a0d0c5ec-074e-4fb4-b112-9caee21d717a,Oak Street District,Neighborhood Organizations; Shops,Neighborhood Organizations,2,0,0,82e5dffe-e6da-4af9-8f19-a706a05c4ed7,https://demo.invalid/places/a0d0c5ec-074e-4fb4-b112-9caee21d717a,1600,1600
20260717,1784257785000000,2026-07-17T03:09:45+00:00,page_view,detail_view,1.0,synthetic-user-060,synthetic-user-060-session-03,a0d0c5ec-074e-4fb4-b112-9caee21d717a,Oak Street District,Neighborhood Organizations; Shops,Neighborhood Organizations,2,0,0,82e5dffe-e6da-4af9-8f19-a706a05c4ed7,https://demo.invalid/places/a0d0c5ec-074e-4fb4-b112-9caee21d717a,4200,4200
20260717,1784258820000000,2026-07-17T03:27:00+00:00,map-user-action,marker_click,1.5,synthetic-user-060,synthetic-user-060-session-03,3fd80f7d-ab09-4088-9796-9571a14a7926,Clark Street in Lincoln Park,HOT SPOTS; Neighborhood Organizations,Neighborhood Organizations,2,1,0,a0d0c5ec-074e-4fb4-b112-9caee21d717a,https://demo.invalid/places/3fd80f7d-ab09-4088-9796-9571a14a7926,1600,1600
20260717,1784258865000000,2026-07-17T03:27:45+00:00,page_view,detail_view,1.0,synthetic-user-060,synthetic-user-060-session-03,3fd80f7d-ab09-4088-9796-9571a14a7926,Clark Street in Lincoln Park,HOT SPOTS; Neighborhood Organizations,Neighborhood Organizations,2,1,0,a0d0c5ec-074e-4fb4-b112-9caee21d717a,https://demo.invalid/places/3fd80f7d-ab09-4088-9796-9571a14a7926,4200,4200
20260717,1784259900000000,2026-07-17T03:45:00+00:00,map-user-action,marker_click,1.5,synthetic-user-060,synthetic-user-060-session-03,6cf9b47c-e237-456a-876d-8ba9028bf56e,Chicago's North Shore,HOT SPOTS; Neighborhood Organizations,Neighborhood Organizations,2,1,0,3fd80f7d-ab09-4088-9796-9571a14a7926,https://demo.invalid/places/6cf9b47c-e237-456a-876d-8ba9028bf56e,1600,1600
20260717,1784259945000000,2026-07-17T03:45:45+00:00,page_view,detail_view,1.0,synthetic-user-060,synthetic-user-060-session-03,6cf9b47c-e237-456a-876d-8ba9028bf56e,Chicago's North Shore,HOT SPOTS; Neighborhood Organizations,Neighborhood Organizations,2,1,0,3fd80f7d-ab09-4088-9796-9571a14a7926,https://demo.invalid/places/6cf9b47c-e237-456a-876d-8ba9028bf56e,4200,4200
20260717,1784262120000000,2026-07-17T04:22:00+00:00,map-user-action,marker_click,1.5,synthetic-user-075,synthetic-user-075-session-01,9535776b-f785-4ea4-8376-0f7597db114e,Chicago Shakespeare Theater,Theaters and Music Venues,Theaters and Music Venues,1,0,0,,https://demo.invalid/places/9535776b-f785-4ea4-8376-0f7597db114e,1600,1600
20260717,1784262165000000,2026-07-17T04:22:45+00:00,page_view,detail_view,1.0,synthetic-user-075,synthetic-user-075-session-01,9535776b-f785-4ea4-8376-0f7597db114e,Chicago Shakespeare Theater,Theaters and Music Venues,Theaters and Music Venues,1,0,0,,https://demo.invalid/places/9535776b-f785-4ea4-8376-0f7597db114e,4200,4200
20260717,1784263200000000,2026-07-17T04:40:00+00:00,map-user-action,marker_click,1.5,synthetic-user-075,synthetic-user-075-session-01,3fe93f70-12cb-4edd-9134-eabc077a6747,Portillo's,Restaurants,Restaurants,1,0,0,9535776b-f785-4ea4-8376-0f7597db114e,https://demo.invalid/places/3fe93f70-12cb-4edd-9134-eabc077a6747,1600,1600
20260717,1784263245000000,2026-07-17T04:40:45+00:00,page_view,detail_view,1.0,synthetic-user-075,synthetic-user-075-session-01,3fe93f70-12cb-4edd-9134-eabc077a6747,Portillo's,Restaurants,Restaurants,1,0,0,9535776b-f785-4ea4-8376-0f7597db114e,https://demo.invalid/places/3fe93f70-12cb-4edd-9134-eabc077a6747,4200,4200
20260717,1784264280000000,2026-07-17T04:58:00+00:00,map-user-action,marker_click,1.5,synthetic-user-075,synthetic-user-075-session-01,1cc17f6b-9ea9-40d1-b9ea-879960a20e35,Raising Cane’s Chicken Fingers - Loyola,HOT SPOTS; Restaurants,Restaurants,2,1,0,3fe93f70-12cb-4edd-9134-eabc077a6747,https://demo.invalid/places/1cc17f6b-9ea9-40d1-b9ea-879960a20e35,1600,1600
20260717,1784264325000000,2026-07-17T04:58:45+00:00,page_view,detail_view,1.0,synthetic-user-075,synthetic-user-075-session-01,1cc17f6b-9ea9-40d1-b9ea-879960a20e35,Raising Cane’s Chicken Fingers - Loyola,HOT SPOTS; Restaurants,Restaurants,2,1,0,3fe93f70-12cb-4edd-9134-eabc077a6747,https://demo.invalid/places/1cc17f6b-9ea9-40d1-b9ea-879960a20e35,4200,4200
20260717,1784265360000000,2026-07-17T05:16:00+00:00,map-user-action,marker_click,1.5,synthetic-user-075,synthetic-user-075-session-01,ee1cd8e1-c553-4a4e-8d67-2dc599f3c4d2,Starbucks Reserve Roastery,Restaurants,Restaurants,1,0,0,1cc17f6b-9ea9-40d1-b9ea-879960a20e35,https://demo.invalid/places/ee1cd8e1-c553-4a4e-8d67-2dc599f3c4d2,1600,1600
20260717,1784265405000000,2026-07-17T05:16:45+00:00,page_view,detail_view,1.0,synthetic-user-075,synthetic-user-075-session-01,ee1cd8e1-c553-4a4e-8d67-2dc599f3c4d2,Starbucks Reserve Roastery,Restaurants,Restaurants,1,0,0,1cc17f6b-9ea9-40d1-b9ea-879960a20e35,https://demo.invalid/places/ee1cd8e1-c553-4a4e-8d67-2dc599f3c4d2,4200,4200
20260717,1784301000000000,2026-07-17T15:10:00+00:00,map-user-action,marker_click,1.5,synthetic-user-003,synthetic-user-003-session-01,502a1d5c-6f47-4307-a5b8-49fd24841a75,Big Bus Tours Stop 1: Chicago Riverwalk,Big Bus Tours Stops,Big Bus Tours Stops,1,0,0,,https://demo.invalid/places/502a1d5c-6f47-4307-a5b8-49fd24841a75,1600,1600
20260717,1784301045000000,2026-07-17T15:10:45+00:00,page_view,detail_view,1.0,synthetic-user-003,synthetic-user-003-session-01,502a1d5c-6f47-4307-a5b8-49fd24841a75,Big Bus Tours Stop 1: Chicago Riverwalk,Big Bus Tours Stops,Big Bus Tours Stops,1,0,0,,https://demo.invalid/places/502a1d5c-6f47-4307-a5b8-49fd24841a75,4200,4200
20260717,1784302080000000,2026-07-17T15:28:00+00:00,map-user-action,marker_click,1.5,synthetic-user-003,synthetic-user-003-session-01,73cd3c5e-f16f-432a-9e52-9f323843a227,Big Bus Tours Stop 3: Millennium Park & The Art Institute of Chicago,Big Bus Tours Stops,Big Bus Tours Stops,1,0,0,502a1d5c-6f47-4307-a5b8-49fd24841a75,https://demo.invalid/places/73cd3c5e-f16f-432a-9e52-9f323843a227,1600,1600
20260717,1784302125000000,2026-07-17T15:28:45+00:00,page_view,detail_view,1.0,synthetic-user-003,synthetic-user-003-session-01,73cd3c5e-f16f-432a-9e52-9f323843a227,Big Bus Tours Stop 3: Millennium Park & The Art Institute of Chicago,Big Bus Tours Stops,Big Bus Tours Stops,1,0,0,502a1d5c-6f47-4307-a5b8-49fd24841a75,https://demo.invalid/places/73cd3c5e-f16f-432a-9e52-9f323843a227,4200,4200
20260717,1784303160000000,2026-07-17T15:46:00+00:00,map-user-action,marker_click,1.5,synthetic-user-003,synthetic-user-003-session-01,383474ac-5960-410c-8c16-3d9efc04790d,Big Bus Tours Stop 7: Sheraton Grand Chicago,Big Bus Tours Stops,Big Bus Tours Stops,1,0,0,73cd3c5e-f16f-432a-9e52-9f323843a227,https://demo.invalid/places/383474ac-5960-410c-8c16-3d9efc04790d,1600,1600
20260717,1784303205000000,2026-07-17T15:46:45+00:00,page_view,detail_view,1.0,synthetic-user-003,synthetic-user-003-session-01,383474ac-5960-410c-8c16-3d9efc04790d,Big Bus Tours Stop 7: Sheraton Grand Chicago,Big Bus Tours Stops,Big Bus Tours Stops,1,0,0,73cd3c5e-f16f-432a-9e52-9f323843a227,https://demo.invalid/places/383474ac-5960-410c-8c16-3d9efc04790d,4200,4200
20260717,1784304240000000,2026-07-17T16:04:00+00:00,map-user-action,marker_click,1.5,synthetic-user-003,synthetic-user-003-session-01,2bafb42b-1910-4bdf-a8b6-ebfaebcaf543,Griffin Museum of Science & Industry,Attractions; HOT SPOTS; Museums,Attractions,3,1,0,383474ac-5960-410c-8c16-3d9efc04790d,https://demo.invalid/places/2bafb42b-1910-4bdf-a8b6-ebfaebcaf543,1600,1600
20260717,1784304285000000,2026-07-17T16:04:45+00:00,page_view,detail_view,1.0,synthetic-user-003,synthetic-user-003-session-01,2bafb42b-1910-4bdf-a8b6-ebfaebcaf543,Griffin Museum of Science & Industry,Attractions; HOT SPOTS; Museums,Attractions,3,1,0,383474ac-5960-410c-8c16-3d9efc04790d,https://demo.invalid/places/2bafb42b-1910-4bdf-a8b6-ebfaebcaf543,4200,4200
20260717,1784308500000000,2026-07-17T17:15:00+00:00,map-user-action,marker_click,1.5,synthetic-user-011,synthetic-user-011-session-02,b30e7e7a-9999-4a0b-91d5-d2035a4ebe93,Fashion Outlets of Chicago,HOT SPOTS; Shops,Shops,2,1,0,,https://demo.invalid/places/b30e7e7a-9999-4a0b-91d5-d2035a4ebe93,1600,1600
20260717,1784308545000000,2026-07-17T17:15:45+00:00,page_view,detail_view,1.0,synthetic-user-011,synthetic-user-011-session-02,b30e7e7a-9999-4a0b-91d5-d2035a4ebe93,Fashion Outlets of Chicago,HOT SPOTS; Shops,Shops,2,1,0,,https://demo.invalid/places/b30e7e7a-9999-4a0b-91d5-d2035a4ebe93,4200,4200
20260717,1784309580000000,2026-07-17T17:33:00+00:00,map-user-action,marker_click,1.5,synthetic-user-011,synthetic-user-011-session-02,d85af6a8-8d67-4b9a-9bc9-39ac42ea30d9,Primark,Shops,Shops,1,0,0,b30e7e7a-9999-4a0b-91d5-d2035a4ebe93,https://demo.invalid/places/d85af6a8-8d67-4b9a-9bc9-39ac42ea30d9,1600,1600
20260717,1784309625000000,2026-07-17T17:33:45+00:00,page_view,detail_view,1.0,synthetic-user-011,synthetic-user-011-session-02,d85af6a8-8d67-4b9a-9bc9-39ac42ea30d9,Primark,Shops,Shops,1,0,0,b30e7e7a-9999-4a0b-91d5-d2035a4ebe93,https://demo.invalid/places/d85af6a8-8d67-4b9a-9bc9-39ac42ea30d9,4200,4200
20260717,1784310660000000,2026-07-17T17:51:00+00:00,map-user-action,marker_click,1.5,synthetic-user-011,synthetic-user-011-session-02,b9e02a40-1389-431c-bc6c-ead789abf090,Nordstrom Rack,Shops,Shops,1,0,0,d85af6a8-8d67-4b9a-9bc9-39ac42ea30d9,https://demo.invalid/places/b9e02a40-1389-431c-bc6c-ead789abf090,1600,1600
20260717,1784310705000000,2026-07-17T17:51:45+00:00,page_view,detail_view,1.0,synthetic-user-011,synthetic-user-011-session-02,b9e02a40-1389-431c-bc6c-ead789abf090,Nordstrom Rack,Shops,Shops,1,0,0,d85af6a8-8d67-4b9a-9bc9-39ac42ea30d9,https://demo.invalid/places/b9e02a40-1389-431c-bc6c-ead789abf090,4200,4200
20260717,1784311740000000,2026-07-17T18:09:00+00:00,map-user-action,marker_click,1.5,synthetic-user-011,synthetic-user-011-session-02,52bd65c2-e431-4558-90a6-6dd907ff5a2b,Vosges Haut-Chocolat,Shops,Shops,1,0,0,b9e02a40-1389-431c-bc6c-ead789abf090,https://demo.invalid/places/52bd65c2-e431-4558-90a6-6dd907ff5a2b,1600,1600
20260717,1784311785000000,2026-07-17T18:09:45+00:00,page_view,detail_view,1.0,synthetic-user-011,synthetic-user-011-session-02,52bd65c2-e431-4558-90a6-6dd907ff5a2b,Vosges Haut-Chocolat,Shops,Shops,1,0,0,b9e02a40-1389-431c-bc6c-ead789abf090,https://demo.invalid/places/52bd65c2-e431-4558-90a6-6dd907ff5a2b,4200,4200
20260717,1784316000000000,2026-07-17T19:20:00+00:00,map-user-action,marker_click,1.5,synthetic-user-019,synthetic-user-019-session-03,100cd1d6-0af9-497a-a070-063645f6304a,AC,Hotels,Hotels,1,0,0,,https://demo.invalid/places/100cd1d6-0af9-497a-a070-063645f6304a,1600,1600
20260717,1784316045000000,2026-07-17T19:20:45+00:00,page_view,detail_view,1.0,synthetic-user-019,synthetic-user-019-session-03,100cd1d6-0af9-497a-a070-063645f6304a,AC,Hotels,Hotels,1,0,0,,https://demo.invalid/places/100cd1d6-0af9-497a-a070-063645f6304a,4200,4200
20260717,1784317080000000,2026-07-17T19:38:00+00:00,map-user-action,marker_click,1.5,synthetic-user-019,synthetic-user-019-session-03,3a867f33-9c48-45e8-acb7-a5c95102a32a,Muddy Waters,Murals,Murals,1,0,0,100cd1d6-0af9-497a-a070-063645f6304a,https://demo.invalid/places/3a867f33-9c48-45e8-acb7-a5c95102a32a,1600,1600
20260717,1784317125000000,2026-07-17T19:38:45+00:00,page_view,detail_view,1.0,synthetic-user-019,synthetic-user-019-session-03,3a867f33-9c48-45e8-acb7-a5c95102a32a,Muddy Waters,Murals,Murals,1,0,0,100cd1d6-0af9-497a-a070-063645f6304a,https://demo.invalid/places/3a867f33-9c48-45e8-acb7-a5c95102a32a,4200,4200
20260717,1784318160000000,2026-07-17T19:56:00+00:00,map-user-action,marker_click,1.5,synthetic-user-019,synthetic-user-019-session-03,8e8e448e-fe9d-43ff-8550-f301f9b79dad,Courtyard by Marriott,Hotels,Hotels,1,0,0,3a867f33-9c48-45e8-acb7-a5c95102a32a,https://demo.invalid/places/8e8e448e-fe9d-43ff-8550-f301f9b79dad,1600,1600
20260717,1784318205000000,2026-07-17T19:56:45+00:00,page_view,detail_view,1.0,synthetic-user-019,synthetic-user-019-session-03,8e8e448e-fe9d-43ff-8550-f301f9b79dad,Courtyard by Marriott,Hotels,Hotels,1,0,0,3a867f33-9c48-45e8-acb7-a5c95102a32a,https://demo.invalid/places/8e8e448e-fe9d-43ff-8550-f301f9b79dad,4200,4200
20260717,1784319240000000,2026-07-17T20:14:00+00:00,map-user-action,marker_click,1.5,synthetic-user-019,synthetic-user-019-session-03,f9f32a6a-8280-4658-b26f-1591f7552f5c,"HI Chicago, the J. Ira and Nicki Harris Family Hostel",Hotels,Hotels,1,0,0,8e8e448e-fe9d-43ff-8550-f301f9b79dad,https://demo.invalid/places/f9f32a6a-8280-4658-b26f-1591f7552f5c,1600,1600
20260717,1784319285000000,2026-07-17T20:14:45+00:00,page_view,detail_view,1.0,synthetic-user-019,synthetic-user-019-session-03,f9f32a6a-8280-4658-b26f-1591f7552f5c,"HI Chicago, the J. Ira and Nicki Harris Family Hostel",Hotels,Hotels,1,0,0,8e8e448e-fe9d-43ff-8550-f301f9b79dad,https://demo.invalid/places/f9f32a6a-8280-4658-b26f-1591f7552f5c,4200,4200
20260717,1784321460000000,2026-07-17T20:51:00+00:00,map-user-action,marker_click,1.5,synthetic-user-034,synthetic-user-034-session-01,a0d0c5ec-074e-4fb4-b112-9caee21d717a,Oak Street District,Neighborhood Organizations; Shops,Neighborhood Organizations,2,0,0,,https://demo.invalid/places/a0d0c5ec-074e-4fb4-b112-9caee21d717a,1600,1600
20260717,1784321505000000,2026-07-17T20:51:45+00:00,page_view,detail_view,1.0,synthetic-user-034,synthetic-user-034-session-01,a0d0c5ec-074e-4fb4-b112-9caee21d717a,Oak Street District,Neighborhood Organizations; Shops,Neighborhood Organizations,2,0,0,,https://demo.invalid/places/a0d0c5ec-074e-4fb4-b112-9caee21d717a,4200,4200
20260717,1784322540000000,2026-07-17T21:09:00+00:00,map-user-action,marker_click,1.5,synthetic-user-034,synthetic-user-034-session-01,6cf9b47c-e237-456a-876d-8ba9028bf56e,Chicago's North Shore,HOT SPOTS; Neighborhood Organizations,Neighborhood Organizations,2,1,0,a0d0c5ec-074e-4fb4-b112-9caee21d717a,https://demo.invalid/places/6cf9b47c-e237-456a-876d-8ba9028bf56e,1600,1600
20260717,1784322585000000,2026-07-17T21:09:45+00:00,page_view,detail_view,1.0,synthetic-user-034,synthetic-user-034-session-01,6cf9b47c-e237-456a-876d-8ba9028bf56e,Chicago's North Shore,HOT SPOTS; Neighborhood Organizations,Neighborhood Organizations,2,1,0,a0d0c5ec-074e-4fb4-b112-9caee21d717a,https://demo.invalid/places/6cf9b47c-e237-456a-876d-8ba9028bf56e,4200,4200
20260717,1784323620000000,2026-07-17T21:27:00+00:00,map-user-action,marker_click,1.5,synthetic-user-034,synthetic-user-034-session-01,2f7682d4-6dfc-457e-9576-bf0b48776dc4,21c Museum Hotel,Hotels,Hotels,1,0,0,6cf9b47c-e237-456a-876d-8ba9028bf56e,https://demo.invalid/places/2f7682d4-6dfc-457e-9576-bf0b48776dc4,1600,1600
20260717,1784323665000000,2026-07-17T21:27:45+00:00,page_view,detail_view,1.0,synthetic-user-034,synthetic-user-034-session-01,2f7682d4-6dfc-457e-9576-bf0b48776dc4,21c Museum Hotel,Hotels,Hotels,1,0,0,6cf9b47c-e237-456a-876d-8ba9028bf56e,https://demo.invalid/places/2f7682d4-6dfc-457e-9576-bf0b48776dc4,4200,4200
20260717,1784324700000000,2026-07-17T21:45:00+00:00,map-user-action,marker_click,1.5,synthetic-user-034,synthetic-user-034-session-01,3fd80f7d-ab09-4088-9796-9571a14a7926,Clark Street in Lincoln Park,HOT SPOTS; Neighborhood Organizations,Neighborhood Organizations,2,1,0,2f7682d4-6dfc-457e-9576-bf0b48776dc4,https://demo.invalid/places/3fd80f7d-ab09-4088-9796-9571a14a7926,1600,1600
20260717,1784324745000000,2026-07-17T21:45:45+00:00,page_view,detail_view,1.0,synthetic-user-034,synthetic-user-034-session-01,3fd80f7d-ab09-4088-9796-9571a14a7926,Clark Street in Lincoln Park,HOT SPOTS; Neighborhood Organizations,Neighborhood Organizations,2,1,0,2f7682d4-6dfc-457e-9576-bf0b48776dc4,https://demo.invalid/places/3fd80f7d-ab09-4088-9796-9571a14a7926,4200,4200
20260717,1784328960000000,2026-07-17T22:56:00+00:00,map-user-action,marker_click,1.5,synthetic-user-042,synthetic-user-042-session-02,d5148032-0c5f-467b-b29e-a5202d3af219,Big Bus Tours Stop 10: 360 Chicago,Big Bus Tours Stops,Big Bus Tours Stops,1,0,0,,https://demo.invalid/places/d5148032-0c5f-467b-b29e-a5202d3af219,1600,1600
20260717,1784329005000000,2026-07-17T22:56:45+00:00,page_view,detail_view,1.0,synthetic-user-042,synthetic-user-042-session-02,d5148032-0c5f-467b-b29e-a5202d3af219,Big Bus Tours Stop 10: 360 Chicago,Big Bus Tours Stops,Big Bus Tours Stops,1,0,0,,https://demo.invalid/places/d5148032-0c5f-467b-b29e-a5202d3af219,4200,4200
20260717,1784330040000000,2026-07-17T23:14:00+00:00,map-user-action,marker_click,1.5,synthetic-user-042,synthetic-user-042-session-02,4c4aaf2e-2e5d-4508-9d4e-42a85223f47d,Ever Restaurant,Movie & TV Locations; Restaurants,Movie & TV Locations,2,0,0,d5148032-0c5f-467b-b29e-a5202d3af219,https://demo.invalid/places/4c4aaf2e-2e5d-4508-9d4e-42a85223f47d,1600,1600
20260717,1784330085000000,2026-07-17T23:14:45+00:00,page_view,detail_view,1.0,synthetic-user-042,synthetic-user-042-session-02,4c4aaf2e-2e5d-4508-9d4e-42a85223f47d,Ever Restaurant,Movie & TV Locations; Restaurants,Movie & TV Locations,2,0,0,d5148032-0c5f-467b-b29e-a5202d3af219,https://demo.invalid/places/4c4aaf2e-2e5d-4508-9d4e-42a85223f47d,4200,4200
20260717,1784331120000000,2026-07-17T23:32:00+00:00,map-user-action,marker_click,1.5,synthetic-user-042,synthetic-user-042-session-02,d0c80aac-6895-4f2d-b1f1-ce4d653cd253,Big Bus Tours Stop 9: Water Tower & The Magnificent Mile,Big Bus Tours Stops,Big Bus Tours Stops,1,0,0,4c4aaf2e-2e5d-4508-9d4e-42a85223f47d,https://demo.invalid/places/d0c80aac-6895-4f2d-b1f1-ce4d653cd253,1600,1600
20260717,1784331165000000,2026-07-17T23:32:45+00:00,page_view,detail_view,1.0,synthetic-user-042,synthetic-user-042-session-02,d0c80aac-6895-4f2d-b1f1-ce4d653cd253,Big Bus Tours Stop 9: Water Tower & The Magnificent Mile,Big Bus Tours Stops,Big Bus Tours Stops,1,0,0,4c4aaf2e-2e5d-4508-9d4e-42a85223f47d,https://demo.invalid/places/d0c80aac-6895-4f2d-b1f1-ce4d653cd253,4200,4200
20260717,1784332200000000,2026-07-17T23:50:00+00:00,map-user-action,marker_click,1.5,synthetic-user-042,synthetic-user-042-session-02,383474ac-5960-410c-8c16-3d9efc04790d,Big Bus Tours Stop 7: Sheraton Grand Chicago,Big Bus Tours Stops,Big Bus Tours Stops,1,0,0,d0c80aac-6895-4f2d-b1f1-ce4d653cd253,https://demo.invalid/places/383474ac-5960-410c-8c16-3d9efc04790d,1600,1600
20260717,1784332245000000,2026-07-17T23:50:45+00:00,page_view,detail_view,1.0,synthetic-user-042,synthetic-user-042-session-02,383474ac-5960-410c-8c16-3d9efc04790d,Big Bus Tours Stop 7: Sheraton Grand Chicago,Big Bus Tours Stops,Big Bus Tours Stops,1,0,0,d0c80aac-6895-4f2d-b1f1-ce4d653cd253,https://demo.invalid/places/383474ac-5960-410c-8c16-3d9efc04790d,4200,4200
20260718,1784336460000000,2026-07-18T01:01:00+00:00,map-user-action,marker_click,1.5,synthetic-user-050,synthetic-user-050-session-03,a3cfdda6-ce51-4d35-83f3-ac6dd89485a9,Bloomingdale's,Shops,Shops,1,0,0,,https://demo.invalid/places/a3cfdda6-ce51-4d35-83f3-ac6dd89485a9,1600,1600
20260718,1784336505000000,2026-07-18T01:01:45+00:00,page_view,detail_view,1.0,synthetic-user-050,synthetic-user-050-session-03,a3cfdda6-ce51-4d35-83f3-ac6dd89485a9,Bloomingdale's,Shops,Shops,1,0,0,,https://demo.invalid/places/a3cfdda6-ce51-4d35-83f3-ac6dd89485a9,4200,4200
20260718,1784337540000000,2026-07-18T01:19:00+00:00,map-user-action,marker_click,1.5,synthetic-user-050,synthetic-user-050-session-03,04262787-4b85-4d95-a301-c7b3b6068a6d,Garrett Popcorn Shops,HOT SPOTS; Shops,Shops,2,1,0,a3cfdda6-ce51-4d35-83f3-ac6dd89485a9,https://demo.invalid/places/04262787-4b85-4d95-a301-c7b3b6068a6d,1600,1600
20260718,1784337585000000,2026-07-18T01:19:45+00:00,page_view,detail_view,1.0,synthetic-user-050,synthetic-user-050-session-03,04262787-4b85-4d95-a301-c7b3b6068a6d,Garrett Popcorn Shops,HOT SPOTS; Shops,Shops,2,1,0,a3cfdda6-ce51-4d35-83f3-ac6dd89485a9,https://demo.invalid/places/04262787-4b85-4d95-a301-c7b3b6068a6d,4200,4200
20260718,1784338620000000,2026-07-18T01:37:00+00:00,map-user-action,marker_click,1.5,synthetic-user-050,synthetic-user-050-session-03,06dffd31-ae21-4531-bc2c-04df20f85c1d,Saks 5th Ave.,Shops,Shops,1,0,0,04262787-4b85-4d95-a301-c7b3b6068a6d,https://demo.invalid/places/06dffd31-ae21-4531-bc2c-04df20f85c1d,1600,1600
20260718,1784338665000000,2026-07-18T01:37:45+00:00,page_view,detail_view,1.0,synthetic-user-050,synthetic-user-050-session-03,06dffd31-ae21-4531-bc2c-04df20f85c1d,Saks 5th Ave.,Shops,Shops,1,0,0,04262787-4b85-4d95-a301-c7b3b6068a6d,https://demo.invalid/places/06dffd31-ae21-4531-bc2c-04df20f85c1d,4200,4200
20260718,1784339700000000,2026-07-18T01:55:00+00:00,map-user-action,marker_click,1.5,synthetic-user-050,synthetic-user-050-session-03,72384069-0f15-4a7b-9c0a-fb47c2804458,Nordstrom,Shops,Shops,1,0,0,06dffd31-ae21-4531-bc2c-04df20f85c1d,https://demo.invalid/places/72384069-0f15-4a7b-9c0a-fb47c2804458,1600,1600
20260718,1784339745000000,2026-07-18T01:55:45+00:00,page_view,detail_view,1.0,synthetic-user-050,synthetic-user-050-session-03,72384069-0f15-4a7b-9c0a-fb47c2804458,Nordstrom,Shops,Shops,1,0,0,06dffd31-ae21-4531-bc2c-04df20f85c1d,https://demo.invalid/places/72384069-0f15-4a7b-9c0a-fb47c2804458,4200,4200
20260718,1784341920000000,2026-07-18T02:32:00+00:00,map-user-action,marker_click,1.5,synthetic-user-065,synthetic-user-065-session-01,d0c80aac-6895-4f2d-b1f1-ce4d653cd253,Big Bus Tours Stop 9: Water Tower & The Magnificent Mile,Big Bus Tours Stops,Big Bus Tours Stops,1,0,0,,https://demo.invalid/places/d0c80aac-6895-4f2d-b1f1-ce4d653cd253,1600,1600
20260718,1784341965000000,2026-07-18T02:32:45+00:00,page_view,detail_view,1.0,synthetic-user-065,synthetic-user-065-session-01,d0c80aac-6895-4f2d-b1f1-ce4d653cd253,Big Bus Tours Stop 9: Water Tower & The Magnificent Mile,Big Bus Tours Stops,Big Bus Tours Stops,1,0,0,,https://demo.invalid/places/d0c80aac-6895-4f2d-b1f1-ce4d653cd253,4200,4200
20260718,1784343000000000,2026-07-18T02:50:00+00:00,map-user-action,marker_click,1.5,synthetic-user-065,synthetic-user-065-session-01,04481351-3fde-49f7-b0ea-88c8cc71fe46,Nederlander Theatre,Theaters and Music Venues,Theaters and Music Venues,1,0,0,d0c80aac-6895-4f2d-b1f1-ce4d653cd253,https://demo.invalid/places/04481351-3fde-49f7-b0ea-88c8cc71fe46,1600,1600
20260718,1784343045000000,2026-07-18T02:50:45+00:00,page_view,detail_view,1.0,synthetic-user-065,synthetic-user-065-session-01,04481351-3fde-49f7-b0ea-88c8cc71fe46,Nederlander Theatre,Theaters and Music Venues,Theaters and Music Venues,1,0,0,d0c80aac-6895-4f2d-b1f1-ce4d653cd253,https://demo.invalid/places/04481351-3fde-49f7-b0ea-88c8cc71fe46,4200,4200
20260718,1784344080000000,2026-07-18T03:08:00+00:00,map-user-action,marker_click,1.5,synthetic-user-065,synthetic-user-065-session-01,79a27190-9265-4396-bcca-83b8244de8aa,Cadillac Palace Theatre,Theaters and Music Venues,Theaters and Music Venues,1,0,0,04481351-3fde-49f7-b0ea-88c8cc71fe46,https://demo.invalid/places/79a27190-9265-4396-bcca-83b8244de8aa,1600,1600
20260718,1784344125000000,2026-07-18T03:08:45+00:00,page_view,detail_view,1.0,synthetic-user-065,synthetic-user-065-session-01,79a27190-9265-4396-bcca-83b8244de8aa,Cadillac Palace Theatre,Theaters and Music Venues,Theaters and Music Venues,1,0,0,04481351-3fde-49f7-b0ea-88c8cc71fe46,https://demo.invalid/places/79a27190-9265-4396-bcca-83b8244de8aa,4200,4200
20260718,1784345160000000,2026-07-18T03:26:00+00:00,map-user-action,marker_click,1.5,synthetic-user-065,synthetic-user-065-session-01,93bbbf41-6a56-4d8d-a9e4-188e947d9d02,EMC2,Hotels,Hotels,1,0,0,79a27190-9265-4396-bcca-83b8244de8aa,https://demo.invalid/places/93bbbf41-6a56-4d8d-a9e4-188e947d9d02,1600,1600
20260718,1784345205000000,2026-07-18T03:26:45+00:00,page_view,detail_view,1.0,synthetic-user-065,synthetic-user-065-session-01,93bbbf41-6a56-4d8d-a9e4-188e947d9d02,EMC2,Hotels,Hotels,1,0,0,79a27190-9265-4396-bcca-83b8244de8aa,https://demo.invalid/places/93bbbf41-6a56-4d8d-a9e4-188e947d9d02,4200,4200
20260718,1784349420000000,2026-07-18T04:37:00+00:00,map-user-action,marker_click,1.5,synthetic-user-073,synthetic-user-073-session-02,6024e9cc-a4c0-4c80-9945-21a570cabfbc,Chicago Brewhouse,HOT SPOTS; Bars; Restaurants,Bars,3,1,0,,https://demo.invalid/places/6024e9cc-a4c0-4c80-9945-21a570cabfbc,1600,1600
20260718,1784349465000000,2026-07-18T04:37:45+00:00,page_view,detail_view,1.0,synthetic-user-073,synthetic-user-073-session-02,6024e9cc-a4c0-4c80-9945-21a570cabfbc,Chicago Brewhouse,HOT SPOTS; Bars; Restaurants,Bars,3,1,0,,https://demo.invalid/places/6024e9cc-a4c0-4c80-9945-21a570cabfbc,4200,4200
20260718,1784350500000000,2026-07-18T04:55:00+00:00,map-user-action,marker_click,1.5,synthetic-user-073,synthetic-user-073-session-02,3fd80f7d-ab09-4088-9796-9571a14a7926,Clark Street in Lincoln Park,HOT SPOTS; Neighborhood Organizations,Neighborhood Organizations,2,1,0,6024e9cc-a4c0-4c80-9945-21a570cabfbc,https://demo.invalid/places/3fd80f7d-ab09-4088-9796-9571a14a7926,1600,1600
20260718,1784350545000000,2026-07-18T04:55:45+00:00,page_view,detail_view,1.0,synthetic-user-073,synthetic-user-073-session-02,3fd80f7d-ab09-4088-9796-9571a14a7926,Clark Street in Lincoln Park,HOT SPOTS; Neighborhood Organizations,Neighborhood Organizations,2,1,0,6024e9cc-a4c0-4c80-9945-21a570cabfbc,https://demo.invalid/places/3fd80f7d-ab09-4088-9796-9571a14a7926,4200,4200
20260718,1784351580000000,2026-07-18T05:13:00+00:00,map-user-action,marker_click,1.5,synthetic-user-073,synthetic-user-073-session-02,502a1d5c-6f47-4307-a5b8-49fd24841a75,Big Bus Tours Stop 1: Chicago Riverwalk,Big Bus Tours Stops,Big Bus Tours Stops,1,0,0,3fd80f7d-ab09-4088-9796-9571a14a7926,https://demo.invalid/places/502a1d5c-6f47-4307-a5b8-49fd24841a75,1600,1600
20260718,1784351625000000,2026-07-18T05:13:45+00:00,page_view,detail_view,1.0,synthetic-user-073,synthetic-user-073-session-02,502a1d5c-6f47-4307-a5b8-49fd24841a75,Big Bus Tours Stop 1: Chicago Riverwalk,Big Bus Tours Stops,Big Bus Tours Stops,1,0,0,3fd80f7d-ab09-4088-9796-9571a14a7926,https://demo.invalid/places/502a1d5c-6f47-4307-a5b8-49fd24841a75,4200,4200
20260718,1784352660000000,2026-07-18T05:31:00+00:00,map-user-action,marker_click,1.5,synthetic-user-073,synthetic-user-073-session-02,6cf9b47c-e237-456a-876d-8ba9028bf56e,Chicago's North Shore,HOT SPOTS; Neighborhood Organizations,Neighborhood Organizations,2,1,0,502a1d5c-6f47-4307-a5b8-49fd24841a75,https://demo.invalid/places/6cf9b47c-e237-456a-876d-8ba9028bf56e,1600,1600
20260718,1784352705000000,2026-07-18T05:31:45+00:00,page_view,detail_view,1.0,synthetic-user-073,synthetic-user-073-session-02,6cf9b47c-e237-456a-876d-8ba9028bf56e,Chicago's North Shore,HOT SPOTS; Neighborhood Organizations,Neighborhood Organizations,2,1,0,502a1d5c-6f47-4307-a5b8-49fd24841a75,https://demo.invalid/places/6cf9b47c-e237-456a-876d-8ba9028bf56e,4200,4200
20260718,1784388300000000,2026-07-18T15:25:00+00:00,map-user-action,marker_click,1.5,synthetic-user-001,synthetic-user-001-session-02,d5d24b26-e2cd-41ff-b4e8-eaf891f8b1de,Chicago Style by Katie Lukes,Murals,Murals,1,0,0,,https://demo.invalid/places/d5d24b26-e2cd-41ff-b4e8-eaf891f8b1de,1600,1600
20260718,1784388345000000,2026-07-18T15:25:45+00:00,page_view,detail_view,1.0,synthetic-user-001,synthetic-user-001-session-02,d5d24b26-e2cd-41ff-b4e8-eaf891f8b1de,Chicago Style by Katie Lukes,Murals,Murals,1,0,0,,https://demo.invalid/places/d5d24b26-e2cd-41ff-b4e8-eaf891f8b1de,4200,4200
20260718,1784389380000000,2026-07-18T15:43:00+00:00,map-user-action,marker_click,1.5,synthetic-user-001,synthetic-user-001-session-02,aeadae4f-b1b3-4289-9df6-c69aaea8c819,Chicago's North Shore,Attractions,Attractions,1,0,0,d5d24b26-e2cd-41ff-b4e8-eaf891f8b1de,https://demo.invalid/places/aeadae4f-b1b3-4289-9df6-c69aaea8c819,1600,1600
20260718,1784389425000000,2026-07-18T15:43:45+00:00,page_view,detail_view,1.0,synthetic-user-001,synthetic-user-001-session-02,aeadae4f-b1b3-4289-9df6-c69aaea8c819,Chicago's North Shore,Attractions,Attractions,1,0,0,d5d24b26-e2cd-41ff-b4e8-eaf891f8b1de,https://demo.invalid/places/aeadae4f-b1b3-4289-9df6-c69aaea8c819,4200,4200
20260718,1784390460000000,2026-07-18T16:01:00+00:00,map-user-action,marker_click,1.5,synthetic-user-001,synthetic-user-001-session-02,90b8cde4-6823-4348-ad72-f07edacea59e,Doubletree,Hotels,Hotels,1,0,0,aeadae4f-b1b3-4289-9df6-c69aaea8c819,https://demo.invalid/places/90b8cde4-6823-4348-ad72-f07edacea59e,1600,1600
20260718,1784390505000000,2026-07-18T16:01:45+00:00,page_view,detail_view,1.0,synthetic-user-001,synthetic-user-001-session-02,90b8cde4-6823-4348-ad72-f07edacea59e,Doubletree,Hotels,Hotels,1,0,0,aeadae4f-b1b3-4289-9df6-c69aaea8c819,https://demo.invalid/places/90b8cde4-6823-4348-ad72-f07edacea59e,4200,4200
20260718,1784391540000000,2026-07-18T16:19:00+00:00,map-user-action,marker_click,1.5,synthetic-user-001,synthetic-user-001-session-02,fa1c3882-f5b6-4eb5-82dd-241817ee014d,Art Institute of Chicago,Attractions; Museums,Attractions,2,0,0,90b8cde4-6823-4348-ad72-f07edacea59e,https://demo.invalid/places/fa1c3882-f5b6-4eb5-82dd-241817ee014d,1600,1600
20260718,1784391585000000,2026-07-18T16:19:45+00:00,page_view,detail_view,1.0,synthetic-user-001,synthetic-user-001-session-02,fa1c3882-f5b6-4eb5-82dd-241817ee014d,Art Institute of Chicago,Attractions; Museums,Attractions,2,0,0,90b8cde4-6823-4348-ad72-f07edacea59e,https://demo.invalid/places/fa1c3882-f5b6-4eb5-82dd-241817ee014d,4200,4200
20260718,1784395800000000,2026-07-18T17:30:00+00:00,map-user-action,marker_click,1.5,synthetic-user-009,synthetic-user-009-session-03,94382a2a-4917-44d0-ab63-ce6237df694d,Hampton Inn & Suites Chicago Medical District UIC,Hotels,Hotels,1,0,0,,https://demo.invalid/places/94382a2a-4917-44d0-ab63-ce6237df694d,1600,1600
20260718,1784395845000000,2026-07-18T17:30:45+00:00,page_view,detail_view,1.0,synthetic-user-009,synthetic-user-009-session-03,94382a2a-4917-44d0-ab63-ce6237df694d,Hampton Inn & Suites Chicago Medical District UIC,Hotels,Hotels,1,0,0,,https://demo.invalid/places/94382a2a-4917-44d0-ab63-ce6237df694d,4200,4200
20260718,1784396880000000,2026-07-18T17:48:00+00:00,map-user-action,marker_click,1.5,synthetic-user-009,synthetic-user-009-session-03,94e40694-a823-4b46-a8c2-cad148f2dacd,Ping Tom Park,Parks,Parks,1,0,0,94382a2a-4917-44d0-ab63-ce6237df694d,https://demo.invalid/places/94e40694-a823-4b46-a8c2-cad148f2dacd,1600,1600
20260718,1784396925000000,2026-07-18T17:48:45+00:00,page_view,detail_view,1.0,synthetic-user-009,synthetic-user-009-session-03,94e40694-a823-4b46-a8c2-cad148f2dacd,Ping Tom Park,Parks,Parks,1,0,0,94382a2a-4917-44d0-ab63-ce6237df694d,https://demo.invalid/places/94e40694-a823-4b46-a8c2-cad148f2dacd,4200,4200
20260718,1784397960000000,2026-07-18T18:06:00+00:00,map-user-action,marker_click,1.5,synthetic-user-009,synthetic-user-009-session-03,f9d8de83-a6ab-46c0-ada9-69975c670ef9,Big Bus Tours Stop 11: River North,Big Bus Tours Stops,Big Bus Tours Stops,1,0,0,94e40694-a823-4b46-a8c2-cad148f2dacd,https://demo.invalid/places/f9d8de83-a6ab-46c0-ada9-69975c670ef9,1600,1600
20260718,1784398005000000,2026-07-18T18:06:45+00:00,page_view,detail_view,1.0,synthetic-user-009,synthetic-user-009-session-03,f9d8de83-a6ab-46c0-ada9-69975c670ef9,Big Bus Tours Stop 11: River North,Big Bus Tours Stops,Big Bus Tours Stops,1,0,0,94e40694-a823-4b46-a8c2-cad148f2dacd,https://demo.invalid/places/f9d8de83-a6ab-46c0-ada9-69975c670ef9,4200,4200
20260718,1784399040000000,2026-07-18T18:24:00+00:00,map-user-action,marker_click,1.5,synthetic-user-009,synthetic-user-009-session-03,b27be0cb-8774-401b-9aaa-2d5c1fda212d,Maggie Daley Park,Parks,Parks,1,0,0,f9d8de83-a6ab-46c0-ada9-69975c670ef9,https://demo.invalid/places/b27be0cb-8774-401b-9aaa-2d5c1fda212d,1600,1600
20260718,1784399085000000,2026-07-18T18:24:45+00:00,page_view,detail_view,1.0,synthetic-user-009,synthetic-user-009-session-03,b27be0cb-8774-401b-9aaa-2d5c1fda212d,Maggie Daley Park,Parks,Parks,1,0,0,f9d8de83-a6ab-46c0-ada9-69975c670ef9,https://demo.invalid/places/b27be0cb-8774-401b-9aaa-2d5c1fda212d,4200,4200
20260718,1784401260000000,2026-07-18T19:01:00+00:00,map-user-action,marker_click,1.5,synthetic-user-024,synthetic-user-024-session-01,b86cafa4-79b2-4c30-8215-918bee24f61e,Macy's State St.,Shops,Shops,1,0,0,,https://demo.invalid/places/b86cafa4-79b2-4c30-8215-918bee24f61e,1600,1600
20260718,1784401305000000,2026-07-18T19:01:45+00:00,page_view,detail_view,1.0,synthetic-user-024,synthetic-user-024-session-01,b86cafa4-79b2-4c30-8215-918bee24f61e,Macy's State St.,Shops,Shops,1,0,0,,https://demo.invalid/places/b86cafa4-79b2-4c30-8215-918bee24f61e,4200,4200
20260718,1784402340000000,2026-07-18T19:19:00+00:00,map-user-action,marker_click,1.5,synthetic-user-024,synthetic-user-024-session-01,ff40b238-44f5-4584-97b5-7ed9b05f840a,Broadway Playhouse,Theaters and Music Venues,Theaters and Music Venues,1,0,0,b86cafa4-79b2-4c30-8215-918bee24f61e,https://demo.invalid/places/ff40b238-44f5-4584-97b5-7ed9b05f840a,1600,1600
20260718,1784402385000000,2026-07-18T19:19:45+00:00,page_view,detail_view,1.0,synthetic-user-024,synthetic-user-024-session-01,ff40b238-44f5-4584-97b5-7ed9b05f840a,Broadway Playhouse,Theaters and Music Venues,Theaters and Music Venues,1,0,0,b86cafa4-79b2-4c30-8215-918bee24f61e,https://demo.invalid/places/ff40b238-44f5-4584-97b5-7ed9b05f840a,4200,4200
20260718,1784403420000000,2026-07-18T19:37:00+00:00,map-user-action,marker_click,1.5,synthetic-user-024,synthetic-user-024-session-01,083c9dad-5d4b-4b3c-8802-d601dd515dad,Garrett Popcorn Shops,HOT SPOTS; Shops,Shops,2,1,0,ff40b238-44f5-4584-97b5-7ed9b05f840a,https://demo.invalid/places/083c9dad-5d4b-4b3c-8802-d601dd515dad,1600,1600
20260718,1784403465000000,2026-07-18T19:37:45+00:00,page_view,detail_view,1.0,synthetic-user-024,synthetic-user-024-session-01,083c9dad-5d4b-4b3c-8802-d601dd515dad,Garrett Popcorn Shops,HOT SPOTS; Shops,Shops,2,1,0,ff40b238-44f5-4584-97b5-7ed9b05f840a,https://demo.invalid/places/083c9dad-5d4b-4b3c-8802-d601dd515dad,4200,4200
20260718,1784404500000000,2026-07-18T19:55:00+00:00,map-user-action,marker_click,1.5,synthetic-user-024,synthetic-user-024-session-01,2f7682d4-6dfc-457e-9576-bf0b48776dc4,21c Museum Hotel,Hotels,Hotels,1,0,0,083c9dad-5d4b-4b3c-8802-d601dd515dad,https://demo.invalid/places/2f7682d4-6dfc-457e-9576-bf0b48776dc4,1600,1600
20260718,1784404545000000,2026-07-18T19:55:45+00:00,page_view,detail_view,1.0,synthetic-user-024,synthetic-user-024-session-01,2f7682d4-6dfc-457e-9576-bf0b48776dc4,21c Museum Hotel,Hotels,Hotels,1,0,0,083c9dad-5d4b-4b3c-8802-d601dd515dad,https://demo.invalid/places/2f7682d4-6dfc-457e-9576-bf0b48776dc4,4200,4200
20260718,1784408760000000,2026-07-18T21:06:00+00:00,map-user-action,marker_click,1.5,synthetic-user-032,synthetic-user-032-session-02,3a867f33-9c48-45e8-acb7-a5c95102a32a,Muddy Waters,Murals,Murals,1,0,0,,https://demo.invalid/places/3a867f33-9c48-45e8-acb7-a5c95102a32a,1600,1600
20260718,1784408805000000,2026-07-18T21:06:45+00:00,page_view,detail_view,1.0,synthetic-user-032,synthetic-user-032-session-02,3a867f33-9c48-45e8-acb7-a5c95102a32a,Muddy Waters,Murals,Murals,1,0,0,,https://demo.invalid/places/3a867f33-9c48-45e8-acb7-a5c95102a32a,4200,4200
20260718,1784409840000000,2026-07-18T21:24:00+00:00,map-user-action,marker_click,1.5,synthetic-user-032,synthetic-user-032-session-02,d5d24b26-e2cd-41ff-b4e8-eaf891f8b1de,Chicago Style by Katie Lukes,Murals,Murals,1,0,0,3a867f33-9c48-45e8-acb7-a5c95102a32a,https://demo.invalid/places/d5d24b26-e2cd-41ff-b4e8-eaf891f8b1de,1600,1600
20260718,1784409885000000,2026-07-18T21:24:45+00:00,page_view,detail_view,1.0,synthetic-user-032,synthetic-user-032-session-02,d5d24b26-e2cd-41ff-b4e8-eaf891f8b1de,Chicago Style by Katie Lukes,Murals,Murals,1,0,0,3a867f33-9c48-45e8-acb7-a5c95102a32a,https://demo.invalid/places/d5d24b26-e2cd-41ff-b4e8-eaf891f8b1de,4200,4200
20260718,1784410920000000,2026-07-18T21:42:00+00:00,map-user-action,marker_click,1.5,synthetic-user-032,synthetic-user-032-session-02,43e97c98-e7c7-4f6c-8b71-0d4c2fd73fdd,Hampton Inn & Suites Chicago Medical District UIC,Hotels,Hotels,1,0,0,d5d24b26-e2cd-41ff-b4e8-eaf891f8b1de,https://demo.invalid/places/43e97c98-e7c7-4f6c-8b71-0d4c2fd73fdd,1600,1600
20260718,1784410965000000,2026-07-18T21:42:45+00:00,page_view,detail_view,1.0,synthetic-user-032,synthetic-user-032-session-02,43e97c98-e7c7-4f6c-8b71-0d4c2fd73fdd,Hampton Inn & Suites Chicago Medical District UIC,Hotels,Hotels,1,0,0,d5d24b26-e2cd-41ff-b4e8-eaf891f8b1de,https://demo.invalid/places/43e97c98-e7c7-4f6c-8b71-0d4c2fd73fdd,4200,4200
20260718,1784412000000000,2026-07-18T22:00:00+00:00,map-user-action,marker_click,1.5,synthetic-user-032,synthetic-user-032-session-02,efb07b22-0160-4528-81b6-9a474fce0e54,Oprah Winfrey Mural,Murals,Murals,1,0,0,43e97c98-e7c7-4f6c-8b71-0d4c2fd73fdd,https://demo.invalid/places/efb07b22-0160-4528-81b6-9a474fce0e54,1600,1600
20260718,1784412045000000,2026-07-18T22:00:45+00:00,page_view,detail_view,1.0,synthetic-user-032,synthetic-user-032-session-02,efb07b22-0160-4528-81b6-9a474fce0e54,Oprah Winfrey Mural,Murals,Murals,1,0,0,43e97c98-e7c7-4f6c-8b71-0d4c2fd73fdd,https://demo.invalid/places/efb07b22-0160-4528-81b6-9a474fce0e54,4200,4200
20260718,1784416260000000,2026-07-18T23:11:00+00:00,map-user-action,marker_click,1.5,synthetic-user-040,synthetic-user-040-session-03,90b8cde4-6823-4348-ad72-f07edacea59e,Doubletree,Hotels,Hotels,1,0,0,,https://demo.invalid/places/90b8cde4-6823-4348-ad72-f07edacea59e,1600,1600
20260718,1784416305000000,2026-07-18T23:11:45+00:00,page_view,detail_view,1.0,synthetic-user-040,synthetic-user-040-session-03,90b8cde4-6823-4348-ad72-f07edacea59e,Doubletree,Hotels,Hotels,1,0,0,,https://demo.invalid/places/90b8cde4-6823-4348-ad72-f07edacea59e,4200,4200
20260718,1784417340000000,2026-07-18T23:29:00+00:00,map-user-action,marker_click,1.5,synthetic-user-040,synthetic-user-040-session-03,8c84468c-e58a-4eb7-acba-a9d1932f872a,Goose Island Taproom,Bars; Restaurants,Bars,2,0,0,90b8cde4-6823-4348-ad72-f07edacea59e,https://demo.invalid/places/8c84468c-e58a-4eb7-acba-a9d1932f872a,1600,1600
20260718,1784417385000000,2026-07-18T23:29:45+00:00,page_view,detail_view,1.0,synthetic-user-040,synthetic-user-040-session-03,8c84468c-e58a-4eb7-acba-a9d1932f872a,Goose Island Taproom,Bars; Restaurants,Bars,2,0,0,90b8cde4-6823-4348-ad72-f07edacea59e,https://demo.invalid/places/8c84468c-e58a-4eb7-acba-a9d1932f872a,4200,4200
20260718,1784418420000000,2026-07-18T23:47:00+00:00,map-user-action,marker_click,1.5,synthetic-user-040,synthetic-user-040-session-03,be807ef4-c1d2-44bd-a480-2c64cecc4d46,Willis Tower,Attractions,Attractions,1,0,0,8c84468c-e58a-4eb7-acba-a9d1932f872a,https://demo.invalid/places/be807ef4-c1d2-44bd-a480-2c64cecc4d46,1600,1600
20260718,1784418465000000,2026-07-18T23:47:45+00:00,page_view,detail_view,1.0,synthetic-user-040,synthetic-user-040-session-03,be807ef4-c1d2-44bd-a480-2c64cecc4d46,Willis Tower,Attractions,Attractions,1,0,0,8c84468c-e58a-4eb7-acba-a9d1932f872a,https://demo.invalid/places/be807ef4-c1d2-44bd-a480-2c64cecc4d46,4200,4200
20260719,1784419500000000,2026-07-19T00:05:00+00:00,map-user-action,marker_click,1.5,synthetic-user-040,synthetic-user-040-session-03,56824653-dfe5-4776-a089-423e18796d34,Courtyard by Marriott Chicago at Medical District/UIC,Attractions,Attractions,1,0,0,be807ef4-c1d2-44bd-a480-2c64cecc4d46,https://demo.invalid/places/56824653-dfe5-4776-a089-423e18796d34,1600,1600
20260719,1784419545000000,2026-07-19T00:05:45+00:00,page_view,detail_view,1.0,synthetic-user-040,synthetic-user-040-session-03,56824653-dfe5-4776-a089-423e18796d34,Courtyard by Marriott Chicago at Medical District/UIC,Attractions,Attractions,1,0,0,be807ef4-c1d2-44bd-a480-2c64cecc4d46,https://demo.invalid/places/56824653-dfe5-4776-a089-423e18796d34,4200,4200
20260719,1784421720000000,2026-07-19T00:42:00+00:00,map-user-action,marker_click,1.5,synthetic-user-055,synthetic-user-055-session-01,3b8694ae-ef47-42dc-844d-f21f321a33af,Big Bus Tours Stop 6: Museum Campus,Big Bus Tours Stops,Big Bus Tours Stops,1,0,0,,https://demo.invalid/places/3b8694ae-ef47-42dc-844d-f21f321a33af,1600,1600
20260719,1784421765000000,2026-07-19T00:42:45+00:00,page_view,detail_view,1.0,synthetic-user-055,synthetic-user-055-session-01,3b8694ae-ef47-42dc-844d-f21f321a33af,Big Bus Tours Stop 6: Museum Campus,Big Bus Tours Stops,Big Bus Tours Stops,1,0,0,,https://demo.invalid/places/3b8694ae-ef47-42dc-844d-f21f321a33af,4200,4200
20260719,1784422800000000,2026-07-19T01:00:00+00:00,map-user-action,marker_click,1.5,synthetic-user-055,synthetic-user-055-session-01,f9d8de83-a6ab-46c0-ada9-69975c670ef9,Big Bus Tours Stop 11: River North,Big Bus Tours Stops,Big Bus Tours Stops,1,0,0,3b8694ae-ef47-42dc-844d-f21f321a33af,https://demo.invalid/places/f9d8de83-a6ab-46c0-ada9-69975c670ef9,1600,1600
20260719,1784422845000000,2026-07-19T01:00:45+00:00,page_view,detail_view,1.0,synthetic-user-055,synthetic-user-055-session-01,f9d8de83-a6ab-46c0-ada9-69975c670ef9,Big Bus Tours Stop 11: River North,Big Bus Tours Stops,Big Bus Tours Stops,1,0,0,3b8694ae-ef47-42dc-844d-f21f321a33af,https://demo.invalid/places/f9d8de83-a6ab-46c0-ada9-69975c670ef9,4200,4200
20260719,1784423880000000,2026-07-19T01:18:00+00:00,map-user-action,marker_click,1.5,synthetic-user-055,synthetic-user-055-session-01,030e01ed-f343-4468-bc45-1722220ed333,Chicago Theatre,Theaters and Music Venues,Theaters and Music Venues,1,0,0,f9d8de83-a6ab-46c0-ada9-69975c670ef9,https://demo.invalid/places/030e01ed-f343-4468-bc45-1722220ed333,1600,1600
20260719,1784423925000000,2026-07-19T01:18:45+00:00,page_view,detail_view,1.0,synthetic-user-055,synthetic-user-055-session-01,030e01ed-f343-4468-bc45-1722220ed333,Chicago Theatre,Theaters and Music Venues,Theaters and Music Venues,1,0,0,f9d8de83-a6ab-46c0-ada9-69975c670ef9,https://demo.invalid/places/030e01ed-f343-4468-bc45-1722220ed333,4200,4200
20260719,1784424960000000,2026-07-19T01:36:00+00:00,map-user-action,marker_click,1.5,synthetic-user-055,synthetic-user-055-session-01,0ed825ef-99cd-4b15-8e93-5a0b9b6c65ed,Big Bus Tours Stop 2: Skydeck Chicago & Willis Tower,Big Bus Tours Stops,Big Bus Tours Stops,1,0,0,030e01ed-f343-4468-bc45-1722220ed333,https://demo.invalid/places/0ed825ef-99cd-4b15-8e93-5a0b9b6c65ed,1600,1600
20260719,1784425005000000,2026-07-19T01:36:45+00:00,page_view,detail_view,1.0,synthetic-user-055,synthetic-user-055-session-01,0ed825ef-99cd-4b15-8e93-5a0b9b6c65ed,Big Bus Tours Stop 2: Skydeck Chicago & Willis Tower,Big Bus Tours Stops,Big Bus Tours Stops,1,0,0,030e01ed-f343-4468-bc45-1722220ed333,https://demo.invalid/places/0ed825ef-99cd-4b15-8e93-5a0b9b6c65ed,4200,4200
20260719,1784429220000000,2026-07-19T02:47:00+00:00,map-user-action,marker_click,1.5,synthetic-user-063,synthetic-user-063-session-02,61bfc9ff-2746-4485-977a-c1b6b1d66a92,Garrett Popcorn Shops,HOT SPOTS; Shops,Shops,2,1,0,,https://demo.invalid/places/61bfc9ff-2746-4485-977a-c1b6b1d66a92,1600,1600
20260719,1784429265000000,2026-07-19T02:47:45+00:00,page_view,detail_view,1.0,synthetic-user-063,synthetic-user-063-session-02,61bfc9ff-2746-4485-977a-c1b6b1d66a92,Garrett Popcorn Shops,HOT SPOTS; Shops,Shops,2,1,0,,https://demo.invalid/places/61bfc9ff-2746-4485-977a-c1b6b1d66a92,4200,4200
20260719,1784430300000000,2026-07-19T03:05:00+00:00,map-user-action,marker_click,1.5,synthetic-user-063,synthetic-user-063-session-02,d52b221c-280b-4f32-afcd-7939cec5f4fb,Block 37,Shops,Shops,1,0,0,61bfc9ff-2746-4485-977a-c1b6b1d66a92,https://demo.invalid/places/d52b221c-280b-4f32-afcd-7939cec5f4fb,1600,1600
20260719,1784430345000000,2026-07-19T03:05:45+00:00,page_view,detail_view,1.0,synthetic-user-063,synthetic-user-063-session-02,d52b221c-280b-4f32-afcd-7939cec5f4fb,Block 37,Shops,Shops,1,0,0,61bfc9ff-2746-4485-977a-c1b6b1d66a92,https://demo.invalid/places/d52b221c-280b-4f32-afcd-7939cec5f4fb,4200,4200
20260719,1784431380000000,2026-07-19T03:23:00+00:00,map-user-action,marker_click,1.5,synthetic-user-063,synthetic-user-063-session-02,8f0d5ae9-1531-4794-8e0b-8e12d53b318e,Garrett Popcorn Shops,HOT SPOTS; Shops,Shops,2,1,0,d52b221c-280b-4f32-afcd-7939cec5f4fb,https://demo.invalid/places/8f0d5ae9-1531-4794-8e0b-8e12d53b318e,1600,1600
20260719,1784431425000000,2026-07-19T03:23:45+00:00,page_view,detail_view,1.0,synthetic-user-063,synthetic-user-063-session-02,8f0d5ae9-1531-4794-8e0b-8e12d53b318e,Garrett Popcorn Shops,HOT SPOTS; Shops,Shops,2,1,0,d52b221c-280b-4f32-afcd-7939cec5f4fb,https://demo.invalid/places/8f0d5ae9-1531-4794-8e0b-8e12d53b318e,4200,4200
20260719,1784432460000000,2026-07-19T03:41:00+00:00,map-user-action,marker_click,1.5,synthetic-user-063,synthetic-user-063-session-02,0d3f9129-9ece-4786-958a-18f45365dea5,Neiman-Marcus,Shops,Shops,1,0,0,8f0d5ae9-1531-4794-8e0b-8e12d53b318e,https://demo.invalid/places/0d3f9129-9ece-4786-958a-18f45365dea5,1600,1600
20260719,1784432505000000,2026-07-19T03:41:45+00:00,page_view,detail_view,1.0,synthetic-user-063,synthetic-user-063-session-02,0d3f9129-9ece-4786-958a-18f45365dea5,Neiman-Marcus,Shops,Shops,1,0,0,8f0d5ae9-1531-4794-8e0b-8e12d53b318e,https://demo.invalid/places/0d3f9129-9ece-4786-958a-18f45365dea5,4200,4200
20260719,1784436720000000,2026-07-19T04:52:00+00:00,map-user-action,marker_click,1.5,synthetic-user-071,synthetic-user-071-session-03,398f0ab3-55e0-45e0-8309-0a25178ed5d7,Courtyard by Marriott,Hotels,Hotels,1,0,0,,https://demo.invalid/places/398f0ab3-55e0-45e0-8309-0a25178ed5d7,1600,1600
20260719,1784436765000000,2026-07-19T04:52:45+00:00,page_view,detail_view,1.0,synthetic-user-071,synthetic-user-071-session-03,398f0ab3-55e0-45e0-8309-0a25178ed5d7,Courtyard by Marriott,Hotels,Hotels,1,0,0,,https://demo.invalid/places/398f0ab3-55e0-45e0-8309-0a25178ed5d7,4200,4200
20260719,1784437800000000,2026-07-19T05:10:00+00:00,map-user-action,marker_click,1.5,synthetic-user-071,synthetic-user-071-session-03,3a867f33-9c48-45e8-acb7-a5c95102a32a,Muddy Waters,Murals,Murals,1,0,0,398f0ab3-55e0-45e0-8309-0a25178ed5d7,https://demo.invalid/places/3a867f33-9c48-45e8-acb7-a5c95102a32a,1600,1600
20260719,1784437845000000,2026-07-19T05:10:45+00:00,page_view,detail_view,1.0,synthetic-user-071,synthetic-user-071-session-03,3a867f33-9c48-45e8-acb7-a5c95102a32a,Muddy Waters,Murals,Murals,1,0,0,398f0ab3-55e0-45e0-8309-0a25178ed5d7,https://demo.invalid/places/3a867f33-9c48-45e8-acb7-a5c95102a32a,4200,4200
20260719,1784438880000000,2026-07-19T05:28:00+00:00,map-user-action,marker_click,1.5,synthetic-user-071,synthetic-user-071-session-03,9146e451-276b-4918-b301-7ae41e933810,Chicago Symphony Orchestra,HOT SPOTS; Theaters and Music Venues,Theaters and Music Venues,2,1,0,3a867f33-9c48-45e8-acb7-a5c95102a32a,https://demo.invalid/places/9146e451-276b-4918-b301-7ae41e933810,1600,1600
20260719,1784438925000000,2026-07-19T05:28:45+00:00,page_view,detail_view,1.0,synthetic-user-071,synthetic-user-071-session-03,9146e451-276b-4918-b301-7ae41e933810,Chicago Symphony Orchestra,HOT SPOTS; Theaters and Music Venues,Theaters and Music Venues,2,1,0,3a867f33-9c48-45e8-acb7-a5c95102a32a,https://demo.invalid/places/9146e451-276b-4918-b301-7ae41e933810,4200,4200
20260719,1784439960000000,2026-07-19T05:46:00+00:00,map-user-action,marker_click,1.5,synthetic-user-071,synthetic-user-071-session-03,d5d24b26-e2cd-41ff-b4e8-eaf891f8b1de,Chicago Style by Katie Lukes,Murals,Murals,1,0,0,9146e451-276b-4918-b301-7ae41e933810,https://demo.invalid/places/d5d24b26-e2cd-41ff-b4e8-eaf891f8b1de,1600,1600
20260719,1784440005000000,2026-07-19T05:46:45+00:00,page_view,detail_view,1.0,synthetic-user-071,synthetic-user-071-session-03,d5d24b26-e2cd-41ff-b4e8-eaf891f8b1de,Chicago Style by Katie Lukes,Murals,Murals,1,0,0,9146e451-276b-4918-b301-7ae41e933810,https://demo.invalid/places/d5d24b26-e2cd-41ff-b4e8-eaf891f8b1de,4200,4200
20260719,1784481060000000,2026-07-19T17:11:00+00:00,map-user-action,marker_click,1.5,synthetic-user-014,synthetic-user-014-session-01,43e97c98-e7c7-4f6c-8b71-0d4c2fd73fdd,Hampton Inn & Suites Chicago Medical District UIC,Hotels,Hotels,1,0,0,,https://demo.invalid/places/43e97c98-e7c7-4f6c-8b71-0d4c2fd73fdd,1600,1600
20260719,1784481105000000,2026-07-19T17:11:45+00:00,page_view,detail_view,1.0,synthetic-user-014,synthetic-user-014-session-01,43e97c98-e7c7-4f6c-8b71-0d4c2fd73fdd,Hampton Inn & Suites Chicago Medical District UIC,Hotels,Hotels,1,0,0,,https://demo.invalid/places/43e97c98-e7c7-4f6c-8b71-0d4c2fd73fdd,4200,4200
20260719,1784482140000000,2026-07-19T17:29:00+00:00,map-user-action,marker_click,1.5,synthetic-user-014,synthetic-user-014-session-01,3cb3f138-7737-4aa0-813b-0a2c7064e595,Raising Cane’s Chicken Fingers - West Loop,Attractions,Attractions,1,0,0,43e97c98-e7c7-4f6c-8b71-0d4c2fd73fdd,https://demo.invalid/places/3cb3f138-7737-4aa0-813b-0a2c7064e595,1600,1600
20260719,1784482185000000,2026-07-19T17:29:45+00:00,page_view,detail_view,1.0,synthetic-user-014,synthetic-user-014-session-01,3cb3f138-7737-4aa0-813b-0a2c7064e595,Raising Cane’s Chicken Fingers - West Loop,Attractions,Attractions,1,0,0,43e97c98-e7c7-4f6c-8b71-0d4c2fd73fdd,https://demo.invalid/places/3cb3f138-7737-4aa0-813b-0a2c7064e595,4200,4200
20260719,1784483220000000,2026-07-19T17:47:00+00:00,map-user-action,marker_click,1.5,synthetic-user-014,synthetic-user-014-session-01,4321da98-3d3a-43d9-8fba-c877ed562a22,Chicago Fireboat Tours,Attractions,Attractions,1,0,0,3cb3f138-7737-4aa0-813b-0a2c7064e595,https://demo.invalid/places/4321da98-3d3a-43d9-8fba-c877ed562a22,1600,1600
20260719,1784483265000000,2026-07-19T17:47:45+00:00,page_view,detail_view,1.0,synthetic-user-014,synthetic-user-014-session-01,4321da98-3d3a-43d9-8fba-c877ed562a22,Chicago Fireboat Tours,Attractions,Attractions,1,0,0,3cb3f138-7737-4aa0-813b-0a2c7064e595,https://demo.invalid/places/4321da98-3d3a-43d9-8fba-c877ed562a22,4200,4200
20260719,1784484300000000,2026-07-19T18:05:00+00:00,map-user-action,marker_click,1.5,synthetic-user-014,synthetic-user-014-session-01,73cd3c5e-f16f-432a-9e52-9f323843a227,Big Bus Tours Stop 3: Millennium Park & The Art Institute of Chicago,Big Bus Tours Stops,Big Bus Tours Stops,1,0,0,4321da98-3d3a-43d9-8fba-c877ed562a22,https://demo.invalid/places/73cd3c5e-f16f-432a-9e52-9f323843a227,1600,1600
20260719,1784484345000000,2026-07-19T18:05:45+00:00,page_view,detail_view,1.0,synthetic-user-014,synthetic-user-014-session-01,73cd3c5e-f16f-432a-9e52-9f323843a227,Big Bus Tours Stop 3: Millennium Park & The Art Institute of Chicago,Big Bus Tours Stops,Big Bus Tours Stops,1,0,0,4321da98-3d3a-43d9-8fba-c877ed562a22,https://demo.invalid/places/73cd3c5e-f16f-432a-9e52-9f323843a227,4200,4200
20260719,1784488560000000,2026-07-19T19:16:00+00:00,map-user-action,marker_click,1.5,synthetic-user-022,synthetic-user-022-session-02,122a12f9-cf54-4983-9787-64633fc79b15,Big Bus Tours Stop 4: Hilton Chicago & Grant Park,Big Bus Tours Stops,Big Bus Tours Stops,1,0,0,,https://demo.invalid/places/122a12f9-cf54-4983-9787-64633fc79b15,1600,1600
20260719,1784488605000000,2026-07-19T19:16:45+00:00,page_view,detail_view,1.0,synthetic-user-022,synthetic-user-022-session-02,122a12f9-cf54-4983-9787-64633fc79b15,Big Bus Tours Stop 4: Hilton Chicago & Grant Park,Big Bus Tours Stops,Big Bus Tours Stops,1,0,0,,https://demo.invalid/places/122a12f9-cf54-4983-9787-64633fc79b15,4200,4200
20260719,1784489640000000,2026-07-19T19:34:00+00:00,map-user-action,marker_click,1.5,synthetic-user-022,synthetic-user-022-session-02,7df814b4-23d4-48eb-b86e-51325927c1e4,Ping Tom Park,Parks,Parks,1,0,0,122a12f9-cf54-4983-9787-64633fc79b15,https://demo.invalid/places/7df814b4-23d4-48eb-b86e-51325927c1e4,1600,1600
20260719,1784489685000000,2026-07-19T19:34:45+00:00,page_view,detail_view,1.0,synthetic-user-022,synthetic-user-022-session-02,7df814b4-23d4-48eb-b86e-51325927c1e4,Ping Tom Park,Parks,Parks,1,0,0,122a12f9-cf54-4983-9787-64633fc79b15,https://demo.invalid/places/7df814b4-23d4-48eb-b86e-51325927c1e4,4200,4200
20260719,1784490720000000,2026-07-19T19:52:00+00:00,map-user-action,marker_click,1.5,synthetic-user-022,synthetic-user-022-session-02,398f0ab3-55e0-45e0-8309-0a25178ed5d7,Courtyard by Marriott,Hotels,Hotels,1,0,0,7df814b4-23d4-48eb-b86e-51325927c1e4,https://demo.invalid/places/398f0ab3-55e0-45e0-8309-0a25178ed5d7,1600,1600
20260719,1784490765000000,2026-07-19T19:52:45+00:00,page_view,detail_view,1.0,synthetic-user-022,synthetic-user-022-session-02,398f0ab3-55e0-45e0-8309-0a25178ed5d7,Courtyard by Marriott,Hotels,Hotels,1,0,0,7df814b4-23d4-48eb-b86e-51325927c1e4,https://demo.invalid/places/398f0ab3-55e0-45e0-8309-0a25178ed5d7,4200,4200
20260719,1784491800000000,2026-07-19T20:10:00+00:00,map-user-action,marker_click,1.5,synthetic-user-022,synthetic-user-022-session-02,131e6504-9da7-4ea3-8da1-0ea7386a4aab,Raising Cane’s Chicken Fingers - Lincoln Park,Parks,Parks,1,0,0,398f0ab3-55e0-45e0-8309-0a25178ed5d7,https://demo.invalid/places/131e6504-9da7-4ea3-8da1-0ea7386a4aab,1600,1600
20260719,1784491845000000,2026-07-19T20:10:45+00:00,page_view,detail_view,1.0,synthetic-user-022,synthetic-user-022-session-02,131e6504-9da7-4ea3-8da1-0ea7386a4aab,Raising Cane’s Chicken Fingers - Lincoln Park,Parks,Parks,1,0,0,398f0ab3-55e0-45e0-8309-0a25178ed5d7,https://demo.invalid/places/131e6504-9da7-4ea3-8da1-0ea7386a4aab,4200,4200
20260719,1784496060000000,2026-07-19T21:21:00+00:00,map-user-action,marker_click,1.5,synthetic-user-030,synthetic-user-030-session-03,69823c0c-c554-444b-b769-1b8eb2fcbc6c,Best Western,Hotels,Hotels,1,0,0,,https://demo.invalid/places/69823c0c-c554-444b-b769-1b8eb2fcbc6c,1600,1600
20260719,1784496105000000,2026-07-19T21:21:45+00:00,page_view,detail_view,1.0,synthetic-user-030,synthetic-user-030-session-03,69823c0c-c554-444b-b769-1b8eb2fcbc6c,Best Western,Hotels,Hotels,1,0,0,,https://demo.invalid/places/69823c0c-c554-444b-b769-1b8eb2fcbc6c,4200,4200
20260719,1784497140000000,2026-07-19T21:39:00+00:00,map-user-action,marker_click,1.5,synthetic-user-030,synthetic-user-030-session-03,6024e9cc-a4c0-4c80-9945-21a570cabfbc,Chicago Brewhouse,HOT SPOTS; Bars; Restaurants,Bars,3,1,0,69823c0c-c554-444b-b769-1b8eb2fcbc6c,https://demo.invalid/places/6024e9cc-a4c0-4c80-9945-21a570cabfbc,1600,1600
20260719,1784497185000000,2026-07-19T21:39:45+00:00,page_view,detail_view,1.0,synthetic-user-030,synthetic-user-030-session-03,6024e9cc-a4c0-4c80-9945-21a570cabfbc,Chicago Brewhouse,HOT SPOTS; Bars; Restaurants,Bars,3,1,0,69823c0c-c554-444b-b769-1b8eb2fcbc6c,https://demo.invalid/places/6024e9cc-a4c0-4c80-9945-21a570cabfbc,4200,4200
20260719,1784498220000000,2026-07-19T21:57:00+00:00,map-user-action,marker_click,1.5,synthetic-user-030,synthetic-user-030-session-03,8077f748-42ac-4106-8c88-6f555d271139,Ritz-Carlton,Hotels,Hotels,1,0,0,6024e9cc-a4c0-4c80-9945-21a570cabfbc,https://demo.invalid/places/8077f748-42ac-4106-8c88-6f555d271139,1600,1600
20260719,1784498265000000,2026-07-19T21:57:45+00:00,page_view,detail_view,1.0,synthetic-user-030,synthetic-user-030-session-03,8077f748-42ac-4106-8c88-6f555d271139,Ritz-Carlton,Hotels,Hotels,1,0,0,6024e9cc-a4c0-4c80-9945-21a570cabfbc,https://demo.invalid/places/8077f748-42ac-4106-8c88-6f555d271139,4200,4200
20260719,1784499300000000,2026-07-19T22:15:00+00:00,map-user-action,marker_click,1.5,synthetic-user-030,synthetic-user-030-session-03,f021d1b7-2530-4f66-a737-b696f1b80d0a,Auditorium Theatre,Theaters and Music Venues,Theaters and Music Venues,1,0,0,8077f748-42ac-4106-8c88-6f555d271139,https://demo.invalid/places/f021d1b7-2530-4f66-a737-b696f1b80d0a,1600,1600
20260719,1784499345000000,2026-07-19T22:15:45+00:00,page_view,detail_view,1.0,synthetic-user-030,synthetic-user-030-session-03,f021d1b7-2530-4f66-a737-b696f1b80d0a,Auditorium Theatre,Theaters and Music Venues,Theaters and Music Venues,1,0,0,8077f748-42ac-4106-8c88-6f555d271139,https://demo.invalid/places/f021d1b7-2530-4f66-a737-b696f1b80d0a,4200,4200
20260719,1784501520000000,2026-07-19T22:52:00+00:00,map-user-action,marker_click,1.5,synthetic-user-045,synthetic-user-045-session-01,d5d24b26-e2cd-41ff-b4e8-eaf891f8b1de,Chicago Style by Katie Lukes,Murals,Murals,1,0,0,,https://demo.invalid/places/d5d24b26-e2cd-41ff-b4e8-eaf891f8b1de,1600,1600
20260719,1784501565000000,2026-07-19T22:52:45+00:00,page_view,detail_view,1.0,synthetic-user-045,synthetic-user-045-session-01,d5d24b26-e2cd-41ff-b4e8-eaf891f8b1de,Chicago Style by Katie Lukes,Murals,Murals,1,0,0,,https://demo.invalid/places/d5d24b26-e2cd-41ff-b4e8-eaf891f8b1de,4200,4200
20260719,1784502600000000,2026-07-19T23:10:00+00:00,map-user-action,marker_click,1.5,synthetic-user-045,synthetic-user-045-session-01,502a1d5c-6f47-4307-a5b8-49fd24841a75,Big Bus Tours Stop 1: Chicago Riverwalk,Big Bus Tours Stops,Big Bus Tours Stops,1,0,0,d5d24b26-e2cd-41ff-b4e8-eaf891f8b1de,https://demo.invalid/places/502a1d5c-6f47-4307-a5b8-49fd24841a75,1600,1600
20260719,1784502645000000,2026-07-19T23:10:45+00:00,page_view,detail_view,1.0,synthetic-user-045,synthetic-user-045-session-01,502a1d5c-6f47-4307-a5b8-49fd24841a75,Big Bus Tours Stop 1: Chicago Riverwalk,Big Bus Tours Stops,Big Bus Tours Stops,1,0,0,d5d24b26-e2cd-41ff-b4e8-eaf891f8b1de,https://demo.invalid/places/502a1d5c-6f47-4307-a5b8-49fd24841a75,4200,4200
20260719,1784503680000000,2026-07-19T23:28:00+00:00,map-user-action,marker_click,1.5,synthetic-user-045,synthetic-user-045-session-01,a3cfdda6-ce51-4d35-83f3-ac6dd89485a9,Bloomingdale's,Shops,Shops,1,0,0,502a1d5c-6f47-4307-a5b8-49fd24841a75,https://demo.invalid/places/a3cfdda6-ce51-4d35-83f3-ac6dd89485a9,1600,1600
20260719,1784503725000000,2026-07-19T23:28:45+00:00,page_view,detail_view,1.0,synthetic-user-045,synthetic-user-045-session-01,a3cfdda6-ce51-4d35-83f3-ac6dd89485a9,Bloomingdale's,Shops,Shops,1,0,0,502a1d5c-6f47-4307-a5b8-49fd24841a75,https://demo.invalid/places/a3cfdda6-ce51-4d35-83f3-ac6dd89485a9,4200,4200
20260719,1784504760000000,2026-07-19T23:46:00+00:00,map-user-action,marker_click,1.5,synthetic-user-045,synthetic-user-045-session-01,688d2d72-32ae-4cea-adb9-6e02cd0fd2e8,Apple Store,Shops,Shops,1,0,0,a3cfdda6-ce51-4d35-83f3-ac6dd89485a9,https://demo.invalid/places/688d2d72-32ae-4cea-adb9-6e02cd0fd2e8,1600,1600
20260719,1784504805000000,2026-07-19T23:46:45+00:00,page_view,detail_view,1.0,synthetic-user-045,synthetic-user-045-session-01,688d2d72-32ae-4cea-adb9-6e02cd0fd2e8,Apple Store,Shops,Shops,1,0,0,a3cfdda6-ce51-4d35-83f3-ac6dd89485a9,https://demo.invalid/places/688d2d72-32ae-4cea-adb9-6e02cd0fd2e8,4200,4200
20260720,1784509020000000,2026-07-20T00:57:00+00:00,map-user-action,marker_click,1.5,synthetic-user-053,synthetic-user-053-session-02,3fd80f7d-ab09-4088-9796-9571a14a7926,Clark Street in Lincoln Park,HOT SPOTS; Neighborhood Organizations,Neighborhood Organizations,2,1,0,,https://demo.invalid/places/3fd80f7d-ab09-4088-9796-9571a14a7926,1600,1600
20260720,1784509065000000,2026-07-20T00:57:45+00:00,page_view,detail_view,1.0,synthetic-user-053,synthetic-user-053-session-02,3fd80f7d-ab09-4088-9796-9571a14a7926,Clark Street in Lincoln Park,HOT SPOTS; Neighborhood Organizations,Neighborhood Organizations,2,1,0,,https://demo.invalid/places/3fd80f7d-ab09-4088-9796-9571a14a7926,4200,4200
20260720,1784510100000000,2026-07-20T01:15:00+00:00,map-user-action,marker_click,1.5,synthetic-user-053,synthetic-user-053-session-02,6b45568d-789c-4c66-b9ce-43ee7a6c1d31,Blackstone,Hotels,Hotels,1,0,0,3fd80f7d-ab09-4088-9796-9571a14a7926,https://demo.invalid/places/6b45568d-789c-4c66-b9ce-43ee7a6c1d31,1600,1600
20260720,1784510145000000,2026-07-20T01:15:45+00:00,page_view,detail_view,1.0,synthetic-user-053,synthetic-user-053-session-02,6b45568d-789c-4c66-b9ce-43ee7a6c1d31,Blackstone,Hotels,Hotels,1,0,0,3fd80f7d-ab09-4088-9796-9571a14a7926,https://demo.invalid/places/6b45568d-789c-4c66-b9ce-43ee7a6c1d31,4200,4200
20260720,1784511180000000,2026-07-20T01:33:00+00:00,map-user-action,marker_click,1.5,synthetic-user-053,synthetic-user-053-session-02,5e91b706-eae2-4e5e-8ae3-085bc517de57,Flyover Chicago,Attractions; HOT SPOTS,Attractions,2,1,0,6b45568d-789c-4c66-b9ce-43ee7a6c1d31,https://demo.invalid/places/5e91b706-eae2-4e5e-8ae3-085bc517de57,1600,1600
20260720,1784511225000000,2026-07-20T01:33:45+00:00,page_view,detail_view,1.0,synthetic-user-053,synthetic-user-053-session-02,5e91b706-eae2-4e5e-8ae3-085bc517de57,Flyover Chicago,Attractions; HOT SPOTS,Attractions,2,1,0,6b45568d-789c-4c66-b9ce-43ee7a6c1d31,https://demo.invalid/places/5e91b706-eae2-4e5e-8ae3-085bc517de57,4200,4200
20260720,1784512260000000,2026-07-20T01:51:00+00:00,map-user-action,marker_click,1.5,synthetic-user-053,synthetic-user-053-session-02,983de8e2-e0c4-481b-a2e4-dcee9576464b,Richard H. Driehaus Museum,Attractions; Museums,Attractions,2,0,0,5e91b706-eae2-4e5e-8ae3-085bc517de57,https://demo.invalid/places/983de8e2-e0c4-481b-a2e4-dcee9576464b,1600,1600
20260720,1784512305000000,2026-07-20T01:51:45+00:00,page_view,detail_view,1.0,synthetic-user-053,synthetic-user-053-session-02,983de8e2-e0c4-481b-a2e4-dcee9576464b,Richard H. Driehaus Museum,Attractions; Museums,Attractions,2,0,0,5e91b706-eae2-4e5e-8ae3-085bc517de57,https://demo.invalid/places/983de8e2-e0c4-481b-a2e4-dcee9576464b,4200,4200
20260720,1784516520000000,2026-07-20T03:02:00+00:00,map-user-action,marker_click,1.5,synthetic-user-061,synthetic-user-061-session-03,66a2e0b5-bc45-4fe7-aae5-87a74cf890d7,Union Park,Parks,Parks,1,0,0,,https://demo.invalid/places/66a2e0b5-bc45-4fe7-aae5-87a74cf890d7,1600,1600
20260720,1784516565000000,2026-07-20T03:02:45+00:00,page_view,detail_view,1.0,synthetic-user-061,synthetic-user-061-session-03,66a2e0b5-bc45-4fe7-aae5-87a74cf890d7,Union Park,Parks,Parks,1,0,0,,https://demo.invalid/places/66a2e0b5-bc45-4fe7-aae5-87a74cf890d7,4200,4200
20260720,1784517600000000,2026-07-20T03:20:00+00:00,map-user-action,marker_click,1.5,synthetic-user-061,synthetic-user-061-session-03,7df814b4-23d4-48eb-b86e-51325927c1e4,Ping Tom Park,Parks,Parks,1,0,0,66a2e0b5-bc45-4fe7-aae5-87a74cf890d7,https://demo.invalid/places/7df814b4-23d4-48eb-b86e-51325927c1e4,1600,1600
20260720,1784517645000000,2026-07-20T03:20:45+00:00,page_view,detail_view,1.0,synthetic-user-061,synthetic-user-061-session-03,7df814b4-23d4-48eb-b86e-51325927c1e4,Ping Tom Park,Parks,Parks,1,0,0,66a2e0b5-bc45-4fe7-aae5-87a74cf890d7,https://demo.invalid/places/7df814b4-23d4-48eb-b86e-51325927c1e4,4200,4200
20260720,1784518680000000,2026-07-20T03:38:00+00:00,map-user-action,marker_click,1.5,synthetic-user-061,synthetic-user-061-session-03,eb682cb2-0b92-4134-8a6a-330f7501203d,Milton Lee Olive Park,Parks,Parks,1,0,0,7df814b4-23d4-48eb-b86e-51325927c1e4,https://demo.invalid/places/eb682cb2-0b92-4134-8a6a-330f7501203d,1600,1600
20260720,1784518725000000,2026-07-20T03:38:45+00:00,page_view,detail_view,1.0,synthetic-user-061,synthetic-user-061-session-03,eb682cb2-0b92-4134-8a6a-330f7501203d,Milton Lee Olive Park,Parks,Parks,1,0,0,7df814b4-23d4-48eb-b86e-51325927c1e4,https://demo.invalid/places/eb682cb2-0b92-4134-8a6a-330f7501203d,4200,4200
20260720,1784519760000000,2026-07-20T03:56:00+00:00,map-user-action,marker_click,1.5,synthetic-user-061,synthetic-user-061-session-03,c145a4a6-0a9c-4bce-9c0e-6e221e0563b8,Oak St. Beach,Parks,Parks,1,0,0,eb682cb2-0b92-4134-8a6a-330f7501203d,https://demo.invalid/places/c145a4a6-0a9c-4bce-9c0e-6e221e0563b8,1600,1600
20260720,1784519805000000,2026-07-20T03:56:45+00:00,page_view,detail_view,1.0,synthetic-user-061,synthetic-user-061-session-03,c145a4a6-0a9c-4bce-9c0e-6e221e0563b8,Oak St. Beach,Parks,Parks,1,0,0,eb682cb2-0b92-4134-8a6a-330f7501203d,https://demo.invalid/places/c145a4a6-0a9c-4bce-9c0e-6e221e0563b8,4200,4200
20260720,1784521980000000,2026-07-20T04:33:00+00:00,map-user-action,marker_click,1.5,synthetic-user-076,synthetic-user-076-session-01,8c84468c-e58a-4eb7-acba-a9d1932f872a,Goose Island Taproom,Bars; Restaurants,Bars,2,0,0,,https://demo.invalid/places/8c84468c-e58a-4eb7-acba-a9d1932f872a,1600,1600
20260720,1784522025000000,2026-07-20T04:33:45+00:00,page_view,detail_view,1.0,synthetic-user-076,synthetic-user-076-session-01,8c84468c-e58a-4eb7-acba-a9d1932f872a,Goose Island Taproom,Bars; Restaurants,Bars,2,0,0,,https://demo.invalid/places/8c84468c-e58a-4eb7-acba-a9d1932f872a,4200,4200
20260720,1784523060000000,2026-07-20T04:51:00+00:00,map-user-action,marker_click,1.5,synthetic-user-076,synthetic-user-076-session-01,b30e7e7a-9999-4a0b-91d5-d2035a4ebe93,Fashion Outlets of Chicago,HOT SPOTS; Shops,Shops,2,1,0,8c84468c-e58a-4eb7-acba-a9d1932f872a,https://demo.invalid/places/b30e7e7a-9999-4a0b-91d5-d2035a4ebe93,1600,1600
20260720,1784523105000000,2026-07-20T04:51:45+00:00,page_view,detail_view,1.0,synthetic-user-076,synthetic-user-076-session-01,b30e7e7a-9999-4a0b-91d5-d2035a4ebe93,Fashion Outlets of Chicago,HOT SPOTS; Shops,Shops,2,1,0,8c84468c-e58a-4eb7-acba-a9d1932f872a,https://demo.invalid/places/b30e7e7a-9999-4a0b-91d5-d2035a4ebe93,4200,4200
20260720,1784524140000000,2026-07-20T05:09:00+00:00,map-user-action,marker_click,1.5,synthetic-user-076,synthetic-user-076-session-01,93c68218-7af9-4718-83e9-186def3d0026,The Shops at North Bridge,Shops,Shops,1,0,0,b30e7e7a-9999-4a0b-91d5-d2035a4ebe93,https://demo.invalid/places/93c68218-7af9-4718-83e9-186def3d0026,1600,1600
20260720,1784524185000000,2026-07-20T05:09:45+00:00,page_view,detail_view,1.0,synthetic-user-076,synthetic-user-076-session-01,93c68218-7af9-4718-83e9-186def3d0026,The Shops at North Bridge,Shops,Shops,1,0,0,b30e7e7a-9999-4a0b-91d5-d2035a4ebe93,https://demo.invalid/places/93c68218-7af9-4718-83e9-186def3d0026,4200,4200
20260720,1784525220000000,2026-07-20T05:27:00+00:00,map-user-action,marker_click,1.5,synthetic-user-076,synthetic-user-076-session-01,6a0b7867-8566-44cd-a074-e66d82e34e87,Best Western Grant Park,Hotels,Hotels,1,0,0,93c68218-7af9-4718-83e9-186def3d0026,https://demo.invalid/places/6a0b7867-8566-44cd-a074-e66d82e34e87,1600,1600
20260720,1784525265000000,2026-07-20T05:27:45+00:00,page_view,detail_view,1.0,synthetic-user-076,synthetic-user-076-session-01,6a0b7867-8566-44cd-a074-e66d82e34e87,Best Western Grant Park,Hotels,Hotels,1,0,0,93c68218-7af9-4718-83e9-186def3d0026,https://demo.invalid/places/6a0b7867-8566-44cd-a074-e66d82e34e87,4200,4200
20260720,1784560860000000,2026-07-20T15:21:00+00:00,map-user-action,marker_click,1.5,synthetic-user-004,synthetic-user-004-session-01,319023c3-0e26-4fcf-9f60-0cc0038ebb9e,Hotel Cass,Hotels,Hotels,1,0,0,,https://demo.invalid/places/319023c3-0e26-4fcf-9f60-0cc0038ebb9e,1600,1600
20260720,1784560905000000,2026-07-20T15:21:45+00:00,page_view,detail_view,1.0,synthetic-user-004,synthetic-user-004-session-01,319023c3-0e26-4fcf-9f60-0cc0038ebb9e,Hotel Cass,Hotels,Hotels,1,0,0,,https://demo.invalid/places/319023c3-0e26-4fcf-9f60-0cc0038ebb9e,4200,4200
20260720,1784561940000000,2026-07-20T15:39:00+00:00,map-user-action,marker_click,1.5,synthetic-user-004,synthetic-user-004-session-01,92ccb9c1-3fd2-4b19-9157-659af3f1c129,Hyatt Place,Hotels,Hotels,1,0,0,319023c3-0e26-4fcf-9f60-0cc0038ebb9e,https://demo.invalid/places/92ccb9c1-3fd2-4b19-9157-659af3f1c129,1600,1600
20260720,1784561985000000,2026-07-20T15:39:45+00:00,page_view,detail_view,1.0,synthetic-user-004,synthetic-user-004-session-01,92ccb9c1-3fd2-4b19-9157-659af3f1c129,Hyatt Place,Hotels,Hotels,1,0,0,319023c3-0e26-4fcf-9f60-0cc0038ebb9e,https://demo.invalid/places/92ccb9c1-3fd2-4b19-9157-659af3f1c129,4200,4200
20260720,1784563020000000,2026-07-20T15:57:00+00:00,map-user-action,marker_click,1.5,synthetic-user-004,synthetic-user-004-session-01,5fa3f7a6-0017-4fa2-9523-fc815ff7e1df,Park Hyatt,Hotels,Hotels,1,0,0,92ccb9c1-3fd2-4b19-9157-659af3f1c129,https://demo.invalid/places/5fa3f7a6-0017-4fa2-9523-fc815ff7e1df,1600,1600
20260720,1784563065000000,2026-07-20T15:57:45+00:00,page_view,detail_view,1.0,synthetic-user-004,synthetic-user-004-session-01,5fa3f7a6-0017-4fa2-9523-fc815ff7e1df,Park Hyatt,Hotels,Hotels,1,0,0,92ccb9c1-3fd2-4b19-9157-659af3f1c129,https://demo.invalid/places/5fa3f7a6-0017-4fa2-9523-fc815ff7e1df,4200,4200
20260720,1784564100000000,2026-07-20T16:15:00+00:00,map-user-action,marker_click,1.5,synthetic-user-004,synthetic-user-004-session-01,9e5dc789-a3a2-4c2a-8646-574ad5c1f294,The Publishing House Bed and Breakfast,Hotels,Hotels,1,0,0,5fa3f7a6-0017-4fa2-9523-fc815ff7e1df,https://demo.invalid/places/9e5dc789-a3a2-4c2a-8646-574ad5c1f294,1600,1600
20260720,1784564145000000,2026-07-20T16:15:45+00:00,page_view,detail_view,1.0,synthetic-user-004,synthetic-user-004-session-01,9e5dc789-a3a2-4c2a-8646-574ad5c1f294,The Publishing House Bed and Breakfast,Hotels,Hotels,1,0,0,5fa3f7a6-0017-4fa2-9523-fc815ff7e1df,https://demo.invalid/places/9e5dc789-a3a2-4c2a-8646-574ad5c1f294,4200,4200
20260720,1784568360000000,2026-07-20T17:26:00+00:00,map-user-action,marker_click,1.5,synthetic-user-012,synthetic-user-012-session-02,a831daee-9505-4d4b-84fb-4a55ad091ac1,Soldier Field Tour,Sports Venues; Attractions; HOT SPOTS,Sports Venues,3,1,0,,https://demo.invalid/places/a831daee-9505-4d4b-84fb-4a55ad091ac1,1600,1600
20260720,1784568405000000,2026-07-20T17:26:45+00:00,page_view,detail_view,1.0,synthetic-user-012,synthetic-user-012-session-02,a831daee-9505-4d4b-84fb-4a55ad091ac1,Soldier Field Tour,Sports Venues; Attractions; HOT SPOTS,Sports Venues,3,1,0,,https://demo.invalid/places/a831daee-9505-4d4b-84fb-4a55ad091ac1,4200,4200
20260720,1784569440000000,2026-07-20T17:44:00+00:00,map-user-action,marker_click,1.5,synthetic-user-012,synthetic-user-012-session-02,8f0d5ae9-1531-4794-8e0b-8e12d53b318e,Garrett Popcorn Shops,HOT SPOTS; Shops,Shops,2,1,0,a831daee-9505-4d4b-84fb-4a55ad091ac1,https://demo.invalid/places/8f0d5ae9-1531-4794-8e0b-8e12d53b318e,1600,1600
20260720,1784569485000000,2026-07-20T17:44:45+00:00,page_view,detail_view,1.0,synthetic-user-012,synthetic-user-012-session-02,8f0d5ae9-1531-4794-8e0b-8e12d53b318e,Garrett Popcorn Shops,HOT SPOTS; Shops,Shops,2,1,0,a831daee-9505-4d4b-84fb-4a55ad091ac1,https://demo.invalid/places/8f0d5ae9-1531-4794-8e0b-8e12d53b318e,4200,4200
20260720,1784570520000000,2026-07-20T18:02:00+00:00,map-user-action,marker_click,1.5,synthetic-user-012,synthetic-user-012-session-02,adfcbe83-44e3-48cd-b9e8-21a774b4dfa8,United Center,Sports Venues,Sports Venues,1,0,0,8f0d5ae9-1531-4794-8e0b-8e12d53b318e,https://demo.invalid/places/adfcbe83-44e3-48cd-b9e8-21a774b4dfa8,1600,1600
20260720,1784570565000000,2026-07-20T18:02:45+00:00,page_view,detail_view,1.0,synthetic-user-012,synthetic-user-012-session-02,adfcbe83-44e3-48cd-b9e8-21a774b4dfa8,United Center,Sports Venues,Sports Venues,1,0,0,8f0d5ae9-1531-4794-8e0b-8e12d53b318e,https://demo.invalid/places/adfcbe83-44e3-48cd-b9e8-21a774b4dfa8,4200,4200
20260720,1784571600000000,2026-07-20T18:20:00+00:00,map-user-action,marker_click,1.5,synthetic-user-012,synthetic-user-012-session-02,6e66516a-10f6-4a13-885d-c9c144bc2dfb,Eurostars,Hotels,Hotels,1,0,0,adfcbe83-44e3-48cd-b9e8-21a774b4dfa8,https://demo.invalid/places/6e66516a-10f6-4a13-885d-c9c144bc2dfb,1600,1600
20260720,1784571645000000,2026-07-20T18:20:45+00:00,page_view,detail_view,1.0,synthetic-user-012,synthetic-user-012-session-02,6e66516a-10f6-4a13-885d-c9c144bc2dfb,Eurostars,Hotels,Hotels,1,0,0,adfcbe83-44e3-48cd-b9e8-21a774b4dfa8,https://demo.invalid/places/6e66516a-10f6-4a13-885d-c9c144bc2dfb,4200,4200
20260720,1784575860000000,2026-07-20T19:31:00+00:00,map-user-action,marker_click,1.5,synthetic-user-020,synthetic-user-020-session-03,fee6875f-c61c-4d9f-a828-73e3446a3a6c,Museum of Broadcast Communications,HOT SPOTS; Museums,Museums,2,1,0,,https://demo.invalid/places/fee6875f-c61c-4d9f-a828-73e3446a3a6c,1600,1600
20260720,1784575905000000,2026-07-20T19:31:45+00:00,page_view,detail_view,1.0,synthetic-user-020,synthetic-user-020-session-03,fee6875f-c61c-4d9f-a828-73e3446a3a6c,Museum of Broadcast Communications,HOT SPOTS; Museums,Museums,2,1,0,,https://demo.invalid/places/fee6875f-c61c-4d9f-a828-73e3446a3a6c,4200,4200
20260720,1784576940000000,2026-07-20T19:49:00+00:00,map-user-action,marker_click,1.5,synthetic-user-020,synthetic-user-020-session-03,23009197-97af-46e0-ab84-86de5152ec48,Mindworks: The Science of Thinking,HOT SPOTS; Museums,Museums,2,1,0,fee6875f-c61c-4d9f-a828-73e3446a3a6c,https://demo.invalid/places/23009197-97af-46e0-ab84-86de5152ec48,1600,1600
20260720,1784576985000000,2026-07-20T19:49:45+00:00,page_view,detail_view,1.0,synthetic-user-020,synthetic-user-020-session-03,23009197-97af-46e0-ab84-86de5152ec48,Mindworks: The Science of Thinking,HOT SPOTS; Museums,Museums,2,1,0,fee6875f-c61c-4d9f-a828-73e3446a3a6c,https://demo.invalid/places/23009197-97af-46e0-ab84-86de5152ec48,4200,4200
20260720,1784578020000000,2026-07-20T20:07:00+00:00,map-user-action,marker_click,1.5,synthetic-user-020,synthetic-user-020-session-03,6a0b7867-8566-44cd-a074-e66d82e34e87,Best Western Grant Park,Hotels,Hotels,1,0,0,23009197-97af-46e0-ab84-86de5152ec48,https://demo.invalid/places/6a0b7867-8566-44cd-a074-e66d82e34e87,1600,1600
20260720,1784578065000000,2026-07-20T20:07:45+00:00,page_view,detail_view,1.0,synthetic-user-020,synthetic-user-020-session-03,6a0b7867-8566-44cd-a074-e66d82e34e87,Best Western Grant Park,Hotels,Hotels,1,0,0,23009197-97af-46e0-ab84-86de5152ec48,https://demo.invalid/places/6a0b7867-8566-44cd-a074-e66d82e34e87,4200,4200
20260720,1784579100000000,2026-07-20T20:25:00+00:00,map-user-action,marker_click,1.5,synthetic-user-020,synthetic-user-020-session-03,9146e451-276b-4918-b301-7ae41e933810,Chicago Symphony Orchestra,HOT SPOTS; Theaters and Music Venues,Theaters and Music Venues,2,1,0,6a0b7867-8566-44cd-a074-e66d82e34e87,https://demo.invalid/places/9146e451-276b-4918-b301-7ae41e933810,1600,1600
20260720,1784579145000000,2026-07-20T20:25:45+00:00,page_view,detail_view,1.0,synthetic-user-020,synthetic-user-020-session-03,9146e451-276b-4918-b301-7ae41e933810,Chicago Symphony Orchestra,HOT SPOTS; Theaters and Music Venues,Theaters and Music Venues,2,1,0,6a0b7867-8566-44cd-a074-e66d82e34e87,https://demo.invalid/places/9146e451-276b-4918-b301-7ae41e933810,4200,4200
20260720,1784581320000000,2026-07-20T21:02:00+00:00,map-user-action,marker_click,1.5,synthetic-user-035,synthetic-user-035-session-01,66a2e0b5-bc45-4fe7-aae5-87a74cf890d7,Union Park,Parks,Parks,1,0,0,,https://demo.invalid/places/66a2e0b5-bc45-4fe7-aae5-87a74cf890d7,1600,1600
20260720,1784581365000000,2026-07-20T21:02:45+00:00,page_view,detail_view,1.0,synthetic-user-035,synthetic-user-035-session-01,66a2e0b5-bc45-4fe7-aae5-87a74cf890d7,Union Park,Parks,Parks,1,0,0,,https://demo.invalid/places/66a2e0b5-bc45-4fe7-aae5-87a74cf890d7,4200,4200
20260720,1784582400000000,2026-07-20T21:20:00+00:00,map-user-action,marker_click,1.5,synthetic-user-035,synthetic-user-035-session-01,1eb0d402-8f19-46df-90f8-0b1c953cfa88,Millennium Park,Parks; Attractions,Parks,2,0,0,66a2e0b5-bc45-4fe7-aae5-87a74cf890d7,https://demo.invalid/places/1eb0d402-8f19-46df-90f8-0b1c953cfa88,1600,1600
20260720,1784582445000000,2026-07-20T21:20:45+00:00,page_view,detail_view,1.0,synthetic-user-035,synthetic-user-035-session-01,1eb0d402-8f19-46df-90f8-0b1c953cfa88,Millennium Park,Parks; Attractions,Parks,2,0,0,66a2e0b5-bc45-4fe7-aae5-87a74cf890d7,https://demo.invalid/places/1eb0d402-8f19-46df-90f8-0b1c953cfa88,4200,4200
20260720,1784583480000000,2026-07-20T21:38:00+00:00,map-user-action,marker_click,1.5,synthetic-user-035,synthetic-user-035-session-01,a7a8852d-df90-4edc-aada-644177987a76,Buckingham Fountain,Attractions,Attractions,1,0,0,1eb0d402-8f19-46df-90f8-0b1c953cfa88,https://demo.invalid/places/a7a8852d-df90-4edc-aada-644177987a76,1600,1600
20260720,1784583525000000,2026-07-20T21:38:45+00:00,page_view,detail_view,1.0,synthetic-user-035,synthetic-user-035-session-01,a7a8852d-df90-4edc-aada-644177987a76,Buckingham Fountain,Attractions,Attractions,1,0,0,1eb0d402-8f19-46df-90f8-0b1c953cfa88,https://demo.invalid/places/a7a8852d-df90-4edc-aada-644177987a76,4200,4200
20260720,1784584560000000,2026-07-20T21:56:00+00:00,map-user-action,marker_click,1.5,synthetic-user-035,synthetic-user-035-session-01,94382a2a-4917-44d0-ab63-ce6237df694d,Hampton Inn & Suites Chicago Medical District UIC,Hotels,Hotels,1,0,0,a7a8852d-df90-4edc-aada-644177987a76,https://demo.invalid/places/94382a2a-4917-44d0-ab63-ce6237df694d,1600,1600
20260720,1784584605000000,2026-07-20T21:56:45+00:00,page_view,detail_view,1.0,synthetic-user-035,synthetic-user-035-session-01,94382a2a-4917-44d0-ab63-ce6237df694d,Hampton Inn & Suites Chicago Medical District UIC,Hotels,Hotels,1,0,0,a7a8852d-df90-4edc-aada-644177987a76,https://demo.invalid/places/94382a2a-4917-44d0-ab63-ce6237df694d,4200,4200
20260720,1784588820000000,2026-07-20T23:07:00+00:00,map-user-action,marker_click,1.5,synthetic-user-043,synthetic-user-043-session-02,5b6e548e-d108-4995-9f1a-4ad228819e21,Geja's Cafe,HOT SPOTS; Restaurants,Restaurants,2,1,0,,https://demo.invalid/places/5b6e548e-d108-4995-9f1a-4ad228819e21,1600,1600
20260720,1784588865000000,2026-07-20T23:07:45+00:00,page_view,detail_view,1.0,synthetic-user-043,synthetic-user-043-session-02,5b6e548e-d108-4995-9f1a-4ad228819e21,Geja's Cafe,HOT SPOTS; Restaurants,Restaurants,2,1,0,,https://demo.invalid/places/5b6e548e-d108-4995-9f1a-4ad228819e21,4200,4200
20260720,1784589900000000,2026-07-20T23:25:00+00:00,map-user-action,marker_click,1.5,synthetic-user-043,synthetic-user-043-session-02,5bb072e4-f584-4060-9ea3-a298c4484596,Field Museum of Natural History,Attractions; Museums,Attractions,2,0,0,5b6e548e-d108-4995-9f1a-4ad228819e21,https://demo.invalid/places/5bb072e4-f584-4060-9ea3-a298c4484596,1600,1600
20260720,1784589945000000,2026-07-20T23:25:45+00:00,page_view,detail_view,1.0,synthetic-user-043,synthetic-user-043-session-02,5bb072e4-f584-4060-9ea3-a298c4484596,Field Museum of Natural History,Attractions; Museums,Attractions,2,0,0,5b6e548e-d108-4995-9f1a-4ad228819e21,https://demo.invalid/places/5bb072e4-f584-4060-9ea3-a298c4484596,4200,4200
20260720,1784590980000000,2026-07-20T23:43:00+00:00,map-user-action,marker_click,1.5,synthetic-user-043,synthetic-user-043-session-02,afd352e9-eb35-435d-b619-494b8f64a389,Hilton Garden Inn,Hotels,Hotels,1,0,0,5bb072e4-f584-4060-9ea3-a298c4484596,https://demo.invalid/places/afd352e9-eb35-435d-b619-494b8f64a389,1600,1600
20260720,1784591025000000,2026-07-20T23:43:45+00:00,page_view,detail_view,1.0,synthetic-user-043,synthetic-user-043-session-02,afd352e9-eb35-435d-b619-494b8f64a389,Hilton Garden Inn,Hotels,Hotels,1,0,0,5bb072e4-f584-4060-9ea3-a298c4484596,https://demo.invalid/places/afd352e9-eb35-435d-b619-494b8f64a389,4200,4200
20260721,1784592060000000,2026-07-21T00:01:00+00:00,map-user-action,marker_click,1.5,synthetic-user-043,synthetic-user-043-session-02,0d495ac6-0b15-465f-a5a2-5786567b9f88,Kimpton Gray,Hotels,Hotels,1,0,0,afd352e9-eb35-435d-b619-494b8f64a389,https://demo.invalid/places/0d495ac6-0b15-465f-a5a2-5786567b9f88,1600,1600
20260721,1784592105000000,2026-07-21T00:01:45+00:00,page_view,detail_view,1.0,synthetic-user-043,synthetic-user-043-session-02,0d495ac6-0b15-465f-a5a2-5786567b9f88,Kimpton Gray,Hotels,Hotels,1,0,0,afd352e9-eb35-435d-b619-494b8f64a389,https://demo.invalid/places/0d495ac6-0b15-465f-a5a2-5786567b9f88,4200,4200
20260721,1784596320000000,2026-07-21T01:12:00+00:00,map-user-action,marker_click,1.5,synthetic-user-051,synthetic-user-051-session-03,c8e2ab0a-cd1e-4a6a-953a-3bc83981ea04,Wintrust Arena,Sports Venues,Sports Venues,1,0,0,,https://demo.invalid/places/c8e2ab0a-cd1e-4a6a-953a-3bc83981ea04,1600,1600
20260721,1784596365000000,2026-07-21T01:12:45+00:00,page_view,detail_view,1.0,synthetic-user-051,synthetic-user-051-session-03,c8e2ab0a-cd1e-4a6a-953a-3bc83981ea04,Wintrust Arena,Sports Venues,Sports Venues,1,0,0,,https://demo.invalid/places/c8e2ab0a-cd1e-4a6a-953a-3bc83981ea04,4200,4200
20260721,1784597400000000,2026-07-21T01:30:00+00:00,map-user-action,marker_click,1.5,synthetic-user-051,synthetic-user-051-session-03,a3cfdda6-ce51-4d35-83f3-ac6dd89485a9,Bloomingdale's,Shops,Shops,1,0,0,c8e2ab0a-cd1e-4a6a-953a-3bc83981ea04,https://demo.invalid/places/a3cfdda6-ce51-4d35-83f3-ac6dd89485a9,1600,1600
20260721,1784597445000000,2026-07-21T01:30:45+00:00,page_view,detail_view,1.0,synthetic-user-051,synthetic-user-051-session-03,a3cfdda6-ce51-4d35-83f3-ac6dd89485a9,Bloomingdale's,Shops,Shops,1,0,0,c8e2ab0a-cd1e-4a6a-953a-3bc83981ea04,https://demo.invalid/places/a3cfdda6-ce51-4d35-83f3-ac6dd89485a9,4200,4200
20260721,1784598480000000,2026-07-21T01:48:00+00:00,map-user-action,marker_click,1.5,synthetic-user-051,synthetic-user-051-session-03,a831daee-9505-4d4b-84fb-4a55ad091ac1,Soldier Field Tour,Sports Venues; Attractions; HOT SPOTS,Sports Venues,3,1,0,a3cfdda6-ce51-4d35-83f3-ac6dd89485a9,https://demo.invalid/places/a831daee-9505-4d4b-84fb-4a55ad091ac1,1600,1600
20260721,1784598525000000,2026-07-21T01:48:45+00:00,page_view,detail_view,1.0,synthetic-user-051,synthetic-user-051-session-03,a831daee-9505-4d4b-84fb-4a55ad091ac1,Soldier Field Tour,Sports Venues; Attractions; HOT SPOTS,Sports Venues,3,1,0,a3cfdda6-ce51-4d35-83f3-ac6dd89485a9,https://demo.invalid/places/a831daee-9505-4d4b-84fb-4a55ad091ac1,4200,4200
20260721,1784599560000000,2026-07-21T02:06:00+00:00,map-user-action,marker_click,1.5,synthetic-user-051,synthetic-user-051-session-03,083c9dad-5d4b-4b3c-8802-d601dd515dad,Garrett Popcorn Shops,HOT SPOTS; Shops,Shops,2,1,0,a831daee-9505-4d4b-84fb-4a55ad091ac1,https://demo.invalid/places/083c9dad-5d4b-4b3c-8802-d601dd515dad,1600,1600
20260721,1784599605000000,2026-07-21T02:06:45+00:00,page_view,detail_view,1.0,synthetic-user-051,synthetic-user-051-session-03,083c9dad-5d4b-4b3c-8802-d601dd515dad,Garrett Popcorn Shops,HOT SPOTS; Shops,Shops,2,1,0,a831daee-9505-4d4b-84fb-4a55ad091ac1,https://demo.invalid/places/083c9dad-5d4b-4b3c-8802-d601dd515dad,4200,4200
20260721,1784601780000000,2026-07-21T02:43:00+00:00,map-user-action,marker_click,1.5,synthetic-user-066,synthetic-user-066-session-01,d0c80aac-6895-4f2d-b1f1-ce4d653cd253,Big Bus Tours Stop 9: Water Tower & The Magnificent Mile,Big Bus Tours Stops,Big Bus Tours Stops,1,0,0,,https://demo.invalid/places/d0c80aac-6895-4f2d-b1f1-ce4d653cd253,1600,1600
20260721,1784601825000000,2026-07-21T02:43:45+00:00,page_view,detail_view,1.0,synthetic-user-066,synthetic-user-066-session-01,d0c80aac-6895-4f2d-b1f1-ce4d653cd253,Big Bus Tours Stop 9: Water Tower & The Magnificent Mile,Big Bus Tours Stops,Big Bus Tours Stops,1,0,0,,https://demo.invalid/places/d0c80aac-6895-4f2d-b1f1-ce4d653cd253,4200,4200
20260721,1784602860000000,2026-07-21T03:01:00+00:00,map-user-action,marker_click,1.5,synthetic-user-066,synthetic-user-066-session-01,e711b59b-37cf-4841-b6d5-bd55c15c62c1,Adler Planetarium,Attractions; Museums,Attractions,2,0,0,d0c80aac-6895-4f2d-b1f1-ce4d653cd253,https://demo.invalid/places/e711b59b-37cf-4841-b6d5-bd55c15c62c1,1600,1600
20260721,1784602905000000,2026-07-21T03:01:45+00:00,page_view,detail_view,1.0,synthetic-user-066,synthetic-user-066-session-01,e711b59b-37cf-4841-b6d5-bd55c15c62c1,Adler Planetarium,Attractions; Museums,Attractions,2,0,0,d0c80aac-6895-4f2d-b1f1-ce4d653cd253,https://demo.invalid/places/e711b59b-37cf-4841-b6d5-bd55c15c62c1,4200,4200
20260721,1784603940000000,2026-07-21T03:19:00+00:00,map-user-action,marker_click,1.5,synthetic-user-066,synthetic-user-066-session-01,27755721-8818-411e-83f3-80797b4cb084,Museum of Contemporary Art,Attractions; Museums,Attractions,2,0,0,e711b59b-37cf-4841-b6d5-bd55c15c62c1,https://demo.invalid/places/27755721-8818-411e-83f3-80797b4cb084,1600,1600
20260721,1784603985000000,2026-07-21T03:19:45+00:00,page_view,detail_view,1.0,synthetic-user-066,synthetic-user-066-session-01,27755721-8818-411e-83f3-80797b4cb084,Museum of Contemporary Art,Attractions; Museums,Attractions,2,0,0,e711b59b-37cf-4841-b6d5-bd55c15c62c1,https://demo.invalid/places/27755721-8818-411e-83f3-80797b4cb084,4200,4200
20260721,1784605020000000,2026-07-21T03:37:00+00:00,map-user-action,marker_click,1.5,synthetic-user-066,synthetic-user-066-session-01,6a4649f5-b11a-43e0-af7a-b9cc69837daf,Color Factory,Attractions; HOT SPOTS,Attractions,2,1,0,27755721-8818-411e-83f3-80797b4cb084,https://demo.invalid/places/6a4649f5-b11a-43e0-af7a-b9cc69837daf,1600,1600
20260721,1784605065000000,2026-07-21T03:37:45+00:00,page_view,detail_view,1.0,synthetic-user-066,synthetic-user-066-session-01,6a4649f5-b11a-43e0-af7a-b9cc69837daf,Color Factory,Attractions; HOT SPOTS,Attractions,2,1,0,27755721-8818-411e-83f3-80797b4cb084,https://demo.invalid/places/6a4649f5-b11a-43e0-af7a-b9cc69837daf,4200,4200
20260721,1784609280000000,2026-07-21T04:48:00+00:00,map-user-action,marker_click,1.5,synthetic-user-074,synthetic-user-074-session-02,c145a4a6-0a9c-4bce-9c0e-6e221e0563b8,Oak St. Beach,Parks,Parks,1,0,0,,https://demo.invalid/places/c145a4a6-0a9c-4bce-9c0e-6e221e0563b8,1600,1600
20260721,1784609325000000,2026-07-21T04:48:45+00:00,page_view,detail_view,1.0,synthetic-user-074,synthetic-user-074-session-02,c145a4a6-0a9c-4bce-9c0e-6e221e0563b8,Oak St. Beach,Parks,Parks,1,0,0,,https://demo.invalid/places/c145a4a6-0a9c-4bce-9c0e-6e221e0563b8,4200,4200
20260721,1784610360000000,2026-07-21T05:06:00+00:00,map-user-action,marker_click,1.5,synthetic-user-074,synthetic-user-074-session-02,66a2e0b5-bc45-4fe7-aae5-87a74cf890d7,Union Park,Parks,Parks,1,0,0,c145a4a6-0a9c-4bce-9c0e-6e221e0563b8,https://demo.invalid/places/66a2e0b5-bc45-4fe7-aae5-87a74cf890d7,1600,1600
20260721,1784610405000000,2026-07-21T05:06:45+00:00,page_view,detail_view,1.0,synthetic-user-074,synthetic-user-074-session-02,66a2e0b5-bc45-4fe7-aae5-87a74cf890d7,Union Park,Parks,Parks,1,0,0,c145a4a6-0a9c-4bce-9c0e-6e221e0563b8,https://demo.invalid/places/66a2e0b5-bc45-4fe7-aae5-87a74cf890d7,4200,4200
20260721,1784611440000000,2026-07-21T05:24:00+00:00,map-user-action,marker_click,1.5,synthetic-user-074,synthetic-user-074-session-02,d14fb43f-6832-4512-918e-9b1d33446f7c,Ohio St. Beach,Parks,Parks,1,0,0,66a2e0b5-bc45-4fe7-aae5-87a74cf890d7,https://demo.invalid/places/d14fb43f-6832-4512-918e-9b1d33446f7c,1600,1600
20260721,1784611485000000,2026-07-21T05:24:45+00:00,page_view,detail_view,1.0,synthetic-user-074,synthetic-user-074-session-02,d14fb43f-6832-4512-918e-9b1d33446f7c,Ohio St. Beach,Parks,Parks,1,0,0,66a2e0b5-bc45-4fe7-aae5-87a74cf890d7,https://demo.invalid/places/d14fb43f-6832-4512-918e-9b1d33446f7c,4200,4200
20260721,1784612520000000,2026-07-21T05:42:00+00:00,map-user-action,marker_click,1.5,synthetic-user-074,synthetic-user-074-session-02,afe574c9-23ae-47e7-a407-442c93a17403,City Cruises Chicago,Attractions; HOT SPOTS,Attractions,2,1,0,d14fb43f-6832-4512-918e-9b1d33446f7c,https://demo.invalid/places/afe574c9-23ae-47e7-a407-442c93a17403,1600,1600
20260721,1784612565000000,2026-07-21T05:42:45+00:00,page_view,detail_view,1.0,synthetic-user-074,synthetic-user-074-session-02,afe574c9-23ae-47e7-a407-442c93a17403,City Cruises Chicago,Attractions; HOT SPOTS,Attractions,2,1,0,d14fb43f-6832-4512-918e-9b1d33446f7c,https://demo.invalid/places/afe574c9-23ae-47e7-a407-442c93a17403,4200,4200
20260721,1784648160000000,2026-07-21T15:36:00+00:00,map-user-action,marker_click,1.5,synthetic-user-002,synthetic-user-002-session-02,cfd1b838-43d3-4489-aa3a-13cd2dd03835,Found Chicago,Hotels,Hotels,1,0,0,,https://demo.invalid/places/cfd1b838-43d3-4489-aa3a-13cd2dd03835,1600,1600
20260721,1784648205000000,2026-07-21T15:36:45+00:00,page_view,detail_view,1.0,synthetic-user-002,synthetic-user-002-session-02,cfd1b838-43d3-4489-aa3a-13cd2dd03835,Found Chicago,Hotels,Hotels,1,0,0,,https://demo.invalid/places/cfd1b838-43d3-4489-aa3a-13cd2dd03835,4200,4200
20260721,1784649240000000,2026-07-21T15:54:00+00:00,map-user-action,marker_click,1.5,synthetic-user-002,synthetic-user-002-session-02,d5ce36a8-2b44-42c5-ae84-ddabab2228ec,Moe's Cantina - River North,Bars; Restaurants,Bars,2,0,0,cfd1b838-43d3-4489-aa3a-13cd2dd03835,https://demo.invalid/places/d5ce36a8-2b44-42c5-ae84-ddabab2228ec,1600,1600
20260721,1784649285000000,2026-07-21T15:54:45+00:00,page_view,detail_view,1.0,synthetic-user-002,synthetic-user-002-session-02,d5ce36a8-2b44-42c5-ae84-ddabab2228ec,Moe's Cantina - River North,Bars; Restaurants,Bars,2,0,0,cfd1b838-43d3-4489-aa3a-13cd2dd03835,https://demo.invalid/places/d5ce36a8-2b44-42c5-ae84-ddabab2228ec,4200,4200
20260721,1784650320000000,2026-07-21T16:12:00+00:00,map-user-action,marker_click,1.5,synthetic-user-002,synthetic-user-002-session-02,4eccac9d-8e60-4c8a-908c-43525f504183,Lizzie McNeil's,Bars; Restaurants,Bars,2,0,0,d5ce36a8-2b44-42c5-ae84-ddabab2228ec,https://demo.invalid/places/4eccac9d-8e60-4c8a-908c-43525f504183,1600,1600
20260721,1784650365000000,2026-07-21T16:12:45+00:00,page_view,detail_view,1.0,synthetic-user-002,synthetic-user-002-session-02,4eccac9d-8e60-4c8a-908c-43525f504183,Lizzie McNeil's,Bars; Restaurants,Bars,2,0,0,d5ce36a8-2b44-42c5-ae84-ddabab2228ec,https://demo.invalid/places/4eccac9d-8e60-4c8a-908c-43525f504183,4200,4200
20260721,1784651400000000,2026-07-21T16:30:00+00:00,map-user-action,marker_click,1.5,synthetic-user-002,synthetic-user-002-session-02,e711b59b-37cf-4841-b6d5-bd55c15c62c1,Adler Planetarium,Attractions; Museums,Attractions,2,0,0,4eccac9d-8e60-4c8a-908c-43525f504183,https://demo.invalid/places/e711b59b-37cf-4841-b6d5-bd55c15c62c1,1600,1600
20260721,1784651445000000,2026-07-21T16:30:45+00:00,page_view,detail_view,1.0,synthetic-user-002,synthetic-user-002-session-02,e711b59b-37cf-4841-b6d5-bd55c15c62c1,Adler Planetarium,Attractions; Museums,Attractions,2,0,0,4eccac9d-8e60-4c8a-908c-43525f504183,https://demo.invalid/places/e711b59b-37cf-4841-b6d5-bd55c15c62c1,4200,4200
20260721,1784655660000000,2026-07-21T17:41:00+00:00,map-user-action,marker_click,1.5,synthetic-user-010,synthetic-user-010-session-03,3f8aed41-a707-4454-b61b-3eb2c69ec9ea,Fairfield Inn,Hotels,Hotels,1,0,0,,https://demo.invalid/places/3f8aed41-a707-4454-b61b-3eb2c69ec9ea,1600,1600
20260721,1784655705000000,2026-07-21T17:41:45+00:00,page_view,detail_view,1.0,synthetic-user-010,synthetic-user-010-session-03,3f8aed41-a707-4454-b61b-3eb2c69ec9ea,Fairfield Inn,Hotels,Hotels,1,0,0,,https://demo.invalid/places/3f8aed41-a707-4454-b61b-3eb2c69ec9ea,4200,4200
20260721,1784656740000000,2026-07-21T17:59:00+00:00,map-user-action,marker_click,1.5,synthetic-user-010,synthetic-user-010-session-03,b10ac59a-3998-4304-bf3b-59926ff0937e,Chicago French Market,Restaurants,Restaurants,1,0,0,3f8aed41-a707-4454-b61b-3eb2c69ec9ea,https://demo.invalid/places/b10ac59a-3998-4304-bf3b-59926ff0937e,1600,1600
20260721,1784656785000000,2026-07-21T17:59:45+00:00,page_view,detail_view,1.0,synthetic-user-010,synthetic-user-010-session-03,b10ac59a-3998-4304-bf3b-59926ff0937e,Chicago French Market,Restaurants,Restaurants,1,0,0,3f8aed41-a707-4454-b61b-3eb2c69ec9ea,https://demo.invalid/places/b10ac59a-3998-4304-bf3b-59926ff0937e,4200,4200
20260721,1784657820000000,2026-07-21T18:17:00+00:00,map-user-action,marker_click,1.5,synthetic-user-010,synthetic-user-010-session-03,d7b54985-bba1-4e99-8e66-2d5696a03b85,Yolk - Streeterville,HOT SPOTS; Restaurants,Restaurants,2,1,0,b10ac59a-3998-4304-bf3b-59926ff0937e,https://demo.invalid/places/d7b54985-bba1-4e99-8e66-2d5696a03b85,1600,1600
20260721,1784657865000000,2026-07-21T18:17:45+00:00,page_view,detail_view,1.0,synthetic-user-010,synthetic-user-010-session-03,d7b54985-bba1-4e99-8e66-2d5696a03b85,Yolk - Streeterville,HOT SPOTS; Restaurants,Restaurants,2,1,0,b10ac59a-3998-4304-bf3b-59926ff0937e,https://demo.invalid/places/d7b54985-bba1-4e99-8e66-2d5696a03b85,4200,4200
20260721,1784658900000000,2026-07-21T18:35:00+00:00,map-user-action,marker_click,1.5,synthetic-user-010,synthetic-user-010-session-03,70b5a14e-2929-4a35-8e6c-682c14adb4ae,Lou Malnati's,Restaurants,Restaurants,1,0,0,d7b54985-bba1-4e99-8e66-2d5696a03b85,https://demo.invalid/places/70b5a14e-2929-4a35-8e6c-682c14adb4ae,1600,1600
20260721,1784658945000000,2026-07-21T18:35:45+00:00,page_view,detail_view,1.0,synthetic-user-010,synthetic-user-010-session-03,70b5a14e-2929-4a35-8e6c-682c14adb4ae,Lou Malnati's,Restaurants,Restaurants,1,0,0,d7b54985-bba1-4e99-8e66-2d5696a03b85,https://demo.invalid/places/70b5a14e-2929-4a35-8e6c-682c14adb4ae,4200,4200
20260721,1784661120000000,2026-07-21T19:12:00+00:00,map-user-action,marker_click,1.5,synthetic-user-025,synthetic-user-025-session-01,c8e2ab0a-cd1e-4a6a-953a-3bc83981ea04,Wintrust Arena,Sports Venues,Sports Venues,1,0,0,,https://demo.invalid/places/c8e2ab0a-cd1e-4a6a-953a-3bc83981ea04,1600,1600
20260721,1784661165000000,2026-07-21T19:12:45+00:00,page_view,detail_view,1.0,synthetic-user-025,synthetic-user-025-session-01,c8e2ab0a-cd1e-4a6a-953a-3bc83981ea04,Wintrust Arena,Sports Venues,Sports Venues,1,0,0,,https://demo.invalid/places/c8e2ab0a-cd1e-4a6a-953a-3bc83981ea04,4200,4200
20260721,1784662200000000,2026-07-21T19:30:00+00:00,map-user-action,marker_click,1.5,synthetic-user-025,synthetic-user-025-session-01,8cb3a078-97e0-468e-aa20-67eb3be462d6,Embassy Suites,Hotels,Hotels,1,0,0,c8e2ab0a-cd1e-4a6a-953a-3bc83981ea04,https://demo.invalid/places/8cb3a078-97e0-468e-aa20-67eb3be462d6,1600,1600
20260721,1784662245000000,2026-07-21T19:30:45+00:00,page_view,detail_view,1.0,synthetic-user-025,synthetic-user-025-session-01,8cb3a078-97e0-468e-aa20-67eb3be462d6,Embassy Suites,Hotels,Hotels,1,0,0,c8e2ab0a-cd1e-4a6a-953a-3bc83981ea04,https://demo.invalid/places/8cb3a078-97e0-468e-aa20-67eb3be462d6,4200,4200
20260721,1784663280000000,2026-07-21T19:48:00+00:00,map-user-action,marker_click,1.5,synthetic-user-025,synthetic-user-025-session-01,adfcbe83-44e3-48cd-b9e8-21a774b4dfa8,United Center,Sports Venues,Sports Venues,1,0,0,8cb3a078-97e0-468e-aa20-67eb3be462d6,https://demo.invalid/places/adfcbe83-44e3-48cd-b9e8-21a774b4dfa8,1600,1600
20260721,1784663325000000,2026-07-21T19:48:45+00:00,page_view,detail_view,1.0,synthetic-user-025,synthetic-user-025-session-01,adfcbe83-44e3-48cd-b9e8-21a774b4dfa8,United Center,Sports Venues,Sports Venues,1,0,0,8cb3a078-97e0-468e-aa20-67eb3be462d6,https://demo.invalid/places/adfcbe83-44e3-48cd-b9e8-21a774b4dfa8,4200,4200
20260721,1784664360000000,2026-07-21T20:06:00+00:00,map-user-action,marker_click,1.5,synthetic-user-025,synthetic-user-025-session-01,d5d24b26-e2cd-41ff-b4e8-eaf891f8b1de,Chicago Style by Katie Lukes,Murals,Murals,1,0,0,adfcbe83-44e3-48cd-b9e8-21a774b4dfa8,https://demo.invalid/places/d5d24b26-e2cd-41ff-b4e8-eaf891f8b1de,1600,1600
20260721,1784664405000000,2026-07-21T20:06:45+00:00,page_view,detail_view,1.0,synthetic-user-025,synthetic-user-025-session-01,d5d24b26-e2cd-41ff-b4e8-eaf891f8b1de,Chicago Style by Katie Lukes,Murals,Murals,1,0,0,adfcbe83-44e3-48cd-b9e8-21a774b4dfa8,https://demo.invalid/places/d5d24b26-e2cd-41ff-b4e8-eaf891f8b1de,4200,4200
20260721,1784668620000000,2026-07-21T21:17:00+00:00,map-user-action,marker_click,1.5,synthetic-user-033,synthetic-user-033-session-02,b10ac59a-3998-4304-bf3b-59926ff0937e,Chicago French Market,Restaurants,Restaurants,1,0,0,,https://demo.invalid/places/b10ac59a-3998-4304-bf3b-59926ff0937e,1600,1600
20260721,1784668665000000,2026-07-21T21:17:45+00:00,page_view,detail_view,1.0,synthetic-user-033,synthetic-user-033-session-02,b10ac59a-3998-4304-bf3b-59926ff0937e,Chicago French Market,Restaurants,Restaurants,1,0,0,,https://demo.invalid/places/b10ac59a-3998-4304-bf3b-59926ff0937e,4200,4200
20260721,1784669700000000,2026-07-21T21:35:00+00:00,map-user-action,marker_click,1.5,synthetic-user-033,synthetic-user-033-session-02,e3f77f69-0255-466c-92d4-75dd9be82330,900 N. Michigan Shops,Shops,Shops,1,0,0,b10ac59a-3998-4304-bf3b-59926ff0937e,https://demo.invalid/places/e3f77f69-0255-466c-92d4-75dd9be82330,1600,1600
20260721,1784669745000000,2026-07-21T21:35:45+00:00,page_view,detail_view,1.0,synthetic-user-033,synthetic-user-033-session-02,e3f77f69-0255-466c-92d4-75dd9be82330,900 N. Michigan Shops,Shops,Shops,1,0,0,b10ac59a-3998-4304-bf3b-59926ff0937e,https://demo.invalid/places/e3f77f69-0255-466c-92d4-75dd9be82330,4200,4200
20260721,1784670780000000,2026-07-21T21:53:00+00:00,map-user-action,marker_click,1.5,synthetic-user-033,synthetic-user-033-session-02,23009197-97af-46e0-ab84-86de5152ec48,Mindworks: The Science of Thinking,HOT SPOTS; Museums,Museums,2,1,0,e3f77f69-0255-466c-92d4-75dd9be82330,https://demo.invalid/places/23009197-97af-46e0-ab84-86de5152ec48,1600,1600
20260721,1784670825000000,2026-07-21T21:53:45+00:00,page_view,detail_view,1.0,synthetic-user-033,synthetic-user-033-session-02,23009197-97af-46e0-ab84-86de5152ec48,Mindworks: The Science of Thinking,HOT SPOTS; Museums,Museums,2,1,0,e3f77f69-0255-466c-92d4-75dd9be82330,https://demo.invalid/places/23009197-97af-46e0-ab84-86de5152ec48,4200,4200
20260721,1784671860000000,2026-07-21T22:11:00+00:00,map-user-action,marker_click,1.5,synthetic-user-033,synthetic-user-033-session-02,82e5dffe-e6da-4af9-8f19-a706a05c4ed7,Ambassador,Hotels,Hotels,1,0,0,23009197-97af-46e0-ab84-86de5152ec48,https://demo.invalid/places/82e5dffe-e6da-4af9-8f19-a706a05c4ed7,1600,1600
20260721,1784671905000000,2026-07-21T22:11:45+00:00,page_view,detail_view,1.0,synthetic-user-033,synthetic-user-033-session-02,82e5dffe-e6da-4af9-8f19-a706a05c4ed7,Ambassador,Hotels,Hotels,1,0,0,23009197-97af-46e0-ab84-86de5152ec48,https://demo.invalid/places/82e5dffe-e6da-4af9-8f19-a706a05c4ed7,4200,4200
20260721,1784676120000000,2026-07-21T23:22:00+00:00,map-user-action,marker_click,1.5,synthetic-user-041,synthetic-user-041-session-03,a80991f7-6c46-4acf-b640-6d2417e81457,Recess,Bars; Restaurants,Bars,2,0,0,,https://demo.invalid/places/a80991f7-6c46-4acf-b640-6d2417e81457,1600,1600
20260721,1784676165000000,2026-07-21T23:22:45+00:00,page_view,detail_view,1.0,synthetic-user-041,synthetic-user-041-session-03,a80991f7-6c46-4acf-b640-6d2417e81457,Recess,Bars; Restaurants,Bars,2,0,0,,https://demo.invalid/places/a80991f7-6c46-4acf-b640-6d2417e81457,4200,4200
20260721,1784677200000000,2026-07-21T23:40:00+00:00,map-user-action,marker_click,1.5,synthetic-user-041,synthetic-user-041-session-03,6a4649f5-b11a-43e0-af7a-b9cc69837daf,Color Factory,Attractions; HOT SPOTS,Attractions,2,1,0,a80991f7-6c46-4acf-b640-6d2417e81457,https://demo.invalid/places/6a4649f5-b11a-43e0-af7a-b9cc69837daf,1600,1600
20260721,1784677245000000,2026-07-21T23:40:45+00:00,page_view,detail_view,1.0,synthetic-user-041,synthetic-user-041-session-03,6a4649f5-b11a-43e0-af7a-b9cc69837daf,Color Factory,Attractions; HOT SPOTS,Attractions,2,1,0,a80991f7-6c46-4acf-b640-6d2417e81457,https://demo.invalid/places/6a4649f5-b11a-43e0-af7a-b9cc69837daf,4200,4200
20260721,1784678280000000,2026-07-21T23:58:00+00:00,map-user-action,marker_click,1.5,synthetic-user-041,synthetic-user-041-session-03,47318a7a-5aff-4d4d-9008-a63150b750c7,Freehand,Hotels,Hotels,1,0,0,6a4649f5-b11a-43e0-af7a-b9cc69837daf,https://demo.invalid/places/47318a7a-5aff-4d4d-9008-a63150b750c7,1600,1600
20260721,1784678325000000,2026-07-21T23:58:45+00:00,page_view,detail_view,1.0,synthetic-user-041,synthetic-user-041-session-03,47318a7a-5aff-4d4d-9008-a63150b750c7,Freehand,Hotels,Hotels,1,0,0,6a4649f5-b11a-43e0-af7a-b9cc69837daf,https://demo.invalid/places/47318a7a-5aff-4d4d-9008-a63150b750c7,4200,4200
20260722,1784679360000000,2026-07-22T00:16:00+00:00,map-user-action,marker_click,1.5,synthetic-user-041,synthetic-user-041-session-03,3b8694ae-ef47-42dc-844d-f21f321a33af,Big Bus Tours Stop 6: Museum Campus,Big Bus Tours Stops,Big Bus Tours Stops,1,0,0,47318a7a-5aff-4d4d-9008-a63150b750c7,https://demo.invalid/places/3b8694ae-ef47-42dc-844d-f21f321a33af,1600,1600
20260722,1784679405000000,2026-07-22T00:16:45+00:00,page_view,detail_view,1.0,synthetic-user-041,synthetic-user-041-session-03,3b8694ae-ef47-42dc-844d-f21f321a33af,Big Bus Tours Stop 6: Museum Campus,Big Bus Tours Stops,Big Bus Tours Stops,1,0,0,47318a7a-5aff-4d4d-9008-a63150b750c7,https://demo.invalid/places/3b8694ae-ef47-42dc-844d-f21f321a33af,4200,4200
20260722,1784681580000000,2026-07-22T00:53:00+00:00,map-user-action,marker_click,1.5,synthetic-user-056,synthetic-user-056-session-01,d8392d2f-d8b3-4415-bd9d-93e6b4283b00,Congress Plaza,Hotels,Hotels,1,0,0,,https://demo.invalid/places/d8392d2f-d8b3-4415-bd9d-93e6b4283b00,1600,1600
20260722,1784681625000000,2026-07-22T00:53:45+00:00,page_view,detail_view,1.0,synthetic-user-056,synthetic-user-056-session-01,d8392d2f-d8b3-4415-bd9d-93e6b4283b00,Congress Plaza,Hotels,Hotels,1,0,0,,https://demo.invalid/places/d8392d2f-d8b3-4415-bd9d-93e6b4283b00,4200,4200
20260722,1784682660000000,2026-07-22T01:11:00+00:00,map-user-action,marker_click,1.5,synthetic-user-056,synthetic-user-056-session-01,100cd1d6-0af9-497a-a070-063645f6304a,AC,Hotels,Hotels,1,0,0,d8392d2f-d8b3-4415-bd9d-93e6b4283b00,https://demo.invalid/places/100cd1d6-0af9-497a-a070-063645f6304a,1600,1600
20260722,1784682705000000,2026-07-22T01:11:45+00:00,page_view,detail_view,1.0,synthetic-user-056,synthetic-user-056-session-01,100cd1d6-0af9-497a-a070-063645f6304a,AC,Hotels,Hotels,1,0,0,d8392d2f-d8b3-4415-bd9d-93e6b4283b00,https://demo.invalid/places/100cd1d6-0af9-497a-a070-063645f6304a,4200,4200
20260722,1784683740000000,2026-07-22T01:29:00+00:00,map-user-action,marker_click,1.5,synthetic-user-056,synthetic-user-056-session-01,d9448803-c282-4ccd-91a6-ce94d1d2fdcc,Hilton Garden Inn,Hotels,Hotels,1,0,0,100cd1d6-0af9-497a-a070-063645f6304a,https://demo.invalid/places/d9448803-c282-4ccd-91a6-ce94d1d2fdcc,1600,1600
20260722,1784683785000000,2026-07-22T01:29:45+00:00,page_view,detail_view,1.0,synthetic-user-056,synthetic-user-056-session-01,d9448803-c282-4ccd-91a6-ce94d1d2fdcc,Hilton Garden Inn,Hotels,Hotels,1,0,0,100cd1d6-0af9-497a-a070-063645f6304a,https://demo.invalid/places/d9448803-c282-4ccd-91a6-ce94d1d2fdcc,4200,4200
20260722,1784684820000000,2026-07-22T01:47:00+00:00,map-user-action,marker_click,1.5,synthetic-user-056,synthetic-user-056-session-01,e6a80f79-2925-4aee-8227-97e097ca91b6,Club Quarters,Hotels,Hotels,1,0,0,d9448803-c282-4ccd-91a6-ce94d1d2fdcc,https://demo.invalid/places/e6a80f79-2925-4aee-8227-97e097ca91b6,1600,1600
20260722,1784684865000000,2026-07-22T01:47:45+00:00,page_view,detail_view,1.0,synthetic-user-056,synthetic-user-056-session-01,e6a80f79-2925-4aee-8227-97e097ca91b6,Club Quarters,Hotels,Hotels,1,0,0,d9448803-c282-4ccd-91a6-ce94d1d2fdcc,https://demo.invalid/places/e6a80f79-2925-4aee-8227-97e097ca91b6,4200,4200
20260722,1784689080000000,2026-07-22T02:58:00+00:00,map-user-action,marker_click,1.5,synthetic-user-064,synthetic-user-064-session-02,b10ac59a-3998-4304-bf3b-59926ff0937e,Chicago French Market,Restaurants,Restaurants,1,0,0,,https://demo.invalid/places/b10ac59a-3998-4304-bf3b-59926ff0937e,1600,1600
20260722,1784689125000000,2026-07-22T02:58:45+00:00,page_view,detail_view,1.0,synthetic-user-064,synthetic-user-064-session-02,b10ac59a-3998-4304-bf3b-59926ff0937e,Chicago French Market,Restaurants,Restaurants,1,0,0,,https://demo.invalid/places/b10ac59a-3998-4304-bf3b-59926ff0937e,4200,4200
20260722,1784690160000000,2026-07-22T03:16:00+00:00,map-user-action,marker_click,1.5,synthetic-user-064,synthetic-user-064-session-02,04262787-4b85-4d95-a301-c7b3b6068a6d,Garrett Popcorn Shops,HOT SPOTS; Shops,Shops,2,1,0,b10ac59a-3998-4304-bf3b-59926ff0937e,https://demo.invalid/places/04262787-4b85-4d95-a301-c7b3b6068a6d,1600,1600
20260722,1784690205000000,2026-07-22T03:16:45+00:00,page_view,detail_view,1.0,synthetic-user-064,synthetic-user-064-session-02,04262787-4b85-4d95-a301-c7b3b6068a6d,Garrett Popcorn Shops,HOT SPOTS; Shops,Shops,2,1,0,b10ac59a-3998-4304-bf3b-59926ff0937e,https://demo.invalid/places/04262787-4b85-4d95-a301-c7b3b6068a6d,4200,4200
20260722,1784691240000000,2026-07-22T03:34:00+00:00,map-user-action,marker_click,1.5,synthetic-user-064,synthetic-user-064-session-02,79a27190-9265-4396-bcca-83b8244de8aa,Cadillac Palace Theatre,Theaters and Music Venues,Theaters and Music Venues,1,0,0,04262787-4b85-4d95-a301-c7b3b6068a6d,https://demo.invalid/places/79a27190-9265-4396-bcca-83b8244de8aa,1600,1600
20260722,1784691285000000,2026-07-22T03:34:45+00:00,page_view,detail_view,1.0,synthetic-user-064,synthetic-user-064-session-02,79a27190-9265-4396-bcca-83b8244de8aa,Cadillac Palace Theatre,Theaters and Music Venues,Theaters and Music Venues,1,0,0,04262787-4b85-4d95-a301-c7b3b6068a6d,https://demo.invalid/places/79a27190-9265-4396-bcca-83b8244de8aa,4200,4200
20260722,1784692320000000,2026-07-22T03:52:00+00:00,map-user-action,marker_click,1.5,synthetic-user-064,synthetic-user-064-session-02,9535776b-f785-4ea4-8376-0f7597db114e,Chicago Shakespeare Theater,Theaters and Music Venues,Theaters and Music Venues,1,0,0,79a27190-9265-4396-bcca-83b8244de8aa,https://demo.invalid/places/9535776b-f785-4ea4-8376-0f7597db114e,1600,1600
20260722,1784692365000000,2026-07-22T03:52:45+00:00,page_view,detail_view,1.0,synthetic-user-064,synthetic-user-064-session-02,9535776b-f785-4ea4-8376-0f7597db114e,Chicago Shakespeare Theater,Theaters and Music Venues,Theaters and Music Venues,1,0,0,79a27190-9265-4396-bcca-83b8244de8aa,https://demo.invalid/places/9535776b-f785-4ea4-8376-0f7597db114e,4200,4200
20260722,1784696580000000,2026-07-22T05:03:00+00:00,map-user-action,marker_click,1.5,synthetic-user-072,synthetic-user-072-session-03,6cf9b47c-e237-456a-876d-8ba9028bf56e,Chicago's North Shore,HOT SPOTS; Neighborhood Organizations,Neighborhood Organizations,2,1,0,,https://demo.invalid/places/6cf9b47c-e237-456a-876d-8ba9028bf56e,1600,1600
20260722,1784696625000000,2026-07-22T05:03:45+00:00,page_view,detail_view,1.0,synthetic-user-072,synthetic-user-072-session-03,6cf9b47c-e237-456a-876d-8ba9028bf56e,Chicago's North Shore,HOT SPOTS; Neighborhood Organizations,Neighborhood Organizations,2,1,0,,https://demo.invalid/places/6cf9b47c-e237-456a-876d-8ba9028bf56e,4200,4200
20260722,1784697660000000,2026-07-22T05:21:00+00:00,map-user-action,marker_click,1.5,synthetic-user-072,synthetic-user-072-session-03,4c25e6f0-230a-4ea9-99c0-8ac30a809d4f,Courtyard by Marriott Chicago at Medical District/UIC,Hotels,Hotels,1,0,0,6cf9b47c-e237-456a-876d-8ba9028bf56e,https://demo.invalid/places/4c25e6f0-230a-4ea9-99c0-8ac30a809d4f,1600,1600
20260722,1784697705000000,2026-07-22T05:21:45+00:00,page_view,detail_view,1.0,synthetic-user-072,synthetic-user-072-session-03,4c25e6f0-230a-4ea9-99c0-8ac30a809d4f,Courtyard by Marriott Chicago at Medical District/UIC,Hotels,Hotels,1,0,0,6cf9b47c-e237-456a-876d-8ba9028bf56e,https://demo.invalid/places/4c25e6f0-230a-4ea9-99c0-8ac30a809d4f,4200,4200
20260722,1784698740000000,2026-07-22T05:39:00+00:00,map-user-action,marker_click,1.5,synthetic-user-072,synthetic-user-072-session-03,fee6875f-c61c-4d9f-a828-73e3446a3a6c,Museum of Broadcast Communications,HOT SPOTS; Museums,Museums,2,1,0,4c25e6f0-230a-4ea9-99c0-8ac30a809d4f,https://demo.invalid/places/fee6875f-c61c-4d9f-a828-73e3446a3a6c,1600,1600
20260722,1784698785000000,2026-07-22T05:39:45+00:00,page_view,detail_view,1.0,synthetic-user-072,synthetic-user-072-session-03,fee6875f-c61c-4d9f-a828-73e3446a3a6c,Museum of Broadcast Communications,HOT SPOTS; Museums,Museums,2,1,0,4c25e6f0-230a-4ea9-99c0-8ac30a809d4f,https://demo.invalid/places/fee6875f-c61c-4d9f-a828-73e3446a3a6c,4200,4200
20260722,1784699820000000,2026-07-22T05:57:00+00:00,map-user-action,marker_click,1.5,synthetic-user-072,synthetic-user-072-session-03,b7849405-a2a4-475d-8129-81f9191b3300,Flight Club,Bars; Restaurants,Bars,2,0,0,fee6875f-c61c-4d9f-a828-73e3446a3a6c,https://demo.invalid/places/b7849405-a2a4-475d-8129-81f9191b3300,1600,1600
20260722,1784699865000000,2026-07-22T05:57:45+00:00,page_view,detail_view,1.0,synthetic-user-072,synthetic-user-072-session-03,b7849405-a2a4-475d-8129-81f9191b3300,Flight Club,Bars; Restaurants,Bars,2,0,0,fee6875f-c61c-4d9f-a828-73e3446a3a6c,https://demo.invalid/places/b7849405-a2a4-475d-8129-81f9191b3300,4200,4200
20260722,1784740920000000,2026-07-22T17:22:00+00:00,map-user-action,marker_click,1.5,synthetic-user-015,synthetic-user-015-session-01,d65176b1-8e20-4458-b462-049875cde51f,Northman Beer & Cider Garden,Bars; Restaurants,Bars,2,0,0,,https://demo.invalid/places/d65176b1-8e20-4458-b462-049875cde51f,1600,1600
20260722,1784740965000000,2026-07-22T17:22:45+00:00,page_view,detail_view,1.0,synthetic-user-015,synthetic-user-015-session-01,d65176b1-8e20-4458-b462-049875cde51f,Northman Beer & Cider Garden,Bars; Restaurants,Bars,2,0,0,,https://demo.invalid/places/d65176b1-8e20-4458-b462-049875cde51f,4200,4200
20260722,1784742000000000,2026-07-22T17:40:00+00:00,map-user-action,marker_click,1.5,synthetic-user-015,synthetic-user-015-session-01,d7f34584-aefb-4499-be0d-9169cb77c642,Cobra Lounge,Bars; Restaurants; Theaters and Music Venues,Bars,3,0,0,d65176b1-8e20-4458-b462-049875cde51f,https://demo.invalid/places/d7f34584-aefb-4499-be0d-9169cb77c642,1600,1600
20260722,1784742045000000,2026-07-22T17:40:45+00:00,page_view,detail_view,1.0,synthetic-user-015,synthetic-user-015-session-01,d7f34584-aefb-4499-be0d-9169cb77c642,Cobra Lounge,Bars; Restaurants; Theaters and Music Venues,Bars,3,0,0,d65176b1-8e20-4458-b462-049875cde51f,https://demo.invalid/places/d7f34584-aefb-4499-be0d-9169cb77c642,4200,4200
20260722,1784743080000000,2026-07-22T17:58:00+00:00,map-user-action,marker_click,1.5,synthetic-user-015,synthetic-user-015-session-01,087d51b9-f781-4806-aab3-8075785fa6a8,Aloft,Hotels,Hotels,1,0,0,d7f34584-aefb-4499-be0d-9169cb77c642,https://demo.invalid/places/087d51b9-f781-4806-aab3-8075785fa6a8,1600,1600
20260722,1784743125000000,2026-07-22T17:58:45+00:00,page_view,detail_view,1.0,synthetic-user-015,synthetic-user-015-session-01,087d51b9-f781-4806-aab3-8075785fa6a8,Aloft,Hotels,Hotels,1,0,0,d7f34584-aefb-4499-be0d-9169cb77c642,https://demo.invalid/places/087d51b9-f781-4806-aab3-8075785fa6a8,4200,4200
20260722,1784744160000000,2026-07-22T18:16:00+00:00,map-user-action,marker_click,1.5,synthetic-user-015,synthetic-user-015-session-01,f9f32a6a-8280-4658-b26f-1591f7552f5c,"HI Chicago, the J. Ira and Nicki Harris Family Hostel",Hotels,Hotels,1,0,0,087d51b9-f781-4806-aab3-8075785fa6a8,https://demo.invalid/places/f9f32a6a-8280-4658-b26f-1591f7552f5c,1600,1600
20260722,1784744205000000,2026-07-22T18:16:45+00:00,page_view,detail_view,1.0,synthetic-user-015,synthetic-user-015-session-01,f9f32a6a-8280-4658-b26f-1591f7552f5c,"HI Chicago, the J. Ira and Nicki Harris Family Hostel",Hotels,Hotels,1,0,0,087d51b9-f781-4806-aab3-8075785fa6a8,https://demo.invalid/places/f9f32a6a-8280-4658-b26f-1591f7552f5c,4200,4200
20260722,1784748420000000,2026-07-22T19:27:00+00:00,map-user-action,marker_click,1.5,synthetic-user-023,synthetic-user-023-session-02,eaa5167b-91d9-4744-a8d0-32a6e1b5764e,Talay Chicago,Restaurants,Restaurants,1,0,0,,https://demo.invalid/places/eaa5167b-91d9-4744-a8d0-32a6e1b5764e,1600,1600
20260722,1784748465000000,2026-07-22T19:27:45+00:00,page_view,detail_view,1.0,synthetic-user-023,synthetic-user-023-session-02,eaa5167b-91d9-4744-a8d0-32a6e1b5764e,Talay Chicago,Restaurants,Restaurants,1,0,0,,https://demo.invalid/places/eaa5167b-91d9-4744-a8d0-32a6e1b5764e,4200,4200
20260722,1784749500000000,2026-07-22T19:45:00+00:00,map-user-action,marker_click,1.5,synthetic-user-023,synthetic-user-023-session-02,b7bb46e5-edda-4ca6-9c29-c06644601edb,Monteverde Restaurant & Pastificio,Restaurants,Restaurants,1,0,0,eaa5167b-91d9-4744-a8d0-32a6e1b5764e,https://demo.invalid/places/b7bb46e5-edda-4ca6-9c29-c06644601edb,1600,1600
20260722,1784749545000000,2026-07-22T19:45:45+00:00,page_view,detail_view,1.0,synthetic-user-023,synthetic-user-023-session-02,b7bb46e5-edda-4ca6-9c29-c06644601edb,Monteverde Restaurant & Pastificio,Restaurants,Restaurants,1,0,0,eaa5167b-91d9-4744-a8d0-32a6e1b5764e,https://demo.invalid/places/b7bb46e5-edda-4ca6-9c29-c06644601edb,4200,4200
20260722,1784750580000000,2026-07-22T20:03:00+00:00,map-user-action,marker_click,1.5,synthetic-user-023,synthetic-user-023-session-02,a63cda67-4022-422d-98a5-26090e93a8fe,Millennium Hall,Restaurants,Restaurants,1,0,0,b7bb46e5-edda-4ca6-9c29-c06644601edb,https://demo.invalid/places/a63cda67-4022-422d-98a5-26090e93a8fe,1600,1600
20260722,1784750625000000,2026-07-22T20:03:45+00:00,page_view,detail_view,1.0,synthetic-user-023,synthetic-user-023-session-02,a63cda67-4022-422d-98a5-26090e93a8fe,Millennium Hall,Restaurants,Restaurants,1,0,0,b7bb46e5-edda-4ca6-9c29-c06644601edb,https://demo.invalid/places/a63cda67-4022-422d-98a5-26090e93a8fe,4200,4200
20260722,1784751660000000,2026-07-22T20:21:00+00:00,map-user-action,marker_click,1.5,synthetic-user-023,synthetic-user-023-session-02,762fee73-00d8-411a-b65e-1d7c11d6bde2,Hampton Inn,Hotels,Hotels,1,0,0,a63cda67-4022-422d-98a5-26090e93a8fe,https://demo.invalid/places/762fee73-00d8-411a-b65e-1d7c11d6bde2,1600,1600
20260722,1784751705000000,2026-07-22T20:21:45+00:00,page_view,detail_view,1.0,synthetic-user-023,synthetic-user-023-session-02,762fee73-00d8-411a-b65e-1d7c11d6bde2,Hampton Inn,Hotels,Hotels,1,0,0,a63cda67-4022-422d-98a5-26090e93a8fe,https://demo.invalid/places/762fee73-00d8-411a-b65e-1d7c11d6bde2,4200,4200
20260722,1784755920000000,2026-07-22T21:32:00+00:00,map-user-action,marker_click,1.5,synthetic-user-031,synthetic-user-031-session-03,93bbbf41-6a56-4d8d-a9e4-188e947d9d02,EMC2,Hotels,Hotels,1,0,0,,https://demo.invalid/places/93bbbf41-6a56-4d8d-a9e4-188e947d9d02,1600,1600
20260722,1784755965000000,2026-07-22T21:32:45+00:00,page_view,detail_view,1.0,synthetic-user-031,synthetic-user-031-session-03,93bbbf41-6a56-4d8d-a9e4-188e947d9d02,EMC2,Hotels,Hotels,1,0,0,,https://demo.invalid/places/93bbbf41-6a56-4d8d-a9e4-188e947d9d02,4200,4200
20260722,1784757000000000,2026-07-22T21:50:00+00:00,map-user-action,marker_click,1.5,synthetic-user-031,synthetic-user-031-session-03,4c4aaf2e-2e5d-4508-9d4e-42a85223f47d,Ever Restaurant,Movie & TV Locations; Restaurants,Movie & TV Locations,2,0,0,93bbbf41-6a56-4d8d-a9e4-188e947d9d02,https://demo.invalid/places/4c4aaf2e-2e5d-4508-9d4e-42a85223f47d,1600,1600
20260722,1784757045000000,2026-07-22T21:50:45+00:00,page_view,detail_view,1.0,synthetic-user-031,synthetic-user-031-session-03,4c4aaf2e-2e5d-4508-9d4e-42a85223f47d,Ever Restaurant,Movie & TV Locations; Restaurants,Movie & TV Locations,2,0,0,93bbbf41-6a56-4d8d-a9e4-188e947d9d02,https://demo.invalid/places/4c4aaf2e-2e5d-4508-9d4e-42a85223f47d,4200,4200
20260722,1784758080000000,2026-07-22T22:08:00+00:00,map-user-action,marker_click,1.5,synthetic-user-031,synthetic-user-031-session-03,502a1d5c-6f47-4307-a5b8-49fd24841a75,Big Bus Tours Stop 1: Chicago Riverwalk,Big Bus Tours Stops,Big Bus Tours Stops,1,0,0,4c4aaf2e-2e5d-4508-9d4e-42a85223f47d,https://demo.invalid/places/502a1d5c-6f47-4307-a5b8-49fd24841a75,1600,1600
20260722,1784758125000000,2026-07-22T22:08:45+00:00,page_view,detail_view,1.0,synthetic-user-031,synthetic-user-031-session-03,502a1d5c-6f47-4307-a5b8-49fd24841a75,Big Bus Tours Stop 1: Chicago Riverwalk,Big Bus Tours Stops,Big Bus Tours Stops,1,0,0,4c4aaf2e-2e5d-4508-9d4e-42a85223f47d,https://demo.invalid/places/502a1d5c-6f47-4307-a5b8-49fd24841a75,4200,4200
20260722,1784759160000000,2026-07-22T22:26:00+00:00,map-user-action,marker_click,1.5,synthetic-user-031,synthetic-user-031-session-03,cc926fb8-553c-47bc-82e2-16b8e013a2ae,Chicago Fire Department - Engine Co. 18,Movie & TV Locations,Movie & TV Locations,1,0,0,502a1d5c-6f47-4307-a5b8-49fd24841a75,https://demo.invalid/places/cc926fb8-553c-47bc-82e2-16b8e013a2ae,1600,1600
20260722,1784759205000000,2026-07-22T22:26:45+00:00,page_view,detail_view,1.0,synthetic-user-031,synthetic-user-031-session-03,cc926fb8-553c-47bc-82e2-16b8e013a2ae,Chicago Fire Department - Engine Co. 18,Movie & TV Locations,Movie & TV Locations,1,0,0,502a1d5c-6f47-4307-a5b8-49fd24841a75,https://demo.invalid/places/cc926fb8-553c-47bc-82e2-16b8e013a2ae,4200,4200
20260722,1784761380000000,2026-07-22T23:03:00+00:00,map-user-action,marker_click,1.5,synthetic-user-046,synthetic-user-046-session-01,9887104e-c3d1-48b3-adfa-cabd5303713d,WNDR Museum,HOT SPOTS; Museums,Museums,2,1,0,,https://demo.invalid/places/9887104e-c3d1-48b3-adfa-cabd5303713d,1600,1600
20260722,1784761425000000,2026-07-22T23:03:45+00:00,page_view,detail_view,1.0,synthetic-user-046,synthetic-user-046-session-01,9887104e-c3d1-48b3-adfa-cabd5303713d,WNDR Museum,HOT SPOTS; Museums,Museums,2,1,0,,https://demo.invalid/places/9887104e-c3d1-48b3-adfa-cabd5303713d,4200,4200
20260722,1784762460000000,2026-07-22T23:21:00+00:00,map-user-action,marker_click,1.5,synthetic-user-046,synthetic-user-046-session-01,16222053-b164-48ad-86b2-d90b4f45dacb,Fairmont,Hotels,Hotels,1,0,0,9887104e-c3d1-48b3-adfa-cabd5303713d,https://demo.invalid/places/16222053-b164-48ad-86b2-d90b4f45dacb,1600,1600
20260722,1784762505000000,2026-07-22T23:21:45+00:00,page_view,detail_view,1.0,synthetic-user-046,synthetic-user-046-session-01,16222053-b164-48ad-86b2-d90b4f45dacb,Fairmont,Hotels,Hotels,1,0,0,9887104e-c3d1-48b3-adfa-cabd5303713d,https://demo.invalid/places/16222053-b164-48ad-86b2-d90b4f45dacb,4200,4200
20260722,1784763540000000,2026-07-22T23:39:00+00:00,map-user-action,marker_click,1.5,synthetic-user-046,synthetic-user-046-session-01,ff40b238-44f5-4584-97b5-7ed9b05f840a,Broadway Playhouse,Theaters and Music Venues,Theaters and Music Venues,1,0,0,16222053-b164-48ad-86b2-d90b4f45dacb,https://demo.invalid/places/ff40b238-44f5-4584-97b5-7ed9b05f840a,1600,1600
20260722,1784763585000000,2026-07-22T23:39:45+00:00,page_view,detail_view,1.0,synthetic-user-046,synthetic-user-046-session-01,ff40b238-44f5-4584-97b5-7ed9b05f840a,Broadway Playhouse,Theaters and Music Venues,Theaters and Music Venues,1,0,0,16222053-b164-48ad-86b2-d90b4f45dacb,https://demo.invalid/places/ff40b238-44f5-4584-97b5-7ed9b05f840a,4200,4200
20260722,1784764620000000,2026-07-22T23:57:00+00:00,map-user-action,marker_click,1.5,synthetic-user-046,synthetic-user-046-session-01,122a12f9-cf54-4983-9787-64633fc79b15,Big Bus Tours Stop 4: Hilton Chicago & Grant Park,Big Bus Tours Stops,Big Bus Tours Stops,1,0,0,ff40b238-44f5-4584-97b5-7ed9b05f840a,https://demo.invalid/places/122a12f9-cf54-4983-9787-64633fc79b15,1600,1600
20260722,1784764665000000,2026-07-22T23:57:45+00:00,page_view,detail_view,1.0,synthetic-user-046,synthetic-user-046-session-01,122a12f9-cf54-4983-9787-64633fc79b15,Big Bus Tours Stop 4: Hilton Chicago & Grant Park,Big Bus Tours Stops,Big Bus Tours Stops,1,0,0,ff40b238-44f5-4584-97b5-7ed9b05f840a,https://demo.invalid/places/122a12f9-cf54-4983-9787-64633fc79b15,4200,4200
20260723,1784768880000000,2026-07-23T01:08:00+00:00,map-user-action,marker_click,1.5,synthetic-user-054,synthetic-user-054-session-02,8cb3a078-97e0-468e-aa20-67eb3be462d6,Embassy Suites,Hotels,Hotels,1,0,0,,https://demo.invalid/places/8cb3a078-97e0-468e-aa20-67eb3be462d6,1600,1600
20260723,1784768925000000,2026-07-23T01:08:45+00:00,page_view,detail_view,1.0,synthetic-user-054,synthetic-user-054-session-02,8cb3a078-97e0-468e-aa20-67eb3be462d6,Embassy Suites,Hotels,Hotels,1,0,0,,https://demo.invalid/places/8cb3a078-97e0-468e-aa20-67eb3be462d6,4200,4200
20260723,1784769960000000,2026-07-23T01:26:00+00:00,map-user-action,marker_click,1.5,synthetic-user-054,synthetic-user-054-session-02,8c84468c-e58a-4eb7-acba-a9d1932f872a,Goose Island Taproom,Bars; Restaurants,Bars,2,0,0,8cb3a078-97e0-468e-aa20-67eb3be462d6,https://demo.invalid/places/8c84468c-e58a-4eb7-acba-a9d1932f872a,1600,1600
20260723,1784770005000000,2026-07-23T01:26:45+00:00,page_view,detail_view,1.0,synthetic-user-054,synthetic-user-054-session-02,8c84468c-e58a-4eb7-acba-a9d1932f872a,Goose Island Taproom,Bars; Restaurants,Bars,2,0,0,8cb3a078-97e0-468e-aa20-67eb3be462d6,https://demo.invalid/places/8c84468c-e58a-4eb7-acba-a9d1932f872a,4200,4200
20260723,1784771040000000,2026-07-23T01:44:00+00:00,map-user-action,marker_click,1.5,synthetic-user-054,synthetic-user-054-session-02,688d2d72-32ae-4cea-adb9-6e02cd0fd2e8,Apple Store,Shops,Shops,1,0,0,8c84468c-e58a-4eb7-acba-a9d1932f872a,https://demo.invalid/places/688d2d72-32ae-4cea-adb9-6e02cd0fd2e8,1600,1600
20260723,1784771085000000,2026-07-23T01:44:45+00:00,page_view,detail_view,1.0,synthetic-user-054,synthetic-user-054-session-02,688d2d72-32ae-4cea-adb9-6e02cd0fd2e8,Apple Store,Shops,Shops,1,0,0,8c84468c-e58a-4eb7-acba-a9d1932f872a,https://demo.invalid/places/688d2d72-32ae-4cea-adb9-6e02cd0fd2e8,4200,4200
20260723,1784772120000000,2026-07-23T02:02:00+00:00,map-user-action,marker_click,1.5,synthetic-user-054,synthetic-user-054-session-02,d7f34584-aefb-4499-be0d-9169cb77c642,Cobra Lounge,Bars; Restaurants; Theaters and Music Venues,Bars,3,0,0,688d2d72-32ae-4cea-adb9-6e02cd0fd2e8,https://demo.invalid/places/d7f34584-aefb-4499-be0d-9169cb77c642,1600,1600
20260723,1784772165000000,2026-07-23T02:02:45+00:00,page_view,detail_view,1.0,synthetic-user-054,synthetic-user-054-session-02,d7f34584-aefb-4499-be0d-9169cb77c642,Cobra Lounge,Bars; Restaurants; Theaters and Music Venues,Bars,3,0,0,688d2d72-32ae-4cea-adb9-6e02cd0fd2e8,https://demo.invalid/places/d7f34584-aefb-4499-be0d-9169cb77c642,4200,4200
20260723,1784776380000000,2026-07-23T03:13:00+00:00,map-user-action,marker_click,1.5,synthetic-user-062,synthetic-user-062-session-03,4c25e6f0-230a-4ea9-99c0-8ac30a809d4f,Courtyard by Marriott Chicago at Medical District/UIC,Hotels,Hotels,1,0,0,,https://demo.invalid/places/4c25e6f0-230a-4ea9-99c0-8ac30a809d4f,1600,1600
20260723,1784776425000000,2026-07-23T03:13:45+00:00,page_view,detail_view,1.0,synthetic-user-062,synthetic-user-062-session-03,4c25e6f0-230a-4ea9-99c0-8ac30a809d4f,Courtyard by Marriott Chicago at Medical District/UIC,Hotels,Hotels,1,0,0,,https://demo.invalid/places/4c25e6f0-230a-4ea9-99c0-8ac30a809d4f,4200,4200
20260723,1784777460000000,2026-07-23T03:31:00+00:00,map-user-action,marker_click,1.5,synthetic-user-062,synthetic-user-062-session-03,4838d755-387e-4cc1-80f3-438ee12c5de0,Athena Greek Restaurant,Restaurants,Restaurants,1,0,0,4c25e6f0-230a-4ea9-99c0-8ac30a809d4f,https://demo.invalid/places/4838d755-387e-4cc1-80f3-438ee12c5de0,1600,1600
20260723,1784777505000000,2026-07-23T03:31:45+00:00,page_view,detail_view,1.0,synthetic-user-062,synthetic-user-062-session-03,4838d755-387e-4cc1-80f3-438ee12c5de0,Athena Greek Restaurant,Restaurants,Restaurants,1,0,0,4c25e6f0-230a-4ea9-99c0-8ac30a809d4f,https://demo.invalid/places/4838d755-387e-4cc1-80f3-438ee12c5de0,4200,4200
20260723,1784778540000000,2026-07-23T03:49:00+00:00,map-user-action,marker_click,1.5,synthetic-user-062,synthetic-user-062-session-03,9373e01a-e0dd-4ac4-8b9e-4cef1bd81911,Yolk - South Loop,HOT SPOTS; Restaurants,Restaurants,2,1,0,4838d755-387e-4cc1-80f3-438ee12c5de0,https://demo.invalid/places/9373e01a-e0dd-4ac4-8b9e-4cef1bd81911,1600,1600
20260723,1784778585000000,2026-07-23T03:49:45+00:00,page_view,detail_view,1.0,synthetic-user-062,synthetic-user-062-session-03,9373e01a-e0dd-4ac4-8b9e-4cef1bd81911,Yolk - South Loop,HOT SPOTS; Restaurants,Restaurants,2,1,0,4838d755-387e-4cc1-80f3-438ee12c5de0,https://demo.invalid/places/9373e01a-e0dd-4ac4-8b9e-4cef1bd81911,4200,4200
20260723,1784779620000000,2026-07-23T04:07:00+00:00,map-user-action,marker_click,1.5,synthetic-user-062,synthetic-user-062-session-03,4c4aaf2e-2e5d-4508-9d4e-42a85223f47d,Ever Restaurant,Movie & TV Locations; Restaurants,Movie & TV Locations,2,0,0,9373e01a-e0dd-4ac4-8b9e-4cef1bd81911,https://demo.invalid/places/4c4aaf2e-2e5d-4508-9d4e-42a85223f47d,1600,1600
20260723,1784779665000000,2026-07-23T04:07:45+00:00,page_view,detail_view,1.0,synthetic-user-062,synthetic-user-062-session-03,4c4aaf2e-2e5d-4508-9d4e-42a85223f47d,Ever Restaurant,Movie & TV Locations; Restaurants,Movie & TV Locations,2,0,0,9373e01a-e0dd-4ac4-8b9e-4cef1bd81911,https://demo.invalid/places/4c4aaf2e-2e5d-4508-9d4e-42a85223f47d,4200,4200
20260723,1784781840000000,2026-07-23T04:44:00+00:00,map-user-action,marker_click,1.5,synthetic-user-077,synthetic-user-077-session-01,c8e2ab0a-cd1e-4a6a-953a-3bc83981ea04,Wintrust Arena,Sports Venues,Sports Venues,1,0,0,,https://demo.invalid/places/c8e2ab0a-cd1e-4a6a-953a-3bc83981ea04,1600,1600
20260723,1784781885000000,2026-07-23T04:44:45+00:00,page_view,detail_view,1.0,synthetic-user-077,synthetic-user-077-session-01,c8e2ab0a-cd1e-4a6a-953a-3bc83981ea04,Wintrust Arena,Sports Venues,Sports Venues,1,0,0,,https://demo.invalid/places/c8e2ab0a-cd1e-4a6a-953a-3bc83981ea04,4200,4200
20260723,1784782920000000,2026-07-23T05:02:00+00:00,map-user-action,marker_click,1.5,synthetic-user-077,synthetic-user-077-session-01,a831daee-9505-4d4b-84fb-4a55ad091ac1,Soldier Field Tour,Sports Venues; Attractions; HOT SPOTS,Sports Venues,3,1,0,c8e2ab0a-cd1e-4a6a-953a-3bc83981ea04,https://demo.invalid/places/a831daee-9505-4d4b-84fb-4a55ad091ac1,1600,1600
20260723,1784782965000000,2026-07-23T05:02:45+00:00,page_view,detail_view,1.0,synthetic-user-077,synthetic-user-077-session-01,a831daee-9505-4d4b-84fb-4a55ad091ac1,Soldier Field Tour,Sports Venues; Attractions; HOT SPOTS,Sports Venues,3,1,0,c8e2ab0a-cd1e-4a6a-953a-3bc83981ea04,https://demo.invalid/places/a831daee-9505-4d4b-84fb-4a55ad091ac1,4200,4200
20260723,1784784000000000,2026-07-23T05:20:00+00:00,map-user-action,marker_click,1.5,synthetic-user-077,synthetic-user-077-session-01,16222053-b164-48ad-86b2-d90b4f45dacb,Fairmont,Hotels,Hotels,1,0,0,a831daee-9505-4d4b-84fb-4a55ad091ac1,https://demo.invalid/places/16222053-b164-48ad-86b2-d90b4f45dacb,1600,1600
20260723,1784784045000000,2026-07-23T05:20:45+00:00,page_view,detail_view,1.0,synthetic-user-077,synthetic-user-077-session-01,16222053-b164-48ad-86b2-d90b4f45dacb,Fairmont,Hotels,Hotels,1,0,0,a831daee-9505-4d4b-84fb-4a55ad091ac1,https://demo.invalid/places/16222053-b164-48ad-86b2-d90b4f45dacb,4200,4200
20260723,1784785080000000,2026-07-23T05:38:00+00:00,map-user-action,marker_click,1.5,synthetic-user-077,synthetic-user-077-session-01,adfcbe83-44e3-48cd-b9e8-21a774b4dfa8,United Center,Sports Venues,Sports Venues,1,0,0,16222053-b164-48ad-86b2-d90b4f45dacb,https://demo.invalid/places/adfcbe83-44e3-48cd-b9e8-21a774b4dfa8,1600,1600
20260723,1784785125000000,2026-07-23T05:38:45+00:00,page_view,detail_view,1.0,synthetic-user-077,synthetic-user-077-session-01,adfcbe83-44e3-48cd-b9e8-21a774b4dfa8,United Center,Sports Venues,Sports Venues,1,0,0,16222053-b164-48ad-86b2-d90b4f45dacb,https://demo.invalid/places/adfcbe83-44e3-48cd-b9e8-21a774b4dfa8,4200,4200
20260723,1784820720000000,2026-07-23T15:32:00+00:00,map-user-action,marker_click,1.5,synthetic-user-005,synthetic-user-005-session-01,4c4aaf2e-2e5d-4508-9d4e-42a85223f47d,Ever Restaurant,Movie & TV Locations; Restaurants,Movie & TV Locations,2,0,0,,https://demo.invalid/places/4c4aaf2e-2e5d-4508-9d4e-42a85223f47d,1600,1600
20260723,1784820765000000,2026-07-23T15:32:45+00:00,page_view,detail_view,1.0,synthetic-user-005,synthetic-user-005-session-01,4c4aaf2e-2e5d-4508-9d4e-42a85223f47d,Ever Restaurant,Movie & TV Locations; Restaurants,Movie & TV Locations,2,0,0,,https://demo.invalid/places/4c4aaf2e-2e5d-4508-9d4e-42a85223f47d,4200,4200
20260723,1784821800000000,2026-07-23T15:50:00+00:00,map-user-action,marker_click,1.5,synthetic-user-005,synthetic-user-005-session-01,7c3b8e81-125d-4e29-8540-b9f6c9b5214a,Union Station,Movie & TV Locations,Movie & TV Locations,1,0,0,4c4aaf2e-2e5d-4508-9d4e-42a85223f47d,https://demo.invalid/places/7c3b8e81-125d-4e29-8540-b9f6c9b5214a,1600,1600
20260723,1784821845000000,2026-07-23T15:50:45+00:00,page_view,detail_view,1.0,synthetic-user-005,synthetic-user-005-session-01,7c3b8e81-125d-4e29-8540-b9f6c9b5214a,Union Station,Movie & TV Locations,Movie & TV Locations,1,0,0,4c4aaf2e-2e5d-4508-9d4e-42a85223f47d,https://demo.invalid/places/7c3b8e81-125d-4e29-8540-b9f6c9b5214a,4200,4200
20260723,1784822880000000,2026-07-23T16:08:00+00:00,map-user-action,marker_click,1.5,synthetic-user-005,synthetic-user-005-session-01,cc926fb8-553c-47bc-82e2-16b8e013a2ae,Chicago Fire Department - Engine Co. 18,Movie & TV Locations,Movie & TV Locations,1,0,0,7c3b8e81-125d-4e29-8540-b9f6c9b5214a,https://demo.invalid/places/cc926fb8-553c-47bc-82e2-16b8e013a2ae,1600,1600
20260723,1784822925000000,2026-07-23T16:08:45+00:00,page_view,detail_view,1.0,synthetic-user-005,synthetic-user-005-session-01,cc926fb8-553c-47bc-82e2-16b8e013a2ae,Chicago Fire Department - Engine Co. 18,Movie & TV Locations,Movie & TV Locations,1,0,0,7c3b8e81-125d-4e29-8540-b9f6c9b5214a,https://demo.invalid/places/cc926fb8-553c-47bc-82e2-16b8e013a2ae,4200,4200
20260723,1784823960000000,2026-07-23T16:26:00+00:00,map-user-action,marker_click,1.5,synthetic-user-005,synthetic-user-005-session-01,9383a251-cbcd-48ff-a3a7-6cc85d70b7a2,Four Seasons,Hotels,Hotels,1,0,0,cc926fb8-553c-47bc-82e2-16b8e013a2ae,https://demo.invalid/places/9383a251-cbcd-48ff-a3a7-6cc85d70b7a2,1600,1600
20260723,1784824005000000,2026-07-23T16:26:45+00:00,page_view,detail_view,1.0,synthetic-user-005,synthetic-user-005-session-01,9383a251-cbcd-48ff-a3a7-6cc85d70b7a2,Four Seasons,Hotels,Hotels,1,0,0,cc926fb8-553c-47bc-82e2-16b8e013a2ae,https://demo.invalid/places/9383a251-cbcd-48ff-a3a7-6cc85d70b7a2,4200,4200
20260723,1784828220000000,2026-07-23T17:37:00+00:00,map-user-action,marker_click,1.5,synthetic-user-013,synthetic-user-013-session-02,6cf9b47c-e237-456a-876d-8ba9028bf56e,Chicago's North Shore,HOT SPOTS; Neighborhood Organizations,Neighborhood Organizations,2,1,0,,https://demo.invalid/places/6cf9b47c-e237-456a-876d-8ba9028bf56e,1600,1600
20260723,1784828265000000,2026-07-23T17:37:45+00:00,page_view,detail_view,1.0,synthetic-user-013,synthetic-user-013-session-02,6cf9b47c-e237-456a-876d-8ba9028bf56e,Chicago's North Shore,HOT SPOTS; Neighborhood Organizations,Neighborhood Organizations,2,1,0,,https://demo.invalid/places/6cf9b47c-e237-456a-876d-8ba9028bf56e,4200,4200
20260723,1784829300000000,2026-07-23T17:55:00+00:00,map-user-action,marker_click,1.5,synthetic-user-013,synthetic-user-013-session-02,ae9313a1-734d-4039-9ad3-61b627a9ab2b,Theater of the Mind,Theaters and Music Venues,Theaters and Music Venues,1,0,0,6cf9b47c-e237-456a-876d-8ba9028bf56e,https://demo.invalid/places/ae9313a1-734d-4039-9ad3-61b627a9ab2b,1600,1600
20260723,1784829345000000,2026-07-23T17:55:45+00:00,page_view,detail_view,1.0,synthetic-user-013,synthetic-user-013-session-02,ae9313a1-734d-4039-9ad3-61b627a9ab2b,Theater of the Mind,Theaters and Music Venues,Theaters and Music Venues,1,0,0,6cf9b47c-e237-456a-876d-8ba9028bf56e,https://demo.invalid/places/ae9313a1-734d-4039-9ad3-61b627a9ab2b,4200,4200
20260723,1784830380000000,2026-07-23T18:13:00+00:00,map-user-action,marker_click,1.5,synthetic-user-013,synthetic-user-013-session-02,9146e451-276b-4918-b301-7ae41e933810,Chicago Symphony Orchestra,HOT SPOTS; Theaters and Music Venues,Theaters and Music Venues,2,1,0,ae9313a1-734d-4039-9ad3-61b627a9ab2b,https://demo.invalid/places/9146e451-276b-4918-b301-7ae41e933810,1600,1600
20260723,1784830425000000,2026-07-23T18:13:45+00:00,page_view,detail_view,1.0,synthetic-user-013,synthetic-user-013-session-02,9146e451-276b-4918-b301-7ae41e933810,Chicago Symphony Orchestra,HOT SPOTS; Theaters and Music Venues,Theaters and Music Venues,2,1,0,ae9313a1-734d-4039-9ad3-61b627a9ab2b,https://demo.invalid/places/9146e451-276b-4918-b301-7ae41e933810,4200,4200
20260723,1784831460000000,2026-07-23T18:31:00+00:00,map-user-action,marker_click,1.5,synthetic-user-013,synthetic-user-013-session-02,04481351-3fde-49f7-b0ea-88c8cc71fe46,Nederlander Theatre,Theaters and Music Venues,Theaters and Music Venues,1,0,0,9146e451-276b-4918-b301-7ae41e933810,https://demo.invalid/places/04481351-3fde-49f7-b0ea-88c8cc71fe46,1600,1600
20260723,1784831505000000,2026-07-23T18:31:45+00:00,page_view,detail_view,1.0,synthetic-user-013,synthetic-user-013-session-02,04481351-3fde-49f7-b0ea-88c8cc71fe46,Nederlander Theatre,Theaters and Music Venues,Theaters and Music Venues,1,0,0,9146e451-276b-4918-b301-7ae41e933810,https://demo.invalid/places/04481351-3fde-49f7-b0ea-88c8cc71fe46,4200,4200
20260723,1784835720000000,2026-07-23T19:42:00+00:00,map-user-action,marker_click,1.5,synthetic-user-021,synthetic-user-021-session-03,083c9dad-5d4b-4b3c-8802-d601dd515dad,Garrett Popcorn Shops,HOT SPOTS; Shops,Shops,2,1,0,,https://demo.invalid/places/083c9dad-5d4b-4b3c-8802-d601dd515dad,1600,1600
20260723,1784835765000000,2026-07-23T19:42:45+00:00,page_view,detail_view,1.0,synthetic-user-021,synthetic-user-021-session-03,083c9dad-5d4b-4b3c-8802-d601dd515dad,Garrett Popcorn Shops,HOT SPOTS; Shops,Shops,2,1,0,,https://demo.invalid/places/083c9dad-5d4b-4b3c-8802-d601dd515dad,4200,4200
20260723,1784836800000000,2026-07-23T20:00:00+00:00,map-user-action,marker_click,1.5,synthetic-user-021,synthetic-user-021-session-03,a0d0c5ec-074e-4fb4-b112-9caee21d717a,Oak Street District,Neighborhood Organizations; Shops,Neighborhood Organizations,2,0,0,083c9dad-5d4b-4b3c-8802-d601dd515dad,https://demo.invalid/places/a0d0c5ec-074e-4fb4-b112-9caee21d717a,1600,1600
20260723,1784836845000000,2026-07-23T20:00:45+00:00,page_view,detail_view,1.0,synthetic-user-021,synthetic-user-021-session-03,a0d0c5ec-074e-4fb4-b112-9caee21d717a,Oak Street District,Neighborhood Organizations; Shops,Neighborhood Organizations,2,0,0,083c9dad-5d4b-4b3c-8802-d601dd515dad,https://demo.invalid/places/a0d0c5ec-074e-4fb4-b112-9caee21d717a,4200,4200
20260723,1784837880000000,2026-07-23T20:18:00+00:00,map-user-action,marker_click,1.5,synthetic-user-021,synthetic-user-021-session-03,58ee6c88-2f41-489a-9c6d-360c9315519d,Audrey,Hotels,Hotels,1,0,0,a0d0c5ec-074e-4fb4-b112-9caee21d717a,https://demo.invalid/places/58ee6c88-2f41-489a-9c6d-360c9315519d,1600,1600
20260723,1784837925000000,2026-07-23T20:18:45+00:00,page_view,detail_view,1.0,synthetic-user-021,synthetic-user-021-session-03,58ee6c88-2f41-489a-9c6d-360c9315519d,Audrey,Hotels,Hotels,1,0,0,a0d0c5ec-074e-4fb4-b112-9caee21d717a,https://demo.invalid/places/58ee6c88-2f41-489a-9c6d-360c9315519d,4200,4200
20260723,1784838960000000,2026-07-23T20:36:00+00:00,map-user-action,marker_click,1.5,synthetic-user-021,synthetic-user-021-session-03,363cebe0-f000-46b9-80ba-e3df5a748896,Fora,Attractions,Attractions,1,0,0,58ee6c88-2f41-489a-9c6d-360c9315519d,https://demo.invalid/places/363cebe0-f000-46b9-80ba-e3df5a748896,1600,1600
20260723,1784839005000000,2026-07-23T20:36:45+00:00,page_view,detail_view,1.0,synthetic-user-021,synthetic-user-021-session-03,363cebe0-f000-46b9-80ba-e3df5a748896,Fora,Attractions,Attractions,1,0,0,58ee6c88-2f41-489a-9c6d-360c9315519d,https://demo.invalid/places/363cebe0-f000-46b9-80ba-e3df5a748896,4200,4200
20260723,1784841180000000,2026-07-23T21:13:00+00:00,map-user-action,marker_click,1.5,synthetic-user-036,synthetic-user-036-session-01,e8ad5446-06db-4a1d-b2b9-7fb9fa316688,necessary & sufficient coffee,HOT SPOTS; Restaurants,Restaurants,2,1,0,,https://demo.invalid/places/e8ad5446-06db-4a1d-b2b9-7fb9fa316688,1600,1600
20260723,1784841225000000,2026-07-23T21:13:45+00:00,page_view,detail_view,1.0,synthetic-user-036,synthetic-user-036-session-01,e8ad5446-06db-4a1d-b2b9-7fb9fa316688,necessary & sufficient coffee,HOT SPOTS; Restaurants,Restaurants,2,1,0,,https://demo.invalid/places/e8ad5446-06db-4a1d-b2b9-7fb9fa316688,4200,4200
20260723,1784842260000000,2026-07-23T21:31:00+00:00,map-user-action,marker_click,1.5,synthetic-user-036,synthetic-user-036-session-01,538a2300-ab23-4f1e-bac8-591867e2eafa,Osteria del Pastaio,HOT SPOTS; Restaurants,Restaurants,2,1,0,e8ad5446-06db-4a1d-b2b9-7fb9fa316688,https://demo.invalid/places/538a2300-ab23-4f1e-bac8-591867e2eafa,1600,1600
20260723,1784842305000000,2026-07-23T21:31:45+00:00,page_view,detail_view,1.0,synthetic-user-036,synthetic-user-036-session-01,538a2300-ab23-4f1e-bac8-591867e2eafa,Osteria del Pastaio,HOT SPOTS; Restaurants,Restaurants,2,1,0,e8ad5446-06db-4a1d-b2b9-7fb9fa316688,https://demo.invalid/places/538a2300-ab23-4f1e-bac8-591867e2eafa,4200,4200
20260723,1784843340000000,2026-07-23T21:49:00+00:00,map-user-action,marker_click,1.5,synthetic-user-036,synthetic-user-036-session-01,9383a251-cbcd-48ff-a3a7-6cc85d70b7a2,Four Seasons,Hotels,Hotels,1,0,0,538a2300-ab23-4f1e-bac8-591867e2eafa,https://demo.invalid/places/9383a251-cbcd-48ff-a3a7-6cc85d70b7a2,1600,1600
20260723,1784843385000000,2026-07-23T21:49:45+00:00,page_view,detail_view,1.0,synthetic-user-036,synthetic-user-036-session-01,9383a251-cbcd-48ff-a3a7-6cc85d70b7a2,Four Seasons,Hotels,Hotels,1,0,0,538a2300-ab23-4f1e-bac8-591867e2eafa,https://demo.invalid/places/9383a251-cbcd-48ff-a3a7-6cc85d70b7a2,4200,4200
20260723,1784844420000000,2026-07-23T22:07:00+00:00,map-user-action,marker_click,1.5,synthetic-user-036,synthetic-user-036-session-01,497b3804-7683-47ce-b80b-918bba77d900,Legal Sea Foods,Restaurants,Restaurants,1,0,0,9383a251-cbcd-48ff-a3a7-6cc85d70b7a2,https://demo.invalid/places/497b3804-7683-47ce-b80b-918bba77d900,1600,1600
20260723,1784844465000000,2026-07-23T22:07:45+00:00,page_view,detail_view,1.0,synthetic-user-036,synthetic-user-036-session-01,497b3804-7683-47ce-b80b-918bba77d900,Legal Sea Foods,Restaurants,Restaurants,1,0,0,9383a251-cbcd-48ff-a3a7-6cc85d70b7a2,https://demo.invalid/places/497b3804-7683-47ce-b80b-918bba77d900,4200,4200
20260723,1784848680000000,2026-07-23T23:18:00+00:00,map-user-action,marker_click,1.5,synthetic-user-044,synthetic-user-044-session-02,da057913-9a02-4232-9a7d-c2ea84c453ef,The Old Post Office,Movie & TV Locations,Movie & TV Locations,1,0,0,,https://demo.invalid/places/da057913-9a02-4232-9a7d-c2ea84c453ef,1600,1600
20260723,1784848725000000,2026-07-23T23:18:45+00:00,page_view,detail_view,1.0,synthetic-user-044,synthetic-user-044-session-02,da057913-9a02-4232-9a7d-c2ea84c453ef,The Old Post Office,Movie & TV Locations,Movie & TV Locations,1,0,0,,https://demo.invalid/places/da057913-9a02-4232-9a7d-c2ea84c453ef,4200,4200
20260723,1784849760000000,2026-07-23T23:36:00+00:00,map-user-action,marker_click,1.5,synthetic-user-044,synthetic-user-044-session-02,bfb83e19-804b-456f-8edb-a722716ecee2,Grapes & Grains,Bars,Bars,1,0,0,da057913-9a02-4232-9a7d-c2ea84c453ef,https://demo.invalid/places/bfb83e19-804b-456f-8edb-a722716ecee2,1600,1600
20260723,1784849805000000,2026-07-23T23:36:45+00:00,page_view,detail_view,1.0,synthetic-user-044,synthetic-user-044-session-02,bfb83e19-804b-456f-8edb-a722716ecee2,Grapes & Grains,Bars,Bars,1,0,0,da057913-9a02-4232-9a7d-c2ea84c453ef,https://demo.invalid/places/bfb83e19-804b-456f-8edb-a722716ecee2,4200,4200
20260723,1784850840000000,2026-07-23T23:54:00+00:00,map-user-action,marker_click,1.5,synthetic-user-044,synthetic-user-044-session-02,493862ce-28cd-4fe3-99ec-ebc8911fa07c,Kasama,Movie & TV Locations; Restaurants,Movie & TV Locations,2,0,0,bfb83e19-804b-456f-8edb-a722716ecee2,https://demo.invalid/places/493862ce-28cd-4fe3-99ec-ebc8911fa07c,1600,1600
20260723,1784850885000000,2026-07-23T23:54:45+00:00,page_view,detail_view,1.0,synthetic-user-044,synthetic-user-044-session-02,493862ce-28cd-4fe3-99ec-ebc8911fa07c,Kasama,Movie & TV Locations; Restaurants,Movie & TV Locations,2,0,0,bfb83e19-804b-456f-8edb-a722716ecee2,https://demo.invalid/places/493862ce-28cd-4fe3-99ec-ebc8911fa07c,4200,4200
20260724,1784851920000000,2026-07-24T00:12:00+00:00,map-user-action,marker_click,1.5,synthetic-user-044,synthetic-user-044-session-02,fa33cd1d-9ae6-4f76-8774-6801edaff5b7,Publican Quality Meats,Movie & TV Locations; Restaurants,Movie & TV Locations,2,0,0,493862ce-28cd-4fe3-99ec-ebc8911fa07c,https://demo.invalid/places/fa33cd1d-9ae6-4f76-8774-6801edaff5b7,1600,1600
20260724,1784851965000000,2026-07-24T00:12:45+00:00,page_view,detail_view,1.0,synthetic-user-044,synthetic-user-044-session-02,fa33cd1d-9ae6-4f76-8774-6801edaff5b7,Publican Quality Meats,Movie & TV Locations; Restaurants,Movie & TV Locations,2,0,0,493862ce-28cd-4fe3-99ec-ebc8911fa07c,https://demo.invalid/places/fa33cd1d-9ae6-4f76-8774-6801edaff5b7,4200,4200
20260724,1784856180000000,2026-07-24T01:23:00+00:00,map-user-action,marker_click,1.5,synthetic-user-052,synthetic-user-052-session-03,cc926fb8-553c-47bc-82e2-16b8e013a2ae,Chicago Fire Department - Engine Co. 18,Movie & TV Locations,Movie & TV Locations,1,0,0,,https://demo.invalid/places/cc926fb8-553c-47bc-82e2-16b8e013a2ae,1600,1600
20260724,1784856225000000,2026-07-24T01:23:45+00:00,page_view,detail_view,1.0,synthetic-user-052,synthetic-user-052-session-03,cc926fb8-553c-47bc-82e2-16b8e013a2ae,Chicago Fire Department - Engine Co. 18,Movie & TV Locations,Movie & TV Locations,1,0,0,,https://demo.invalid/places/cc926fb8-553c-47bc-82e2-16b8e013a2ae,4200,4200
20260724,1784857260000000,2026-07-24T01:41:00+00:00,map-user-action,marker_click,1.5,synthetic-user-052,synthetic-user-052-session-03,502a1d5c-6f47-4307-a5b8-49fd24841a75,Big Bus Tours Stop 1: Chicago Riverwalk,Big Bus Tours Stops,Big Bus Tours Stops,1,0,0,cc926fb8-553c-47bc-82e2-16b8e013a2ae,https://demo.invalid/places/502a1d5c-6f47-4307-a5b8-49fd24841a75,1600,1600
20260724,1784857305000000,2026-07-24T01:41:45+00:00,page_view,detail_view,1.0,synthetic-user-052,synthetic-user-052-session-03,502a1d5c-6f47-4307-a5b8-49fd24841a75,Big Bus Tours Stop 1: Chicago Riverwalk,Big Bus Tours Stops,Big Bus Tours Stops,1,0,0,cc926fb8-553c-47bc-82e2-16b8e013a2ae,https://demo.invalid/places/502a1d5c-6f47-4307-a5b8-49fd24841a75,4200,4200
20260724,1784858340000000,2026-07-24T01:59:00+00:00,map-user-action,marker_click,1.5,synthetic-user-052,synthetic-user-052-session-03,04481351-3fde-49f7-b0ea-88c8cc71fe46,Nederlander Theatre,Theaters and Music Venues,Theaters and Music Venues,1,0,0,502a1d5c-6f47-4307-a5b8-49fd24841a75,https://demo.invalid/places/04481351-3fde-49f7-b0ea-88c8cc71fe46,1600,1600
20260724,1784858385000000,2026-07-24T01:59:45+00:00,page_view,detail_view,1.0,synthetic-user-052,synthetic-user-052-session-03,04481351-3fde-49f7-b0ea-88c8cc71fe46,Nederlander Theatre,Theaters and Music Venues,Theaters and Music Venues,1,0,0,502a1d5c-6f47-4307-a5b8-49fd24841a75,https://demo.invalid/places/04481351-3fde-49f7-b0ea-88c8cc71fe46,4200,4200
20260724,1784859420000000,2026-07-24T02:17:00+00:00,map-user-action,marker_click,1.5,synthetic-user-052,synthetic-user-052-session-03,087d51b9-f781-4806-aab3-8075785fa6a8,Aloft,Hotels,Hotels,1,0,0,04481351-3fde-49f7-b0ea-88c8cc71fe46,https://demo.invalid/places/087d51b9-f781-4806-aab3-8075785fa6a8,1600,1600
20260724,1784859465000000,2026-07-24T02:17:45+00:00,page_view,detail_view,1.0,synthetic-user-052,synthetic-user-052-session-03,087d51b9-f781-4806-aab3-8075785fa6a8,Aloft,Hotels,Hotels,1,0,0,04481351-3fde-49f7-b0ea-88c8cc71fe46,https://demo.invalid/places/087d51b9-f781-4806-aab3-8075785fa6a8,4200,4200
20260724,1784861640000000,2026-07-24T02:54:00+00:00,map-user-action,marker_click,1.5,synthetic-user-067,synthetic-user-067-session-01,002bef51-0b5d-4a9b-b04b-818a9cd9d1fc,Kingston Mines,HOT SPOTS; Bars; Theaters and Music Venues,Bars,3,1,0,,https://demo.invalid/places/002bef51-0b5d-4a9b-b04b-818a9cd9d1fc,1600,1600
20260724,1784861685000000,2026-07-24T02:54:45+00:00,page_view,detail_view,1.0,synthetic-user-067,synthetic-user-067-session-01,002bef51-0b5d-4a9b-b04b-818a9cd9d1fc,Kingston Mines,HOT SPOTS; Bars; Theaters and Music Venues,Bars,3,1,0,,https://demo.invalid/places/002bef51-0b5d-4a9b-b04b-818a9cd9d1fc,4200,4200
20260724,1784862720000000,2026-07-24T03:12:00+00:00,map-user-action,marker_click,1.5,synthetic-user-067,synthetic-user-067-session-01,f9f32a6a-8280-4658-b26f-1591f7552f5c,"HI Chicago, the J. Ira and Nicki Harris Family Hostel",Hotels,Hotels,1,0,0,002bef51-0b5d-4a9b-b04b-818a9cd9d1fc,https://demo.invalid/places/f9f32a6a-8280-4658-b26f-1591f7552f5c,1600,1600
20260724,1784862765000000,2026-07-24T03:12:45+00:00,page_view,detail_view,1.0,synthetic-user-067,synthetic-user-067-session-01,f9f32a6a-8280-4658-b26f-1591f7552f5c,"HI Chicago, the J. Ira and Nicki Harris Family Hostel",Hotels,Hotels,1,0,0,002bef51-0b5d-4a9b-b04b-818a9cd9d1fc,https://demo.invalid/places/f9f32a6a-8280-4658-b26f-1591f7552f5c,4200,4200
20260724,1784863800000000,2026-07-24T03:30:00+00:00,map-user-action,marker_click,1.5,synthetic-user-067,synthetic-user-067-session-01,f021d1b7-2530-4f66-a737-b696f1b80d0a,Auditorium Theatre,Theaters and Music Venues,Theaters and Music Venues,1,0,0,f9f32a6a-8280-4658-b26f-1591f7552f5c,https://demo.invalid/places/f021d1b7-2530-4f66-a737-b696f1b80d0a,1600,1600
20260724,1784863845000000,2026-07-24T03:30:45+00:00,page_view,detail_view,1.0,synthetic-user-067,synthetic-user-067-session-01,f021d1b7-2530-4f66-a737-b696f1b80d0a,Auditorium Theatre,Theaters and Music Venues,Theaters and Music Venues,1,0,0,f9f32a6a-8280-4658-b26f-1591f7552f5c,https://demo.invalid/places/f021d1b7-2530-4f66-a737-b696f1b80d0a,4200,4200
20260724,1784864880000000,2026-07-24T03:48:00+00:00,map-user-action,marker_click,1.5,synthetic-user-067,synthetic-user-067-session-01,4c25e6f0-230a-4ea9-99c0-8ac30a809d4f,Courtyard by Marriott Chicago at Medical District/UIC,Hotels,Hotels,1,0,0,f021d1b7-2530-4f66-a737-b696f1b80d0a,https://demo.invalid/places/4c25e6f0-230a-4ea9-99c0-8ac30a809d4f,1600,1600
20260724,1784864925000000,2026-07-24T03:48:45+00:00,page_view,detail_view,1.0,synthetic-user-067,synthetic-user-067-session-01,4c25e6f0-230a-4ea9-99c0-8ac30a809d4f,Courtyard by Marriott Chicago at Medical District/UIC,Hotels,Hotels,1,0,0,f021d1b7-2530-4f66-a737-b696f1b80d0a,https://demo.invalid/places/4c25e6f0-230a-4ea9-99c0-8ac30a809d4f,4200,4200
20260724,1784869140000000,2026-07-24T04:59:00+00:00,map-user-action,marker_click,1.5,synthetic-user-075,synthetic-user-075-session-02,a3cfdda6-ce51-4d35-83f3-ac6dd89485a9,Bloomingdale's,Shops,Shops,1,0,0,,https://demo.invalid/places/a3cfdda6-ce51-4d35-83f3-ac6dd89485a9,1600,1600
20260724,1784869185000000,2026-07-24T04:59:45+00:00,page_view,detail_view,1.0,synthetic-user-075,synthetic-user-075-session-02,a3cfdda6-ce51-4d35-83f3-ac6dd89485a9,Bloomingdale's,Shops,Shops,1,0,0,,https://demo.invalid/places/a3cfdda6-ce51-4d35-83f3-ac6dd89485a9,4200,4200
20260724,1784870220000000,2026-07-24T05:17:00+00:00,map-user-action,marker_click,1.5,synthetic-user-075,synthetic-user-075-session-02,08bb71a2-85d5-40c4-be63-8836184d0b66,Cone Gourmet Ice Cream,Restaurants,Restaurants,1,0,0,a3cfdda6-ce51-4d35-83f3-ac6dd89485a9,https://demo.invalid/places/08bb71a2-85d5-40c4-be63-8836184d0b66,1600,1600
20260724,1784870265000000,2026-07-24T05:17:45+00:00,page_view,detail_view,1.0,synthetic-user-075,synthetic-user-075-session-02,08bb71a2-85d5-40c4-be63-8836184d0b66,Cone Gourmet Ice Cream,Restaurants,Restaurants,1,0,0,a3cfdda6-ce51-4d35-83f3-ac6dd89485a9,https://demo.invalid/places/08bb71a2-85d5-40c4-be63-8836184d0b66,4200,4200
20260724,1784871300000000,2026-07-24T05:35:00+00:00,map-user-action,marker_click,1.5,synthetic-user-075,synthetic-user-075-session-02,4e0f0984-f108-4933-970b-c69ea1477f4f,Saigon Sisters,Restaurants,Restaurants,1,0,0,08bb71a2-85d5-40c4-be63-8836184d0b66,https://demo.invalid/places/4e0f0984-f108-4933-970b-c69ea1477f4f,1600,1600
20260724,1784871345000000,2026-07-24T05:35:45+00:00,page_view,detail_view,1.0,synthetic-user-075,synthetic-user-075-session-02,4e0f0984-f108-4933-970b-c69ea1477f4f,Saigon Sisters,Restaurants,Restaurants,1,0,0,08bb71a2-85d5-40c4-be63-8836184d0b66,https://demo.invalid/places/4e0f0984-f108-4933-970b-c69ea1477f4f,4200,4200
20260724,1784872380000000,2026-07-24T05:53:00+00:00,map-user-action,marker_click,1.5,synthetic-user-075,synthetic-user-075-session-02,ceeb4b63-3053-430f-9620-18e686ba3030,Yolk - Marina City,HOT SPOTS; Restaurants,Restaurants,2,1,0,4e0f0984-f108-4933-970b-c69ea1477f4f,https://demo.invalid/places/ceeb4b63-3053-430f-9620-18e686ba3030,1600,1600
20260724,1784872425000000,2026-07-24T05:53:45+00:00,page_view,detail_view,1.0,synthetic-user-075,synthetic-user-075-session-02,ceeb4b63-3053-430f-9620-18e686ba3030,Yolk - Marina City,HOT SPOTS; Restaurants,Restaurants,2,1,0,4e0f0984-f108-4933-970b-c69ea1477f4f,https://demo.invalid/places/ceeb4b63-3053-430f-9620-18e686ba3030,4200,4200
20260724,1784908020000000,2026-07-24T15:47:00+00:00,map-user-action,marker_click,1.5,synthetic-user-003,synthetic-user-003-session-02,73cd3c5e-f16f-432a-9e52-9f323843a227,Big Bus Tours Stop 3: Millennium Park & The Art Institute of Chicago,Big Bus Tours Stops,Big Bus Tours Stops,1,0,0,,https://demo.invalid/places/73cd3c5e-f16f-432a-9e52-9f323843a227,1600,1600
20260724,1784908065000000,2026-07-24T15:47:45+00:00,page_view,detail_view,1.0,synthetic-user-003,synthetic-user-003-session-02,73cd3c5e-f16f-432a-9e52-9f323843a227,Big Bus Tours Stop 3: Millennium Park & The Art Institute of Chicago,Big Bus Tours Stops,Big Bus Tours Stops,1,0,0,,https://demo.invalid/places/73cd3c5e-f16f-432a-9e52-9f323843a227,4200,4200
20260724,1784909100000000,2026-07-24T16:05:00+00:00,map-user-action,marker_click,1.5,synthetic-user-003,synthetic-user-003-session-02,502a1d5c-6f47-4307-a5b8-49fd24841a75,Big Bus Tours Stop 1: Chicago Riverwalk,Big Bus Tours Stops,Big Bus Tours Stops,1,0,0,73cd3c5e-f16f-432a-9e52-9f323843a227,https://demo.invalid/places/502a1d5c-6f47-4307-a5b8-49fd24841a75,1600,1600
20260724,1784909145000000,2026-07-24T16:05:45+00:00,page_view,detail_view,1.0,synthetic-user-003,synthetic-user-003-session-02,502a1d5c-6f47-4307-a5b8-49fd24841a75,Big Bus Tours Stop 1: Chicago Riverwalk,Big Bus Tours Stops,Big Bus Tours Stops,1,0,0,73cd3c5e-f16f-432a-9e52-9f323843a227,https://demo.invalid/places/502a1d5c-6f47-4307-a5b8-49fd24841a75,4200,4200
20260724,1784910180000000,2026-07-24T16:23:00+00:00,map-user-action,marker_click,1.5,synthetic-user-003,synthetic-user-003-session-02,d0c80aac-6895-4f2d-b1f1-ce4d653cd253,Big Bus Tours Stop 9: Water Tower & The Magnificent Mile,Big Bus Tours Stops,Big Bus Tours Stops,1,0,0,502a1d5c-6f47-4307-a5b8-49fd24841a75,https://demo.invalid/places/d0c80aac-6895-4f2d-b1f1-ce4d653cd253,1600,1600
20260724,1784910225000000,2026-07-24T16:23:45+00:00,page_view,detail_view,1.0,synthetic-user-003,synthetic-user-003-session-02,d0c80aac-6895-4f2d-b1f1-ce4d653cd253,Big Bus Tours Stop 9: Water Tower & The Magnificent Mile,Big Bus Tours Stops,Big Bus Tours Stops,1,0,0,502a1d5c-6f47-4307-a5b8-49fd24841a75,https://demo.invalid/places/d0c80aac-6895-4f2d-b1f1-ce4d653cd253,4200,4200
20260724,1784911260000000,2026-07-24T16:41:00+00:00,map-user-action,marker_click,1.5,synthetic-user-003,synthetic-user-003-session-02,3b8694ae-ef47-42dc-844d-f21f321a33af,Big Bus Tours Stop 6: Museum Campus,Big Bus Tours Stops,Big Bus Tours Stops,1,0,0,d0c80aac-6895-4f2d-b1f1-ce4d653cd253,https://demo.invalid/places/3b8694ae-ef47-42dc-844d-f21f321a33af,1600,1600
20260724,1784911305000000,2026-07-24T16:41:45+00:00,page_view,detail_view,1.0,synthetic-user-003,synthetic-user-003-session-02,3b8694ae-ef47-42dc-844d-f21f321a33af,Big Bus Tours Stop 6: Museum Campus,Big Bus Tours Stops,Big Bus Tours Stops,1,0,0,d0c80aac-6895-4f2d-b1f1-ce4d653cd253,https://demo.invalid/places/3b8694ae-ef47-42dc-844d-f21f321a33af,4200,4200
20260724,1784915520000000,2026-07-24T17:52:00+00:00,map-user-action,marker_click,1.5,synthetic-user-011,synthetic-user-011-session-03,e3f77f69-0255-466c-92d4-75dd9be82330,900 N. Michigan Shops,Shops,Shops,1,0,0,,https://demo.invalid/places/e3f77f69-0255-466c-92d4-75dd9be82330,1600,1600
20260724,1784915565000000,2026-07-24T17:52:45+00:00,page_view,detail_view,1.0,synthetic-user-011,synthetic-user-011-session-03,e3f77f69-0255-466c-92d4-75dd9be82330,900 N. Michigan Shops,Shops,Shops,1,0,0,,https://demo.invalid/places/e3f77f69-0255-466c-92d4-75dd9be82330,4200,4200
20260724,1784916600000000,2026-07-24T18:10:00+00:00,map-user-action,marker_click,1.5,synthetic-user-011,synthetic-user-011-session-03,b9e02a40-1389-431c-bc6c-ead789abf090,Nordstrom Rack,Shops,Shops,1,0,0,e3f77f69-0255-466c-92d4-75dd9be82330,https://demo.invalid/places/b9e02a40-1389-431c-bc6c-ead789abf090,1600,1600
20260724,1784916645000000,2026-07-24T18:10:45+00:00,page_view,detail_view,1.0,synthetic-user-011,synthetic-user-011-session-03,b9e02a40-1389-431c-bc6c-ead789abf090,Nordstrom Rack,Shops,Shops,1,0,0,e3f77f69-0255-466c-92d4-75dd9be82330,https://demo.invalid/places/b9e02a40-1389-431c-bc6c-ead789abf090,4200,4200
20260724,1784917680000000,2026-07-24T18:28:00+00:00,map-user-action,marker_click,1.5,synthetic-user-011,synthetic-user-011-session-03,20afa61a-69d3-4a31-a37a-4068108a7832,Garrett Popcorn Shops,HOT SPOTS; Shops,Shops,2,1,0,b9e02a40-1389-431c-bc6c-ead789abf090,https://demo.invalid/places/20afa61a-69d3-4a31-a37a-4068108a7832,1600,1600
20260724,1784917725000000,2026-07-24T18:28:45+00:00,page_view,detail_view,1.0,synthetic-user-011,synthetic-user-011-session-03,20afa61a-69d3-4a31-a37a-4068108a7832,Garrett Popcorn Shops,HOT SPOTS; Shops,Shops,2,1,0,b9e02a40-1389-431c-bc6c-ead789abf090,https://demo.invalid/places/20afa61a-69d3-4a31-a37a-4068108a7832,4200,4200
20260724,1784918760000000,2026-07-24T18:46:00+00:00,map-user-action,marker_click,1.5,synthetic-user-011,synthetic-user-011-session-03,b30e7e7a-9999-4a0b-91d5-d2035a4ebe93,Fashion Outlets of Chicago,HOT SPOTS; Shops,Shops,2,1,0,20afa61a-69d3-4a31-a37a-4068108a7832,https://demo.invalid/places/b30e7e7a-9999-4a0b-91d5-d2035a4ebe93,1600,1600
20260724,1784918805000000,2026-07-24T18:46:45+00:00,page_view,detail_view,1.0,synthetic-user-011,synthetic-user-011-session-03,b30e7e7a-9999-4a0b-91d5-d2035a4ebe93,Fashion Outlets of Chicago,HOT SPOTS; Shops,Shops,2,1,0,20afa61a-69d3-4a31-a37a-4068108a7832,https://demo.invalid/places/b30e7e7a-9999-4a0b-91d5-d2035a4ebe93,4200,4200
20260724,1784920980000000,2026-07-24T19:23:00+00:00,map-user-action,marker_click,1.5,synthetic-user-026,synthetic-user-026-session-01,69466b09-ac7c-4b96-b83e-11c91756b7f6,Goodman Theater Center,Theaters and Music Venues,Theaters and Music Venues,1,0,0,,https://demo.invalid/places/69466b09-ac7c-4b96-b83e-11c91756b7f6,1600,1600
20260724,1784921025000000,2026-07-24T19:23:45+00:00,page_view,detail_view,1.0,synthetic-user-026,synthetic-user-026-session-01,69466b09-ac7c-4b96-b83e-11c91756b7f6,Goodman Theater Center,Theaters and Music Venues,Theaters and Music Venues,1,0,0,,https://demo.invalid/places/69466b09-ac7c-4b96-b83e-11c91756b7f6,4200,4200
20260724,1784922060000000,2026-07-24T19:41:00+00:00,map-user-action,marker_click,1.5,synthetic-user-026,synthetic-user-026-session-01,3b97f91d-0aae-4060-a574-04bcb09f5357,CIBC Theatre,Theaters and Music Venues,Theaters and Music Venues,1,0,0,69466b09-ac7c-4b96-b83e-11c91756b7f6,https://demo.invalid/places/3b97f91d-0aae-4060-a574-04bcb09f5357,1600,1600
20260724,1784922105000000,2026-07-24T19:41:45+00:00,page_view,detail_view,1.0,synthetic-user-026,synthetic-user-026-session-01,3b97f91d-0aae-4060-a574-04bcb09f5357,CIBC Theatre,Theaters and Music Venues,Theaters and Music Venues,1,0,0,69466b09-ac7c-4b96-b83e-11c91756b7f6,https://demo.invalid/places/3b97f91d-0aae-4060-a574-04bcb09f5357,4200,4200
20260724,1784923140000000,2026-07-24T19:59:00+00:00,map-user-action,marker_click,1.5,synthetic-user-026,synthetic-user-026-session-01,6b45568d-789c-4c66-b9ce-43ee7a6c1d31,Blackstone,Hotels,Hotels,1,0,0,3b97f91d-0aae-4060-a574-04bcb09f5357,https://demo.invalid/places/6b45568d-789c-4c66-b9ce-43ee7a6c1d31,1600,1600
20260724,1784923185000000,2026-07-24T19:59:45+00:00,page_view,detail_view,1.0,synthetic-user-026,synthetic-user-026-session-01,6b45568d-789c-4c66-b9ce-43ee7a6c1d31,Blackstone,Hotels,Hotels,1,0,0,3b97f91d-0aae-4060-a574-04bcb09f5357,https://demo.invalid/places/6b45568d-789c-4c66-b9ce-43ee7a6c1d31,4200,4200
20260724,1784924220000000,2026-07-24T20:17:00+00:00,map-user-action,marker_click,1.5,synthetic-user-026,synthetic-user-026-session-01,27509459-167a-4013-97c9-32c9330b6b39,Club Quarters,Hotels,Hotels,1,0,0,6b45568d-789c-4c66-b9ce-43ee7a6c1d31,https://demo.invalid/places/27509459-167a-4013-97c9-32c9330b6b39,1600,1600
20260724,1784924265000000,2026-07-24T20:17:45+00:00,page_view,detail_view,1.0,synthetic-user-026,synthetic-user-026-session-01,27509459-167a-4013-97c9-32c9330b6b39,Club Quarters,Hotels,Hotels,1,0,0,6b45568d-789c-4c66-b9ce-43ee7a6c1d31,https://demo.invalid/places/27509459-167a-4013-97c9-32c9330b6b39,4200,4200
20260724,1784928480000000,2026-07-24T21:28:00+00:00,map-user-action,marker_click,1.5,synthetic-user-034,synthetic-user-034-session-02,6cf9b47c-e237-456a-876d-8ba9028bf56e,Chicago's North Shore,HOT SPOTS; Neighborhood Organizations,Neighborhood Organizations,2,1,0,,https://demo.invalid/places/6cf9b47c-e237-456a-876d-8ba9028bf56e,1600,1600
20260724,1784928525000000,2026-07-24T21:28:45+00:00,page_view,detail_view,1.0,synthetic-user-034,synthetic-user-034-session-02,6cf9b47c-e237-456a-876d-8ba9028bf56e,Chicago's North Shore,HOT SPOTS; Neighborhood Organizations,Neighborhood Organizations,2,1,0,,https://demo.invalid/places/6cf9b47c-e237-456a-876d-8ba9028bf56e,4200,4200
20260724,1784929560000000,2026-07-24T21:46:00+00:00,map-user-action,marker_click,1.5,synthetic-user-034,synthetic-user-034-session-02,3fd80f7d-ab09-4088-9796-9571a14a7926,Clark Street in Lincoln Park,HOT SPOTS; Neighborhood Organizations,Neighborhood Organizations,2,1,0,6cf9b47c-e237-456a-876d-8ba9028bf56e,https://demo.invalid/places/3fd80f7d-ab09-4088-9796-9571a14a7926,1600,1600
20260724,1784929605000000,2026-07-24T21:46:45+00:00,page_view,detail_view,1.0,synthetic-user-034,synthetic-user-034-session-02,3fd80f7d-ab09-4088-9796-9571a14a7926,Clark Street in Lincoln Park,HOT SPOTS; Neighborhood Organizations,Neighborhood Organizations,2,1,0,6cf9b47c-e237-456a-876d-8ba9028bf56e,https://demo.invalid/places/3fd80f7d-ab09-4088-9796-9571a14a7926,4200,4200
20260724,1784930640000000,2026-07-24T22:04:00+00:00,map-user-action,marker_click,1.5,synthetic-user-034,synthetic-user-034-session-02,a0d0c5ec-074e-4fb4-b112-9caee21d717a,Oak Street District,Neighborhood Organizations; Shops,Neighborhood Organizations,2,0,0,3fd80f7d-ab09-4088-9796-9571a14a7926,https://demo.invalid/places/a0d0c5ec-074e-4fb4-b112-9caee21d717a,1600,1600
20260724,1784930685000000,2026-07-24T22:04:45+00:00,page_view,detail_view,1.0,synthetic-user-034,synthetic-user-034-session-02,a0d0c5ec-074e-4fb4-b112-9caee21d717a,Oak Street District,Neighborhood Organizations; Shops,Neighborhood Organizations,2,0,0,3fd80f7d-ab09-4088-9796-9571a14a7926,https://demo.invalid/places/a0d0c5ec-074e-4fb4-b112-9caee21d717a,4200,4200
20260724,1784931720000000,2026-07-24T22:22:00+00:00,map-user-action,marker_click,1.5,synthetic-user-034,synthetic-user-034-session-02,08bb71a2-85d5-40c4-be63-8836184d0b66,Cone Gourmet Ice Cream,Restaurants,Restaurants,1,0,0,a0d0c5ec-074e-4fb4-b112-9caee21d717a,https://demo.invalid/places/08bb71a2-85d5-40c4-be63-8836184d0b66,1600,1600
20260724,1784931765000000,2026-07-24T22:22:45+00:00,page_view,detail_view,1.0,synthetic-user-034,synthetic-user-034-session-02,08bb71a2-85d5-40c4-be63-8836184d0b66,Cone Gourmet Ice Cream,Restaurants,Restaurants,1,0,0,a0d0c5ec-074e-4fb4-b112-9caee21d717a,https://demo.invalid/places/08bb71a2-85d5-40c4-be63-8836184d0b66,4200,4200
20260724,1784935980000000,2026-07-24T23:33:00+00:00,map-user-action,marker_click,1.5,synthetic-user-042,synthetic-user-042-session-03,3b8694ae-ef47-42dc-844d-f21f321a33af,Big Bus Tours Stop 6: Museum Campus,Big Bus Tours Stops,Big Bus Tours Stops,1,0,0,,https://demo.invalid/places/3b8694ae-ef47-42dc-844d-f21f321a33af,1600,1600
20260724,1784936025000000,2026-07-24T23:33:45+00:00,page_view,detail_view,1.0,synthetic-user-042,synthetic-user-042-session-03,3b8694ae-ef47-42dc-844d-f21f321a33af,Big Bus Tours Stop 6: Museum Campus,Big Bus Tours Stops,Big Bus Tours Stops,1,0,0,,https://demo.invalid/places/3b8694ae-ef47-42dc-844d-f21f321a33af,4200,4200
20260724,1784937060000000,2026-07-24T23:51:00+00:00,map-user-action,marker_click,1.5,synthetic-user-042,synthetic-user-042-session-03,d0c80aac-6895-4f2d-b1f1-ce4d653cd253,Big Bus Tours Stop 9: Water Tower & The Magnificent Mile,Big Bus Tours Stops,Big Bus Tours Stops,1,0,0,3b8694ae-ef47-42dc-844d-f21f321a33af,https://demo.invalid/places/d0c80aac-6895-4f2d-b1f1-ce4d653cd253,1600,1600
20260724,1784937105000000,2026-07-24T23:51:45+00:00,page_view,detail_view,1.0,synthetic-user-042,synthetic-user-042-session-03,d0c80aac-6895-4f2d-b1f1-ce4d653cd253,Big Bus Tours Stop 9: Water Tower & The Magnificent Mile,Big Bus Tours Stops,Big Bus Tours Stops,1,0,0,3b8694ae-ef47-42dc-844d-f21f321a33af,https://demo.invalid/places/d0c80aac-6895-4f2d-b1f1-ce4d653cd253,4200,4200
20260725,1784938140000000,2026-07-25T00:09:00+00:00,map-user-action,marker_click,1.5,synthetic-user-042,synthetic-user-042-session-03,0ca4aa52-726e-4bcd-bd91-754da82c23ba,Big Bus Tours Stop 8: Navy Pier,Big Bus Tours Stops,Big Bus Tours Stops,1,0,0,d0c80aac-6895-4f2d-b1f1-ce4d653cd253,https://demo.invalid/places/0ca4aa52-726e-4bcd-bd91-754da82c23ba,1600,1600
20260725,1784938185000000,2026-07-25T00:09:45+00:00,page_view,detail_view,1.0,synthetic-user-042,synthetic-user-042-session-03,0ca4aa52-726e-4bcd-bd91-754da82c23ba,Big Bus Tours Stop 8: Navy Pier,Big Bus Tours Stops,Big Bus Tours Stops,1,0,0,d0c80aac-6895-4f2d-b1f1-ce4d653cd253,https://demo.invalid/places/0ca4aa52-726e-4bcd-bd91-754da82c23ba,4200,4200
20260725,1784939220000000,2026-07-25T00:27:00+00:00,map-user-action,marker_click,1.5,synthetic-user-042,synthetic-user-042-session-03,5b6e548e-d108-4995-9f1a-4ad228819e21,Geja's Cafe,HOT SPOTS; Restaurants,Restaurants,2,1,0,0ca4aa52-726e-4bcd-bd91-754da82c23ba,https://demo.invalid/places/5b6e548e-d108-4995-9f1a-4ad228819e21,1600,1600
20260725,1784939265000000,2026-07-25T00:27:45+00:00,page_view,detail_view,1.0,synthetic-user-042,synthetic-user-042-session-03,5b6e548e-d108-4995-9f1a-4ad228819e21,Geja's Cafe,HOT SPOTS; Restaurants,Restaurants,2,1,0,0ca4aa52-726e-4bcd-bd91-754da82c23ba,https://demo.invalid/places/5b6e548e-d108-4995-9f1a-4ad228819e21,4200,4200
20260725,1784941440000000,2026-07-25T01:04:00+00:00,map-user-action,marker_click,1.5,synthetic-user-057,synthetic-user-057-session-01,da057913-9a02-4232-9a7d-c2ea84c453ef,The Old Post Office,Movie & TV Locations,Movie & TV Locations,1,0,0,,https://demo.invalid/places/da057913-9a02-4232-9a7d-c2ea84c453ef,1600,1600
20260725,1784941485000000,2026-07-25T01:04:45+00:00,page_view,detail_view,1.0,synthetic-user-057,synthetic-user-057-session-01,da057913-9a02-4232-9a7d-c2ea84c453ef,The Old Post Office,Movie & TV Locations,Movie & TV Locations,1,0,0,,https://demo.invalid/places/da057913-9a02-4232-9a7d-c2ea84c453ef,4200,4200
20260725,1784942520000000,2026-07-25T01:22:00+00:00,map-user-action,marker_click,1.5,synthetic-user-057,synthetic-user-057-session-01,493862ce-28cd-4fe3-99ec-ebc8911fa07c,Kasama,Movie & TV Locations; Restaurants,Movie & TV Locations,2,0,0,da057913-9a02-4232-9a7d-c2ea84c453ef,https://demo.invalid/places/493862ce-28cd-4fe3-99ec-ebc8911fa07c,1600,1600
20260725,1784942565000000,2026-07-25T01:22:45+00:00,page_view,detail_view,1.0,synthetic-user-057,synthetic-user-057-session-01,493862ce-28cd-4fe3-99ec-ebc8911fa07c,Kasama,Movie & TV Locations; Restaurants,Movie & TV Locations,2,0,0,da057913-9a02-4232-9a7d-c2ea84c453ef,https://demo.invalid/places/493862ce-28cd-4fe3-99ec-ebc8911fa07c,4200,4200
20260725,1784943600000000,2026-07-25T01:40:00+00:00,map-user-action,marker_click,1.5,synthetic-user-057,synthetic-user-057-session-01,7c3b8e81-125d-4e29-8540-b9f6c9b5214a,Union Station,Movie & TV Locations,Movie & TV Locations,1,0,0,493862ce-28cd-4fe3-99ec-ebc8911fa07c,https://demo.invalid/places/7c3b8e81-125d-4e29-8540-b9f6c9b5214a,1600,1600
20260725,1784943645000000,2026-07-25T01:40:45+00:00,page_view,detail_view,1.0,synthetic-user-057,synthetic-user-057-session-01,7c3b8e81-125d-4e29-8540-b9f6c9b5214a,Union Station,Movie & TV Locations,Movie & TV Locations,1,0,0,493862ce-28cd-4fe3-99ec-ebc8911fa07c,https://demo.invalid/places/7c3b8e81-125d-4e29-8540-b9f6c9b5214a,4200,4200
20260725,1784944680000000,2026-07-25T01:58:00+00:00,map-user-action,marker_click,1.5,synthetic-user-057,synthetic-user-057-session-01,5403e57a-fb4b-4d5a-8aa8-80cc0f431167,Hampton Inn Chicago Downtown West Loop,Hotels,Hotels,1,0,0,7c3b8e81-125d-4e29-8540-b9f6c9b5214a,https://demo.invalid/places/5403e57a-fb4b-4d5a-8aa8-80cc0f431167,1600,1600
20260725,1784944725000000,2026-07-25T01:58:45+00:00,page_view,detail_view,1.0,synthetic-user-057,synthetic-user-057-session-01,5403e57a-fb4b-4d5a-8aa8-80cc0f431167,Hampton Inn Chicago Downtown West Loop,Hotels,Hotels,1,0,0,7c3b8e81-125d-4e29-8540-b9f6c9b5214a,https://demo.invalid/places/5403e57a-fb4b-4d5a-8aa8-80cc0f431167,4200,4200
20260725,1784948940000000,2026-07-25T03:09:00+00:00,map-user-action,marker_click,1.5,synthetic-user-065,synthetic-user-065-session-02,3b97f91d-0aae-4060-a574-04bcb09f5357,CIBC Theatre,Theaters and Music Venues,Theaters and Music Venues,1,0,0,,https://demo.invalid/places/3b97f91d-0aae-4060-a574-04bcb09f5357,1600,1600
20260725,1784948985000000,2026-07-25T03:09:45+00:00,page_view,detail_view,1.0,synthetic-user-065,synthetic-user-065-session-02,3b97f91d-0aae-4060-a574-04bcb09f5357,CIBC Theatre,Theaters and Music Venues,Theaters and Music Venues,1,0,0,,https://demo.invalid/places/3b97f91d-0aae-4060-a574-04bcb09f5357,4200,4200
20260725,1784950020000000,2026-07-25T03:27:00+00:00,map-user-action,marker_click,1.5,synthetic-user-065,synthetic-user-065-session-02,69466b09-ac7c-4b96-b83e-11c91756b7f6,Goodman Theater Center,Theaters and Music Venues,Theaters and Music Venues,1,0,0,3b97f91d-0aae-4060-a574-04bcb09f5357,https://demo.invalid/places/69466b09-ac7c-4b96-b83e-11c91756b7f6,1600,1600
20260725,1784950065000000,2026-07-25T03:27:45+00:00,page_view,detail_view,1.0,synthetic-user-065,synthetic-user-065-session-02,69466b09-ac7c-4b96-b83e-11c91756b7f6,Goodman Theater Center,Theaters and Music Venues,Theaters and Music Venues,1,0,0,3b97f91d-0aae-4060-a574-04bcb09f5357,https://demo.invalid/places/69466b09-ac7c-4b96-b83e-11c91756b7f6,4200,4200
20260725,1784951100000000,2026-07-25T03:45:00+00:00,map-user-action,marker_click,1.5,synthetic-user-065,synthetic-user-065-session-02,ff40b238-44f5-4584-97b5-7ed9b05f840a,Broadway Playhouse,Theaters and Music Venues,Theaters and Music Venues,1,0,0,69466b09-ac7c-4b96-b83e-11c91756b7f6,https://demo.invalid/places/ff40b238-44f5-4584-97b5-7ed9b05f840a,1600,1600
20260725,1784951145000000,2026-07-25T03:45:45+00:00,page_view,detail_view,1.0,synthetic-user-065,synthetic-user-065-session-02,ff40b238-44f5-4584-97b5-7ed9b05f840a,Broadway Playhouse,Theaters and Music Venues,Theaters and Music Venues,1,0,0,69466b09-ac7c-4b96-b83e-11c91756b7f6,https://demo.invalid/places/ff40b238-44f5-4584-97b5-7ed9b05f840a,4200,4200
20260725,1784952180000000,2026-07-25T04:03:00+00:00,map-user-action,marker_click,1.5,synthetic-user-065,synthetic-user-065-session-02,f021d1b7-2530-4f66-a737-b696f1b80d0a,Auditorium Theatre,Theaters and Music Venues,Theaters and Music Venues,1,0,0,ff40b238-44f5-4584-97b5-7ed9b05f840a,https://demo.invalid/places/f021d1b7-2530-4f66-a737-b696f1b80d0a,1600,1600
20260725,1784952225000000,2026-07-25T04:03:45+00:00,page_view,detail_view,1.0,synthetic-user-065,synthetic-user-065-session-02,f021d1b7-2530-4f66-a737-b696f1b80d0a,Auditorium Theatre,Theaters and Music Venues,Theaters and Music Venues,1,0,0,ff40b238-44f5-4584-97b5-7ed9b05f840a,https://demo.invalid/places/f021d1b7-2530-4f66-a737-b696f1b80d0a,4200,4200
20260725,1784956440000000,2026-07-25T05:14:00+00:00,map-user-action,marker_click,1.5,synthetic-user-073,synthetic-user-073-session-03,a0d0c5ec-074e-4fb4-b112-9caee21d717a,Oak Street District,Neighborhood Organizations; Shops,Neighborhood Organizations,2,0,0,,https://demo.invalid/places/a0d0c5ec-074e-4fb4-b112-9caee21d717a,1600,1600
20260725,1784956485000000,2026-07-25T05:14:45+00:00,page_view,detail_view,1.0,synthetic-user-073,synthetic-user-073-session-03,a0d0c5ec-074e-4fb4-b112-9caee21d717a,Oak Street District,Neighborhood Organizations; Shops,Neighborhood Organizations,2,0,0,,https://demo.invalid/places/a0d0c5ec-074e-4fb4-b112-9caee21d717a,4200,4200
20260725,1784957520000000,2026-07-25T05:32:00+00:00,map-user-action,marker_click,1.5,synthetic-user-073,synthetic-user-073-session-03,3f8aed41-a707-4454-b61b-3eb2c69ec9ea,Fairfield Inn,Hotels,Hotels,1,0,0,a0d0c5ec-074e-4fb4-b112-9caee21d717a,https://demo.invalid/places/3f8aed41-a707-4454-b61b-3eb2c69ec9ea,1600,1600
20260725,1784957565000000,2026-07-25T05:32:45+00:00,page_view,detail_view,1.0,synthetic-user-073,synthetic-user-073-session-03,3f8aed41-a707-4454-b61b-3eb2c69ec9ea,Fairfield Inn,Hotels,Hotels,1,0,0,a0d0c5ec-074e-4fb4-b112-9caee21d717a,https://demo.invalid/places/3f8aed41-a707-4454-b61b-3eb2c69ec9ea,4200,4200
20260725,1784958600000000,2026-07-25T05:50:00+00:00,map-user-action,marker_click,1.5,synthetic-user-073,synthetic-user-073-session-03,6cf9b47c-e237-456a-876d-8ba9028bf56e,Chicago's North Shore,HOT SPOTS; Neighborhood Organizations,Neighborhood Organizations,2,1,0,3f8aed41-a707-4454-b61b-3eb2c69ec9ea,https://demo.invalid/places/6cf9b47c-e237-456a-876d-8ba9028bf56e,1600,1600
20260725,1784958645000000,2026-07-25T05:50:45+00:00,page_view,detail_view,1.0,synthetic-user-073,synthetic-user-073-session-03,6cf9b47c-e237-456a-876d-8ba9028bf56e,Chicago's North Shore,HOT SPOTS; Neighborhood Organizations,Neighborhood Organizations,2,1,0,3f8aed41-a707-4454-b61b-3eb2c69ec9ea,https://demo.invalid/places/6cf9b47c-e237-456a-876d-8ba9028bf56e,4200,4200
20260725,1784959680000000,2026-07-25T06:08:00+00:00,map-user-action,marker_click,1.5,synthetic-user-073,synthetic-user-073-session-03,6b45568d-789c-4c66-b9ce-43ee7a6c1d31,Blackstone,Hotels,Hotels,1,0,0,6cf9b47c-e237-456a-876d-8ba9028bf56e,https://demo.invalid/places/6b45568d-789c-4c66-b9ce-43ee7a6c1d31,1600,1600
20260725,1784959725000000,2026-07-25T06:08:45+00:00,page_view,detail_view,1.0,synthetic-user-073,synthetic-user-073-session-03,6b45568d-789c-4c66-b9ce-43ee7a6c1d31,Blackstone,Hotels,Hotels,1,0,0,6cf9b47c-e237-456a-876d-8ba9028bf56e,https://demo.invalid/places/6b45568d-789c-4c66-b9ce-43ee7a6c1d31,4200,4200
20260725,1784995320000000,2026-07-25T16:02:00+00:00,map-user-action,marker_click,1.5,synthetic-user-001,synthetic-user-001-session-03,096d51e9-abb2-422a-9ecc-c201c21bf277,Studio W.I.P.,Attractions; HOT SPOTS,Attractions,2,1,0,,https://demo.invalid/places/096d51e9-abb2-422a-9ecc-c201c21bf277,1600,1600
20260725,1784995365000000,2026-07-25T16:02:45+00:00,page_view,detail_view,1.0,synthetic-user-001,synthetic-user-001-session-03,096d51e9-abb2-422a-9ecc-c201c21bf277,Studio W.I.P.,Attractions; HOT SPOTS,Attractions,2,1,0,,https://demo.invalid/places/096d51e9-abb2-422a-9ecc-c201c21bf277,4200,4200
20260725,1784996400000000,2026-07-25T16:20:00+00:00,map-user-action,marker_click,1.5,synthetic-user-001,synthetic-user-001-session-03,c17b1d6d-11aa-49c2-a620-84bf72506d84,Theater of the Mind,Attractions; HOT SPOTS; Theaters and Music Venues,Attractions,3,1,0,096d51e9-abb2-422a-9ecc-c201c21bf277,https://demo.invalid/places/c17b1d6d-11aa-49c2-a620-84bf72506d84,1600,1600
20260725,1784996445000000,2026-07-25T16:20:45+00:00,page_view,detail_view,1.0,synthetic-user-001,synthetic-user-001-session-03,c17b1d6d-11aa-49c2-a620-84bf72506d84,Theater of the Mind,Attractions; HOT SPOTS; Theaters and Music Venues,Attractions,3,1,0,096d51e9-abb2-422a-9ecc-c201c21bf277,https://demo.invalid/places/c17b1d6d-11aa-49c2-a620-84bf72506d84,4200,4200
20260725,1784997480000000,2026-07-25T16:38:00+00:00,map-user-action,marker_click,1.5,synthetic-user-001,synthetic-user-001-session-03,0ca4aa52-726e-4bcd-bd91-754da82c23ba,Big Bus Tours Stop 8: Navy Pier,Big Bus Tours Stops,Big Bus Tours Stops,1,0,0,c17b1d6d-11aa-49c2-a620-84bf72506d84,https://demo.invalid/places/0ca4aa52-726e-4bcd-bd91-754da82c23ba,1600,1600
20260725,1784997525000000,2026-07-25T16:38:45+00:00,page_view,detail_view,1.0,synthetic-user-001,synthetic-user-001-session-03,0ca4aa52-726e-4bcd-bd91-754da82c23ba,Big Bus Tours Stop 8: Navy Pier,Big Bus Tours Stops,Big Bus Tours Stops,1,0,0,c17b1d6d-11aa-49c2-a620-84bf72506d84,https://demo.invalid/places/0ca4aa52-726e-4bcd-bd91-754da82c23ba,4200,4200
20260725,1784998560000000,2026-07-25T16:56:00+00:00,map-user-action,marker_click,1.5,synthetic-user-001,synthetic-user-001-session-03,0d626e8e-3aeb-458e-b11a-c034e1599423,American Writers Museum,Attractions; Museums,Attractions,2,0,0,0ca4aa52-726e-4bcd-bd91-754da82c23ba,https://demo.invalid/places/0d626e8e-3aeb-458e-b11a-c034e1599423,1600,1600
20260725,1784998605000000,2026-07-25T16:56:45+00:00,page_view,detail_view,1.0,synthetic-user-001,synthetic-user-001-session-03,0d626e8e-3aeb-458e-b11a-c034e1599423,American Writers Museum,Attractions; Museums,Attractions,2,0,0,0ca4aa52-726e-4bcd-bd91-754da82c23ba,https://demo.invalid/places/0d626e8e-3aeb-458e-b11a-c034e1599423,4200,4200
20260725,1785000780000000,2026-07-25T17:33:00+00:00,map-user-action,marker_click,1.5,synthetic-user-016,synthetic-user-016-session-01,69823c0c-c554-444b-b769-1b8eb2fcbc6c,Best Western,Hotels,Hotels,1,0,0,,https://demo.invalid/places/69823c0c-c554-444b-b769-1b8eb2fcbc6c,1600,1600
20260725,1785000825000000,2026-07-25T17:33:45+00:00,page_view,detail_view,1.0,synthetic-user-016,synthetic-user-016-session-01,69823c0c-c554-444b-b769-1b8eb2fcbc6c,Best Western,Hotels,Hotels,1,0,0,,https://demo.invalid/places/69823c0c-c554-444b-b769-1b8eb2fcbc6c,4200,4200
20260725,1785001860000000,2026-07-25T17:51:00+00:00,map-user-action,marker_click,1.5,synthetic-user-016,synthetic-user-016-session-01,3b8694ae-ef47-42dc-844d-f21f321a33af,Big Bus Tours Stop 6: Museum Campus,Big Bus Tours Stops,Big Bus Tours Stops,1,0,0,69823c0c-c554-444b-b769-1b8eb2fcbc6c,https://demo.invalid/places/3b8694ae-ef47-42dc-844d-f21f321a33af,1600,1600
20260725,1785001905000000,2026-07-25T17:51:45+00:00,page_view,detail_view,1.0,synthetic-user-016,synthetic-user-016-session-01,3b8694ae-ef47-42dc-844d-f21f321a33af,Big Bus Tours Stop 6: Museum Campus,Big Bus Tours Stops,Big Bus Tours Stops,1,0,0,69823c0c-c554-444b-b769-1b8eb2fcbc6c,https://demo.invalid/places/3b8694ae-ef47-42dc-844d-f21f321a33af,4200,4200
20260725,1785002940000000,2026-07-25T18:09:00+00:00,map-user-action,marker_click,1.5,synthetic-user-016,synthetic-user-016-session-01,d0c80aac-6895-4f2d-b1f1-ce4d653cd253,Big Bus Tours Stop 9: Water Tower & The Magnificent Mile,Big Bus Tours Stops,Big Bus Tours Stops,1,0,0,3b8694ae-ef47-42dc-844d-f21f321a33af,https://demo.invalid/places/d0c80aac-6895-4f2d-b1f1-ce4d653cd253,1600,1600
20260725,1785002985000000,2026-07-25T18:09:45+00:00,page_view,detail_view,1.0,synthetic-user-016,synthetic-user-016-session-01,d0c80aac-6895-4f2d-b1f1-ce4d653cd253,Big Bus Tours Stop 9: Water Tower & The Magnificent Mile,Big Bus Tours Stops,Big Bus Tours Stops,1,0,0,3b8694ae-ef47-42dc-844d-f21f321a33af,https://demo.invalid/places/d0c80aac-6895-4f2d-b1f1-ce4d653cd253,4200,4200
20260725,1785004020000000,2026-07-25T18:27:00+00:00,map-user-action,marker_click,1.5,synthetic-user-016,synthetic-user-016-session-01,8e8e448e-fe9d-43ff-8550-f301f9b79dad,Courtyard by Marriott,Hotels,Hotels,1,0,0,d0c80aac-6895-4f2d-b1f1-ce4d653cd253,https://demo.invalid/places/8e8e448e-fe9d-43ff-8550-f301f9b79dad,1600,1600
20260725,1785004065000000,2026-07-25T18:27:45+00:00,page_view,detail_view,1.0,synthetic-user-016,synthetic-user-016-session-01,8e8e448e-fe9d-43ff-8550-f301f9b79dad,Courtyard by Marriott,Hotels,Hotels,1,0,0,d0c80aac-6895-4f2d-b1f1-ce4d653cd253,https://demo.invalid/places/8e8e448e-fe9d-43ff-8550-f301f9b79dad,4200,4200
20260725,1785008280000000,2026-07-25T19:38:00+00:00,map-user-action,marker_click,1.5,synthetic-user-024,synthetic-user-024-session-02,9383a251-cbcd-48ff-a3a7-6cc85d70b7a2,Four Seasons,Hotels,Hotels,1,0,0,,https://demo.invalid/places/9383a251-cbcd-48ff-a3a7-6cc85d70b7a2,1600,1600
20260725,1785008325000000,2026-07-25T19:38:45+00:00,page_view,detail_view,1.0,synthetic-user-024,synthetic-user-024-session-02,9383a251-cbcd-48ff-a3a7-6cc85d70b7a2,Four Seasons,Hotels,Hotels,1,0,0,,https://demo.invalid/places/9383a251-cbcd-48ff-a3a7-6cc85d70b7a2,4200,4200
20260725,1785009360000000,2026-07-25T19:56:00+00:00,map-user-action,marker_click,1.5,synthetic-user-024,synthetic-user-024-session-02,a3cfdda6-ce51-4d35-83f3-ac6dd89485a9,Bloomingdale's,Shops,Shops,1,0,0,9383a251-cbcd-48ff-a3a7-6cc85d70b7a2,https://demo.invalid/places/a3cfdda6-ce51-4d35-83f3-ac6dd89485a9,1600,1600
20260725,1785009405000000,2026-07-25T19:56:45+00:00,page_view,detail_view,1.0,synthetic-user-024,synthetic-user-024-session-02,a3cfdda6-ce51-4d35-83f3-ac6dd89485a9,Bloomingdale's,Shops,Shops,1,0,0,9383a251-cbcd-48ff-a3a7-6cc85d70b7a2,https://demo.invalid/places/a3cfdda6-ce51-4d35-83f3-ac6dd89485a9,4200,4200
20260725,1785010440000000,2026-07-25T20:14:00+00:00,map-user-action,marker_click,1.5,synthetic-user-024,synthetic-user-024-session-02,1525a1f9-6615-4c5f-9b45-fc871577444a,Chicago Children's Museum,Attractions; Museums,Attractions,2,0,0,a3cfdda6-ce51-4d35-83f3-ac6dd89485a9,https://demo.invalid/places/1525a1f9-6615-4c5f-9b45-fc871577444a,1600,1600
20260725,1785010485000000,2026-07-25T20:14:45+00:00,page_view,detail_view,1.0,synthetic-user-024,synthetic-user-024-session-02,1525a1f9-6615-4c5f-9b45-fc871577444a,Chicago Children's Museum,Attractions; Museums,Attractions,2,0,0,a3cfdda6-ce51-4d35-83f3-ac6dd89485a9,https://demo.invalid/places/1525a1f9-6615-4c5f-9b45-fc871577444a,4200,4200
20260725,1785011520000000,2026-07-25T20:32:00+00:00,map-user-action,marker_click,1.5,synthetic-user-024,synthetic-user-024-session-02,d52b221c-280b-4f32-afcd-7939cec5f4fb,Block 37,Shops,Shops,1,0,0,1525a1f9-6615-4c5f-9b45-fc871577444a,https://demo.invalid/places/d52b221c-280b-4f32-afcd-7939cec5f4fb,1600,1600
20260725,1785011565000000,2026-07-25T20:32:45+00:00,page_view,detail_view,1.0,synthetic-user-024,synthetic-user-024-session-02,d52b221c-280b-4f32-afcd-7939cec5f4fb,Block 37,Shops,Shops,1,0,0,1525a1f9-6615-4c5f-9b45-fc871577444a,https://demo.invalid/places/d52b221c-280b-4f32-afcd-7939cec5f4fb,4200,4200
20260725,1785015780000000,2026-07-25T21:43:00+00:00,map-user-action,marker_click,1.5,synthetic-user-032,synthetic-user-032-session-03,f9d8de83-a6ab-46c0-ada9-69975c670ef9,Big Bus Tours Stop 11: River North,Big Bus Tours Stops,Big Bus Tours Stops,1,0,0,,https://demo.invalid/places/f9d8de83-a6ab-46c0-ada9-69975c670ef9,1600,1600
20260725,1785015825000000,2026-07-25T21:43:45+00:00,page_view,detail_view,1.0,synthetic-user-032,synthetic-user-032-session-03,f9d8de83-a6ab-46c0-ada9-69975c670ef9,Big Bus Tours Stop 11: River North,Big Bus Tours Stops,Big Bus Tours Stops,1,0,0,,https://demo.invalid/places/f9d8de83-a6ab-46c0-ada9-69975c670ef9,4200,4200
20260725,1785016860000000,2026-07-25T22:01:00+00:00,map-user-action,marker_click,1.5,synthetic-user-032,synthetic-user-032-session-03,efb07b22-0160-4528-81b6-9a474fce0e54,Oprah Winfrey Mural,Murals,Murals,1,0,0,f9d8de83-a6ab-46c0-ada9-69975c670ef9,https://demo.invalid/places/efb07b22-0160-4528-81b6-9a474fce0e54,1600,1600
20260725,1785016905000000,2026-07-25T22:01:45+00:00,page_view,detail_view,1.0,synthetic-user-032,synthetic-user-032-session-03,efb07b22-0160-4528-81b6-9a474fce0e54,Oprah Winfrey Mural,Murals,Murals,1,0,0,f9d8de83-a6ab-46c0-ada9-69975c670ef9,https://demo.invalid/places/efb07b22-0160-4528-81b6-9a474fce0e54,4200,4200
20260725,1785017940000000,2026-07-25T22:19:00+00:00,map-user-action,marker_click,1.5,synthetic-user-032,synthetic-user-032-session-03,3a867f33-9c48-45e8-acb7-a5c95102a32a,Muddy Waters,Murals,Murals,1,0,0,efb07b22-0160-4528-81b6-9a474fce0e54,https://demo.invalid/places/3a867f33-9c48-45e8-acb7-a5c95102a32a,1600,1600
20260725,1785017985000000,2026-07-25T22:19:45+00:00,page_view,detail_view,1.0,synthetic-user-032,synthetic-user-032-session-03,3a867f33-9c48-45e8-acb7-a5c95102a32a,Muddy Waters,Murals,Murals,1,0,0,efb07b22-0160-4528-81b6-9a474fce0e54,https://demo.invalid/places/3a867f33-9c48-45e8-acb7-a5c95102a32a,4200,4200
20260725,1785019020000000,2026-07-25T22:37:00+00:00,map-user-action,marker_click,1.5,synthetic-user-032,synthetic-user-032-session-03,bfb83e19-804b-456f-8edb-a722716ecee2,Grapes & Grains,Bars,Bars,1,0,0,3a867f33-9c48-45e8-acb7-a5c95102a32a,https://demo.invalid/places/bfb83e19-804b-456f-8edb-a722716ecee2,1600,1600
20260725,1785019065000000,2026-07-25T22:37:45+00:00,page_view,detail_view,1.0,synthetic-user-032,synthetic-user-032-session-03,bfb83e19-804b-456f-8edb-a722716ecee2,Grapes & Grains,Bars,Bars,1,0,0,3a867f33-9c48-45e8-acb7-a5c95102a32a,https://demo.invalid/places/bfb83e19-804b-456f-8edb-a722716ecee2,4200,4200
20260725,1785021240000000,2026-07-25T23:14:00+00:00,map-user-action,marker_click,1.5,synthetic-user-047,synthetic-user-047-session-01,6cf9b47c-e237-456a-876d-8ba9028bf56e,Chicago's North Shore,HOT SPOTS; Neighborhood Organizations,Neighborhood Organizations,2,1,0,,https://demo.invalid/places/6cf9b47c-e237-456a-876d-8ba9028bf56e,1600,1600
20260725,1785021285000000,2026-07-25T23:14:45+00:00,page_view,detail_view,1.0,synthetic-user-047,synthetic-user-047-session-01,6cf9b47c-e237-456a-876d-8ba9028bf56e,Chicago's North Shore,HOT SPOTS; Neighborhood Organizations,Neighborhood Organizations,2,1,0,,https://demo.invalid/places/6cf9b47c-e237-456a-876d-8ba9028bf56e,4200,4200
20260725,1785022320000000,2026-07-25T23:32:00+00:00,map-user-action,marker_click,1.5,synthetic-user-047,synthetic-user-047-session-01,3fd80f7d-ab09-4088-9796-9571a14a7926,Clark Street in Lincoln Park,HOT SPOTS; Neighborhood Organizations,Neighborhood Organizations,2,1,0,6cf9b47c-e237-456a-876d-8ba9028bf56e,https://demo.invalid/places/3fd80f7d-ab09-4088-9796-9571a14a7926,1600,1600
20260725,1785022365000000,2026-07-25T23:32:45+00:00,page_view,detail_view,1.0,synthetic-user-047,synthetic-user-047-session-01,3fd80f7d-ab09-4088-9796-9571a14a7926,Clark Street in Lincoln Park,HOT SPOTS; Neighborhood Organizations,Neighborhood Organizations,2,1,0,6cf9b47c-e237-456a-876d-8ba9028bf56e,https://demo.invalid/places/3fd80f7d-ab09-4088-9796-9571a14a7926,4200,4200
20260725,1785023400000000,2026-07-25T23:50:00+00:00,map-user-action,marker_click,1.5,synthetic-user-047,synthetic-user-047-session-01,b7849405-a2a4-475d-8129-81f9191b3300,Flight Club,Bars; Restaurants,Bars,2,0,0,3fd80f7d-ab09-4088-9796-9571a14a7926,https://demo.invalid/places/b7849405-a2a4-475d-8129-81f9191b3300,1600,1600
20260725,1785023445000000,2026-07-25T23:50:45+00:00,page_view,detail_view,1.0,synthetic-user-047,synthetic-user-047-session-01,b7849405-a2a4-475d-8129-81f9191b3300,Flight Club,Bars; Restaurants,Bars,2,0,0,3fd80f7d-ab09-4088-9796-9571a14a7926,https://demo.invalid/places/b7849405-a2a4-475d-8129-81f9191b3300,4200,4200
20260726,1785024480000000,2026-07-26T00:08:00+00:00,map-user-action,marker_click,1.5,synthetic-user-047,synthetic-user-047-session-01,a0d0c5ec-074e-4fb4-b112-9caee21d717a,Oak Street District,Neighborhood Organizations; Shops,Neighborhood Organizations,2,0,0,b7849405-a2a4-475d-8129-81f9191b3300,https://demo.invalid/places/a0d0c5ec-074e-4fb4-b112-9caee21d717a,1600,1600
20260726,1785024525000000,2026-07-26T00:08:45+00:00,page_view,detail_view,1.0,synthetic-user-047,synthetic-user-047-session-01,a0d0c5ec-074e-4fb4-b112-9caee21d717a,Oak Street District,Neighborhood Organizations; Shops,Neighborhood Organizations,2,0,0,b7849405-a2a4-475d-8129-81f9191b3300,https://demo.invalid/places/a0d0c5ec-074e-4fb4-b112-9caee21d717a,4200,4200
20260726,1785028740000000,2026-07-26T01:19:00+00:00,map-user-action,marker_click,1.5,synthetic-user-055,synthetic-user-055-session-02,d5148032-0c5f-467b-b29e-a5202d3af219,Big Bus Tours Stop 10: 360 Chicago,Big Bus Tours Stops,Big Bus Tours Stops,1,0,0,,https://demo.invalid/places/d5148032-0c5f-467b-b29e-a5202d3af219,1600,1600
20260726,1785028785000000,2026-07-26T01:19:45+00:00,page_view,detail_view,1.0,synthetic-user-055,synthetic-user-055-session-02,d5148032-0c5f-467b-b29e-a5202d3af219,Big Bus Tours Stop 10: 360 Chicago,Big Bus Tours Stops,Big Bus Tours Stops,1,0,0,,https://demo.invalid/places/d5148032-0c5f-467b-b29e-a5202d3af219,4200,4200
20260726,1785029820000000,2026-07-26T01:37:00+00:00,map-user-action,marker_click,1.5,synthetic-user-055,synthetic-user-055-session-02,b704aaa2-37b1-4615-8a6c-e5478ff2948b,Big Bus Tours Stop 5: Adler Planetarium,Big Bus Tours Stops,Big Bus Tours Stops,1,0,0,d5148032-0c5f-467b-b29e-a5202d3af219,https://demo.invalid/places/b704aaa2-37b1-4615-8a6c-e5478ff2948b,1600,1600
20260726,1785029865000000,2026-07-26T01:37:45+00:00,page_view,detail_view,1.0,synthetic-user-055,synthetic-user-055-session-02,b704aaa2-37b1-4615-8a6c-e5478ff2948b,Big Bus Tours Stop 5: Adler Planetarium,Big Bus Tours Stops,Big Bus Tours Stops,1,0,0,d5148032-0c5f-467b-b29e-a5202d3af219,https://demo.invalid/places/b704aaa2-37b1-4615-8a6c-e5478ff2948b,4200,4200
20260726,1785030900000000,2026-07-26T01:55:00+00:00,map-user-action,marker_click,1.5,synthetic-user-055,synthetic-user-055-session-02,86ecc39d-1a4f-4bf4-83a5-78f595a8b8b9,Clark Street in Lincoln Park,Parks,Parks,1,0,0,b704aaa2-37b1-4615-8a6c-e5478ff2948b,https://demo.invalid/places/86ecc39d-1a4f-4bf4-83a5-78f595a8b8b9,1600,1600
20260726,1785030945000000,2026-07-26T01:55:45+00:00,page_view,detail_view,1.0,synthetic-user-055,synthetic-user-055-session-02,86ecc39d-1a4f-4bf4-83a5-78f595a8b8b9,Clark Street in Lincoln Park,Parks,Parks,1,0,0,b704aaa2-37b1-4615-8a6c-e5478ff2948b,https://demo.invalid/places/86ecc39d-1a4f-4bf4-83a5-78f595a8b8b9,4200,4200
20260726,1785031980000000,2026-07-26T02:13:00+00:00,map-user-action,marker_click,1.5,synthetic-user-055,synthetic-user-055-session-02,aeadae4f-b1b3-4289-9df6-c69aaea8c819,Chicago's North Shore,Attractions,Attractions,1,0,0,86ecc39d-1a4f-4bf4-83a5-78f595a8b8b9,https://demo.invalid/places/aeadae4f-b1b3-4289-9df6-c69aaea8c819,1600,1600
20260726,1785032025000000,2026-07-26T02:13:45+00:00,page_view,detail_view,1.0,synthetic-user-055,synthetic-user-055-session-02,aeadae4f-b1b3-4289-9df6-c69aaea8c819,Chicago's North Shore,Attractions,Attractions,1,0,0,86ecc39d-1a4f-4bf4-83a5-78f595a8b8b9,https://demo.invalid/places/aeadae4f-b1b3-4289-9df6-c69aaea8c819,4200,4200
20260726,1785036240000000,2026-07-26T03:24:00+00:00,map-user-action,marker_click,1.5,synthetic-user-063,synthetic-user-063-session-03,e3f77f69-0255-466c-92d4-75dd9be82330,900 N. Michigan Shops,Shops,Shops,1,0,0,,https://demo.invalid/places/e3f77f69-0255-466c-92d4-75dd9be82330,1600,1600
20260726,1785036285000000,2026-07-26T03:24:45+00:00,page_view,detail_view,1.0,synthetic-user-063,synthetic-user-063-session-03,e3f77f69-0255-466c-92d4-75dd9be82330,900 N. Michigan Shops,Shops,Shops,1,0,0,,https://demo.invalid/places/e3f77f69-0255-466c-92d4-75dd9be82330,4200,4200
20260726,1785037320000000,2026-07-26T03:42:00+00:00,map-user-action,marker_click,1.5,synthetic-user-063,synthetic-user-063-session-03,04262787-4b85-4d95-a301-c7b3b6068a6d,Garrett Popcorn Shops,HOT SPOTS; Shops,Shops,2,1,0,e3f77f69-0255-466c-92d4-75dd9be82330,https://demo.invalid/places/04262787-4b85-4d95-a301-c7b3b6068a6d,1600,1600
20260726,1785037365000000,2026-07-26T03:42:45+00:00,page_view,detail_view,1.0,synthetic-user-063,synthetic-user-063-session-03,04262787-4b85-4d95-a301-c7b3b6068a6d,Garrett Popcorn Shops,HOT SPOTS; Shops,Shops,2,1,0,e3f77f69-0255-466c-92d4-75dd9be82330,https://demo.invalid/places/04262787-4b85-4d95-a301-c7b3b6068a6d,4200,4200
20260726,1785038400000000,2026-07-26T04:00:00+00:00,map-user-action,marker_click,1.5,synthetic-user-063,synthetic-user-063-session-03,8f0d5ae9-1531-4794-8e0b-8e12d53b318e,Garrett Popcorn Shops,HOT SPOTS; Shops,Shops,2,1,0,04262787-4b85-4d95-a301-c7b3b6068a6d,https://demo.invalid/places/8f0d5ae9-1531-4794-8e0b-8e12d53b318e,1600,1600
20260726,1785038445000000,2026-07-26T04:00:45+00:00,page_view,detail_view,1.0,synthetic-user-063,synthetic-user-063-session-03,8f0d5ae9-1531-4794-8e0b-8e12d53b318e,Garrett Popcorn Shops,HOT SPOTS; Shops,Shops,2,1,0,04262787-4b85-4d95-a301-c7b3b6068a6d,https://demo.invalid/places/8f0d5ae9-1531-4794-8e0b-8e12d53b318e,4200,4200
20260726,1785039480000000,2026-07-26T04:18:00+00:00,map-user-action,marker_click,1.5,synthetic-user-063,synthetic-user-063-session-03,52bd65c2-e431-4558-90a6-6dd907ff5a2b,Vosges Haut-Chocolat,Shops,Shops,1,0,0,8f0d5ae9-1531-4794-8e0b-8e12d53b318e,https://demo.invalid/places/52bd65c2-e431-4558-90a6-6dd907ff5a2b,1600,1600
20260726,1785039525000000,2026-07-26T04:18:45+00:00,page_view,detail_view,1.0,synthetic-user-063,synthetic-user-063-session-03,52bd65c2-e431-4558-90a6-6dd907ff5a2b,Vosges Haut-Chocolat,Shops,Shops,1,0,0,8f0d5ae9-1531-4794-8e0b-8e12d53b318e,https://demo.invalid/places/52bd65c2-e431-4558-90a6-6dd907ff5a2b,4200,4200
20260726,1785041700000000,2026-07-26T04:55:00+00:00,map-user-action,marker_click,1.5,synthetic-user-078,synthetic-user-078-session-01,69466b09-ac7c-4b96-b83e-11c91756b7f6,Goodman Theater Center,Theaters and Music Venues,Theaters and Music Venues,1,0,0,,https://demo.invalid/places/69466b09-ac7c-4b96-b83e-11c91756b7f6,1600,1600
20260726,1785041745000000,2026-07-26T04:55:45+00:00,page_view,detail_view,1.0,synthetic-user-078,synthetic-user-078-session-01,69466b09-ac7c-4b96-b83e-11c91756b7f6,Goodman Theater Center,Theaters and Music Venues,Theaters and Music Venues,1,0,0,,https://demo.invalid/places/69466b09-ac7c-4b96-b83e-11c91756b7f6,4200,4200
20260726,1785042780000000,2026-07-26T05:13:00+00:00,map-user-action,marker_click,1.5,synthetic-user-078,synthetic-user-078-session-01,3b97f91d-0aae-4060-a574-04bcb09f5357,CIBC Theatre,Theaters and Music Venues,Theaters and Music Venues,1,0,0,69466b09-ac7c-4b96-b83e-11c91756b7f6,https://demo.invalid/places/3b97f91d-0aae-4060-a574-04bcb09f5357,1600,1600
20260726,1785042825000000,2026-07-26T05:13:45+00:00,page_view,detail_view,1.0,synthetic-user-078,synthetic-user-078-session-01,3b97f91d-0aae-4060-a574-04bcb09f5357,CIBC Theatre,Theaters and Music Venues,Theaters and Music Venues,1,0,0,69466b09-ac7c-4b96-b83e-11c91756b7f6,https://demo.invalid/places/3b97f91d-0aae-4060-a574-04bcb09f5357,4200,4200
20260726,1785043860000000,2026-07-26T05:31:00+00:00,map-user-action,marker_click,1.5,synthetic-user-078,synthetic-user-078-session-01,d5148032-0c5f-467b-b29e-a5202d3af219,Big Bus Tours Stop 10: 360 Chicago,Big Bus Tours Stops,Big Bus Tours Stops,1,0,0,3b97f91d-0aae-4060-a574-04bcb09f5357,https://demo.invalid/places/d5148032-0c5f-467b-b29e-a5202d3af219,1600,1600
20260726,1785043905000000,2026-07-26T05:31:45+00:00,page_view,detail_view,1.0,synthetic-user-078,synthetic-user-078-session-01,d5148032-0c5f-467b-b29e-a5202d3af219,Big Bus Tours Stop 10: 360 Chicago,Big Bus Tours Stops,Big Bus Tours Stops,1,0,0,3b97f91d-0aae-4060-a574-04bcb09f5357,https://demo.invalid/places/d5148032-0c5f-467b-b29e-a5202d3af219,4200,4200
20260726,1785044940000000,2026-07-26T05:49:00+00:00,map-user-action,marker_click,1.5,synthetic-user-078,synthetic-user-078-session-01,9535776b-f785-4ea4-8376-0f7597db114e,Chicago Shakespeare Theater,Theaters and Music Venues,Theaters and Music Venues,1,0,0,d5148032-0c5f-467b-b29e-a5202d3af219,https://demo.invalid/places/9535776b-f785-4ea4-8376-0f7597db114e,1600,1600
20260726,1785044985000000,2026-07-26T05:49:45+00:00,page_view,detail_view,1.0,synthetic-user-078,synthetic-user-078-session-01,9535776b-f785-4ea4-8376-0f7597db114e,Chicago Shakespeare Theater,Theaters and Music Venues,Theaters and Music Venues,1,0,0,d5148032-0c5f-467b-b29e-a5202d3af219,https://demo.invalid/places/9535776b-f785-4ea4-8376-0f7597db114e,4200,4200
20260726,1785080580000000,2026-07-26T15:43:00+00:00,map-user-action,marker_click,1.5,synthetic-user-006,synthetic-user-006-session-01,3a867f33-9c48-45e8-acb7-a5c95102a32a,Muddy Waters,Murals,Murals,1,0,0,,https://demo.invalid/places/3a867f33-9c48-45e8-acb7-a5c95102a32a,1600,1600
20260726,1785080625000000,2026-07-26T15:43:45+00:00,page_view,detail_view,1.0,synthetic-user-006,synthetic-user-006-session-01,3a867f33-9c48-45e8-acb7-a5c95102a32a,Muddy Waters,Murals,Murals,1,0,0,,https://demo.invalid/places/3a867f33-9c48-45e8-acb7-a5c95102a32a,4200,4200
20260726,1785081660000000,2026-07-26T16:01:00+00:00,map-user-action,marker_click,1.5,synthetic-user-006,synthetic-user-006-session-01,d5d24b26-e2cd-41ff-b4e8-eaf891f8b1de,Chicago Style by Katie Lukes,Murals,Murals,1,0,0,3a867f33-9c48-45e8-acb7-a5c95102a32a,https://demo.invalid/places/d5d24b26-e2cd-41ff-b4e8-eaf891f8b1de,1600,1600
20260726,1785081705000000,2026-07-26T16:01:45+00:00,page_view,detail_view,1.0,synthetic-user-006,synthetic-user-006-session-01,d5d24b26-e2cd-41ff-b4e8-eaf891f8b1de,Chicago Style by Katie Lukes,Murals,Murals,1,0,0,3a867f33-9c48-45e8-acb7-a5c95102a32a,https://demo.invalid/places/d5d24b26-e2cd-41ff-b4e8-eaf891f8b1de,4200,4200
20260726,1785082740000000,2026-07-26T16:19:00+00:00,map-user-action,marker_click,1.5,synthetic-user-006,synthetic-user-006-session-01,efb07b22-0160-4528-81b6-9a474fce0e54,Oprah Winfrey Mural,Murals,Murals,1,0,0,d5d24b26-e2cd-41ff-b4e8-eaf891f8b1de,https://demo.invalid/places/efb07b22-0160-4528-81b6-9a474fce0e54,1600,1600
20260726,1785082785000000,2026-07-26T16:19:45+00:00,page_view,detail_view,1.0,synthetic-user-006,synthetic-user-006-session-01,efb07b22-0160-4528-81b6-9a474fce0e54,Oprah Winfrey Mural,Murals,Murals,1,0,0,d5d24b26-e2cd-41ff-b4e8-eaf891f8b1de,https://demo.invalid/places/efb07b22-0160-4528-81b6-9a474fce0e54,4200,4200
20260726,1785083820000000,2026-07-26T16:37:00+00:00,map-user-action,marker_click,1.5,synthetic-user-006,synthetic-user-006-session-01,030e01ed-f343-4468-bc45-1722220ed333,Chicago Theatre,Theaters and Music Venues,Theaters and Music Venues,1,0,0,efb07b22-0160-4528-81b6-9a474fce0e54,https://demo.invalid/places/030e01ed-f343-4468-bc45-1722220ed333,1600,1600
20260726,1785083865000000,2026-07-26T16:37:45+00:00,page_view,detail_view,1.0,synthetic-user-006,synthetic-user-006-session-01,030e01ed-f343-4468-bc45-1722220ed333,Chicago Theatre,Theaters and Music Venues,Theaters and Music Venues,1,0,0,efb07b22-0160-4528-81b6-9a474fce0e54,https://demo.invalid/places/030e01ed-f343-4468-bc45-1722220ed333,4200,4200
20260726,1785088080000000,2026-07-26T17:48:00+00:00,map-user-action,marker_click,1.5,synthetic-user-014,synthetic-user-014-session-02,0d626e8e-3aeb-458e-b11a-c034e1599423,American Writers Museum,Attractions; Museums,Attractions,2,0,0,,https://demo.invalid/places/0d626e8e-3aeb-458e-b11a-c034e1599423,1600,1600
20260726,1785088125000000,2026-07-26T17:48:45+00:00,page_view,detail_view,1.0,synthetic-user-014,synthetic-user-014-session-02,0d626e8e-3aeb-458e-b11a-c034e1599423,American Writers Museum,Attractions; Museums,Attractions,2,0,0,,https://demo.invalid/places/0d626e8e-3aeb-458e-b11a-c034e1599423,4200,4200
20260726,1785089160000000,2026-07-26T18:06:00+00:00,map-user-action,marker_click,1.5,synthetic-user-014,synthetic-user-014-session-02,deb3f631-4458-4912-abc0-84fc17b60b58,The Second City,Attractions; HOT SPOTS; Theaters and Music Venues,Attractions,3,1,0,0d626e8e-3aeb-458e-b11a-c034e1599423,https://demo.invalid/places/deb3f631-4458-4912-abc0-84fc17b60b58,1600,1600
20260726,1785089205000000,2026-07-26T18:06:45+00:00,page_view,detail_view,1.0,synthetic-user-014,synthetic-user-014-session-02,deb3f631-4458-4912-abc0-84fc17b60b58,The Second City,Attractions; HOT SPOTS; Theaters and Music Venues,Attractions,3,1,0,0d626e8e-3aeb-458e-b11a-c034e1599423,https://demo.invalid/places/deb3f631-4458-4912-abc0-84fc17b60b58,4200,4200
20260726,1785090240000000,2026-07-26T18:24:00+00:00,map-user-action,marker_click,1.5,synthetic-user-014,synthetic-user-014-session-02,2ce8b4ca-5ee3-46bf-8cc7-f36ab8931d22,Chicago Architecture Center,Attractions; HOT SPOTS,Attractions,2,1,0,deb3f631-4458-4912-abc0-84fc17b60b58,https://demo.invalid/places/2ce8b4ca-5ee3-46bf-8cc7-f36ab8931d22,1600,1600
20260726,1785090285000000,2026-07-26T18:24:45+00:00,page_view,detail_view,1.0,synthetic-user-014,synthetic-user-014-session-02,2ce8b4ca-5ee3-46bf-8cc7-f36ab8931d22,Chicago Architecture Center,Attractions; HOT SPOTS,Attractions,2,1,0,deb3f631-4458-4912-abc0-84fc17b60b58,https://demo.invalid/places/2ce8b4ca-5ee3-46bf-8cc7-f36ab8931d22,4200,4200
20260726,1785091320000000,2026-07-26T18:42:00+00:00,map-user-action,marker_click,1.5,synthetic-user-014,synthetic-user-014-session-02,55333bd3-7b75-46b6-bbb8-183eebac0b89,Cambria,Hotels,Hotels,1,0,0,2ce8b4ca-5ee3-46bf-8cc7-f36ab8931d22,https://demo.invalid/places/55333bd3-7b75-46b6-bbb8-183eebac0b89,1600,1600
20260726,1785091365000000,2026-07-26T18:42:45+00:00,page_view,detail_view,1.0,synthetic-user-014,synthetic-user-014-session-02,55333bd3-7b75-46b6-bbb8-183eebac0b89,Cambria,Hotels,Hotels,1,0,0,2ce8b4ca-5ee3-46bf-8cc7-f36ab8931d22,https://demo.invalid/places/55333bd3-7b75-46b6-bbb8-183eebac0b89,4200,4200
20260726,1785095580000000,2026-07-26T19:53:00+00:00,map-user-action,marker_click,1.5,synthetic-user-022,synthetic-user-022-session-03,c145a4a6-0a9c-4bce-9c0e-6e221e0563b8,Oak St. Beach,Parks,Parks,1,0,0,,https://demo.invalid/places/c145a4a6-0a9c-4bce-9c0e-6e221e0563b8,1600,1600
20260726,1785095625000000,2026-07-26T19:53:45+00:00,page_view,detail_view,1.0,synthetic-user-022,synthetic-user-022-session-03,c145a4a6-0a9c-4bce-9c0e-6e221e0563b8,Oak St. Beach,Parks,Parks,1,0,0,,https://demo.invalid/places/c145a4a6-0a9c-4bce-9c0e-6e221e0563b8,4200,4200
20260726,1785096660000000,2026-07-26T20:11:00+00:00,map-user-action,marker_click,1.5,synthetic-user-022,synthetic-user-022-session-03,bdf89f72-fa5a-4eb4-9564-e958db6bbac0,Jane Addams Memorial Park,Parks,Parks,1,0,0,c145a4a6-0a9c-4bce-9c0e-6e221e0563b8,https://demo.invalid/places/bdf89f72-fa5a-4eb4-9564-e958db6bbac0,1600,1600
20260726,1785096705000000,2026-07-26T20:11:45+00:00,page_view,detail_view,1.0,synthetic-user-022,synthetic-user-022-session-03,bdf89f72-fa5a-4eb4-9564-e958db6bbac0,Jane Addams Memorial Park,Parks,Parks,1,0,0,c145a4a6-0a9c-4bce-9c0e-6e221e0563b8,https://demo.invalid/places/bdf89f72-fa5a-4eb4-9564-e958db6bbac0,4200,4200
20260726,1785097740000000,2026-07-26T20:29:00+00:00,map-user-action,marker_click,1.5,synthetic-user-022,synthetic-user-022-session-03,7df814b4-23d4-48eb-b86e-51325927c1e4,Ping Tom Park,Parks,Parks,1,0,0,bdf89f72-fa5a-4eb4-9564-e958db6bbac0,https://demo.invalid/places/7df814b4-23d4-48eb-b86e-51325927c1e4,1600,1600
20260726,1785097785000000,2026-07-26T20:29:45+00:00,page_view,detail_view,1.0,synthetic-user-022,synthetic-user-022-session-03,7df814b4-23d4-48eb-b86e-51325927c1e4,Ping Tom Park,Parks,Parks,1,0,0,bdf89f72-fa5a-4eb4-9564-e958db6bbac0,https://demo.invalid/places/7df814b4-23d4-48eb-b86e-51325927c1e4,4200,4200
20260726,1785098820000000,2026-07-26T20:47:00+00:00,map-user-action,marker_click,1.5,synthetic-user-022,synthetic-user-022-session-03,eb682cb2-0b92-4134-8a6a-330f7501203d,Milton Lee Olive Park,Parks,Parks,1,0,0,7df814b4-23d4-48eb-b86e-51325927c1e4,https://demo.invalid/places/eb682cb2-0b92-4134-8a6a-330f7501203d,1600,1600
20260726,1785098865000000,2026-07-26T20:47:45+00:00,page_view,detail_view,1.0,synthetic-user-022,synthetic-user-022-session-03,eb682cb2-0b92-4134-8a6a-330f7501203d,Milton Lee Olive Park,Parks,Parks,1,0,0,7df814b4-23d4-48eb-b86e-51325927c1e4,https://demo.invalid/places/eb682cb2-0b92-4134-8a6a-330f7501203d,4200,4200
20260726,1785101040000000,2026-07-26T21:24:00+00:00,map-user-action,marker_click,1.5,synthetic-user-037,synthetic-user-037-session-01,afe574c9-23ae-47e7-a407-442c93a17403,City Cruises Chicago,Attractions; HOT SPOTS,Attractions,2,1,0,,https://demo.invalid/places/afe574c9-23ae-47e7-a407-442c93a17403,1600,1600
20260726,1785101085000000,2026-07-26T21:24:45+00:00,page_view,detail_view,1.0,synthetic-user-037,synthetic-user-037-session-01,afe574c9-23ae-47e7-a407-442c93a17403,City Cruises Chicago,Attractions; HOT SPOTS,Attractions,2,1,0,,https://demo.invalid/places/afe574c9-23ae-47e7-a407-442c93a17403,4200,4200
20260726,1785102120000000,2026-07-26T21:42:00+00:00,map-user-action,marker_click,1.5,synthetic-user-037,synthetic-user-037-session-01,0d3f9129-9ece-4786-958a-18f45365dea5,Neiman-Marcus,Shops,Shops,1,0,0,afe574c9-23ae-47e7-a407-442c93a17403,https://demo.invalid/places/0d3f9129-9ece-4786-958a-18f45365dea5,1600,1600
20260726,1785102165000000,2026-07-26T21:42:45+00:00,page_view,detail_view,1.0,synthetic-user-037,synthetic-user-037-session-01,0d3f9129-9ece-4786-958a-18f45365dea5,Neiman-Marcus,Shops,Shops,1,0,0,afe574c9-23ae-47e7-a407-442c93a17403,https://demo.invalid/places/0d3f9129-9ece-4786-958a-18f45365dea5,4200,4200
20260726,1785103200000000,2026-07-26T22:00:00+00:00,map-user-action,marker_click,1.5,synthetic-user-037,synthetic-user-037-session-01,04262787-4b85-4d95-a301-c7b3b6068a6d,Garrett Popcorn Shops,HOT SPOTS; Shops,Shops,2,1,0,0d3f9129-9ece-4786-958a-18f45365dea5,https://demo.invalid/places/04262787-4b85-4d95-a301-c7b3b6068a6d,1600,1600
20260726,1785103245000000,2026-07-26T22:00:45+00:00,page_view,detail_view,1.0,synthetic-user-037,synthetic-user-037-session-01,04262787-4b85-4d95-a301-c7b3b6068a6d,Garrett Popcorn Shops,HOT SPOTS; Shops,Shops,2,1,0,0d3f9129-9ece-4786-958a-18f45365dea5,https://demo.invalid/places/04262787-4b85-4d95-a301-c7b3b6068a6d,4200,4200
20260726,1785104280000000,2026-07-26T22:18:00+00:00,map-user-action,marker_click,1.5,synthetic-user-037,synthetic-user-037-session-01,16222053-b164-48ad-86b2-d90b4f45dacb,Fairmont,Hotels,Hotels,1,0,0,04262787-4b85-4d95-a301-c7b3b6068a6d,https://demo.invalid/places/16222053-b164-48ad-86b2-d90b4f45dacb,1600,1600
20260726,1785104325000000,2026-07-26T22:18:45+00:00,page_view,detail_view,1.0,synthetic-user-037,synthetic-user-037-session-01,16222053-b164-48ad-86b2-d90b4f45dacb,Fairmont,Hotels,Hotels,1,0,0,04262787-4b85-4d95-a301-c7b3b6068a6d,https://demo.invalid/places/16222053-b164-48ad-86b2-d90b4f45dacb,4200,4200
20260726,1785108540000000,2026-07-26T23:29:00+00:00,map-user-action,marker_click,1.5,synthetic-user-045,synthetic-user-045-session-02,3a867f33-9c48-45e8-acb7-a5c95102a32a,Muddy Waters,Murals,Murals,1,0,0,,https://demo.invalid/places/3a867f33-9c48-45e8-acb7-a5c95102a32a,1600,1600
20260726,1785108585000000,2026-07-26T23:29:45+00:00,page_view,detail_view,1.0,synthetic-user-045,synthetic-user-045-session-02,3a867f33-9c48-45e8-acb7-a5c95102a32a,Muddy Waters,Murals,Murals,1,0,0,,https://demo.invalid/places/3a867f33-9c48-45e8-acb7-a5c95102a32a,4200,4200
20260726,1785109620000000,2026-07-26T23:47:00+00:00,map-user-action,marker_click,1.5,synthetic-user-045,synthetic-user-045-session-02,d5d24b26-e2cd-41ff-b4e8-eaf891f8b1de,Chicago Style by Katie Lukes,Murals,Murals,1,0,0,3a867f33-9c48-45e8-acb7-a5c95102a32a,https://demo.invalid/places/d5d24b26-e2cd-41ff-b4e8-eaf891f8b1de,1600,1600
20260726,1785109665000000,2026-07-26T23:47:45+00:00,page_view,detail_view,1.0,synthetic-user-045,synthetic-user-045-session-02,d5d24b26-e2cd-41ff-b4e8-eaf891f8b1de,Chicago Style by Katie Lukes,Murals,Murals,1,0,0,3a867f33-9c48-45e8-acb7-a5c95102a32a,https://demo.invalid/places/d5d24b26-e2cd-41ff-b4e8-eaf891f8b1de,4200,4200
20260727,1785110700000000,2026-07-27T00:05:00+00:00,map-user-action,marker_click,1.5,synthetic-user-045,synthetic-user-045-session-02,8cb3a078-97e0-468e-aa20-67eb3be462d6,Embassy Suites,Hotels,Hotels,1,0,0,d5d24b26-e2cd-41ff-b4e8-eaf891f8b1de,https://demo.invalid/places/8cb3a078-97e0-468e-aa20-67eb3be462d6,1600,1600
20260727,1785110745000000,2026-07-27T00:05:45+00:00,page_view,detail_view,1.0,synthetic-user-045,synthetic-user-045-session-02,8cb3a078-97e0-468e-aa20-67eb3be462d6,Embassy Suites,Hotels,Hotels,1,0,0,d5d24b26-e2cd-41ff-b4e8-eaf891f8b1de,https://demo.invalid/places/8cb3a078-97e0-468e-aa20-67eb3be462d6,4200,4200
20260727,1785111780000000,2026-07-27T00:23:00+00:00,map-user-action,marker_click,1.5,synthetic-user-045,synthetic-user-045-session-02,efb07b22-0160-4528-81b6-9a474fce0e54,Oprah Winfrey Mural,Murals,Murals,1,0,0,8cb3a078-97e0-468e-aa20-67eb3be462d6,https://demo.invalid/places/efb07b22-0160-4528-81b6-9a474fce0e54,1600,1600
20260727,1785111825000000,2026-07-27T00:23:45+00:00,page_view,detail_view,1.0,synthetic-user-045,synthetic-user-045-session-02,efb07b22-0160-4528-81b6-9a474fce0e54,Oprah Winfrey Mural,Murals,Murals,1,0,0,8cb3a078-97e0-468e-aa20-67eb3be462d6,https://demo.invalid/places/efb07b22-0160-4528-81b6-9a474fce0e54,4200,4200
20260727,1785116040000000,2026-07-27T01:34:00+00:00,map-user-action,marker_click,1.5,synthetic-user-053,synthetic-user-053-session-03,c929ef13-839c-4dc4-ba92-371bb68911ec,City Cruises Chicago,Attractions,Attractions,1,0,0,,https://demo.invalid/places/c929ef13-839c-4dc4-ba92-371bb68911ec,1600,1600
20260727,1785116085000000,2026-07-27T01:34:45+00:00,page_view,detail_view,1.0,synthetic-user-053,synthetic-user-053-session-03,c929ef13-839c-4dc4-ba92-371bb68911ec,City Cruises Chicago,Attractions,Attractions,1,0,0,,https://demo.invalid/places/c929ef13-839c-4dc4-ba92-371bb68911ec,4200,4200
20260727,1785117120000000,2026-07-27T01:52:00+00:00,map-user-action,marker_click,1.5,synthetic-user-053,synthetic-user-053-session-03,00239dbc-63a5-4ce1-9c87-8dc8afd8fa99,Route 66 League,Attractions,Attractions,1,0,0,c929ef13-839c-4dc4-ba92-371bb68911ec,https://demo.invalid/places/00239dbc-63a5-4ce1-9c87-8dc8afd8fa99,1600,1600
20260727,1785117165000000,2026-07-27T01:52:45+00:00,page_view,detail_view,1.0,synthetic-user-053,synthetic-user-053-session-03,00239dbc-63a5-4ce1-9c87-8dc8afd8fa99,Route 66 League,Attractions,Attractions,1,0,0,c929ef13-839c-4dc4-ba92-371bb68911ec,https://demo.invalid/places/00239dbc-63a5-4ce1-9c87-8dc8afd8fa99,4200,4200
20260727,1785118200000000,2026-07-27T02:10:00+00:00,map-user-action,marker_click,1.5,synthetic-user-053,synthetic-user-053-session-03,c17b1d6d-11aa-49c2-a620-84bf72506d84,Theater of the Mind,Attractions; HOT SPOTS; Theaters and Music Venues,Attractions,3,1,0,00239dbc-63a5-4ce1-9c87-8dc8afd8fa99,https://demo.invalid/places/c17b1d6d-11aa-49c2-a620-84bf72506d84,1600,1600
20260727,1785118245000000,2026-07-27T02:10:45+00:00,page_view,detail_view,1.0,synthetic-user-053,synthetic-user-053-session-03,c17b1d6d-11aa-49c2-a620-84bf72506d84,Theater of the Mind,Attractions; HOT SPOTS; Theaters and Music Venues,Attractions,3,1,0,00239dbc-63a5-4ce1-9c87-8dc8afd8fa99,https://demo.invalid/places/c17b1d6d-11aa-49c2-a620-84bf72506d84,4200,4200
20260727,1785119280000000,2026-07-27T02:28:00+00:00,map-user-action,marker_click,1.5,synthetic-user-053,synthetic-user-053-session-03,3940b0f9-eb88-4682-9d1b-0335dd3bde13,Arlo,Hotels,Hotels,1,0,0,c17b1d6d-11aa-49c2-a620-84bf72506d84,https://demo.invalid/places/3940b0f9-eb88-4682-9d1b-0335dd3bde13,1600,1600
20260727,1785119325000000,2026-07-27T02:28:45+00:00,page_view,detail_view,1.0,synthetic-user-053,synthetic-user-053-session-03,3940b0f9-eb88-4682-9d1b-0335dd3bde13,Arlo,Hotels,Hotels,1,0,0,c17b1d6d-11aa-49c2-a620-84bf72506d84,https://demo.invalid/places/3940b0f9-eb88-4682-9d1b-0335dd3bde13,4200,4200
20260727,1785121500000000,2026-07-27T03:05:00+00:00,map-user-action,marker_click,1.5,synthetic-user-068,synthetic-user-068-session-01,d0c80aac-6895-4f2d-b1f1-ce4d653cd253,Big Bus Tours Stop 9: Water Tower & The Magnificent Mile,Big Bus Tours Stops,Big Bus Tours Stops,1,0,0,,https://demo.invalid/places/d0c80aac-6895-4f2d-b1f1-ce4d653cd253,1600,1600
20260727,1785121545000000,2026-07-27T03:05:45+00:00,page_view,detail_view,1.0,synthetic-user-068,synthetic-user-068-session-01,d0c80aac-6895-4f2d-b1f1-ce4d653cd253,Big Bus Tours Stop 9: Water Tower & The Magnificent Mile,Big Bus Tours Stops,Big Bus Tours Stops,1,0,0,,https://demo.invalid/places/d0c80aac-6895-4f2d-b1f1-ce4d653cd253,4200,4200
20260727,1785122580000000,2026-07-27T03:23:00+00:00,map-user-action,marker_click,1.5,synthetic-user-068,synthetic-user-068-session-01,8c84468c-e58a-4eb7-acba-a9d1932f872a,Goose Island Taproom,Bars; Restaurants,Bars,2,0,0,d0c80aac-6895-4f2d-b1f1-ce4d653cd253,https://demo.invalid/places/8c84468c-e58a-4eb7-acba-a9d1932f872a,1600,1600
20260727,1785122625000000,2026-07-27T03:23:45+00:00,page_view,detail_view,1.0,synthetic-user-068,synthetic-user-068-session-01,8c84468c-e58a-4eb7-acba-a9d1932f872a,Goose Island Taproom,Bars; Restaurants,Bars,2,0,0,d0c80aac-6895-4f2d-b1f1-ce4d653cd253,https://demo.invalid/places/8c84468c-e58a-4eb7-acba-a9d1932f872a,4200,4200
20260727,1785123660000000,2026-07-27T03:41:00+00:00,map-user-action,marker_click,1.5,synthetic-user-068,synthetic-user-068-session-01,122a12f9-cf54-4983-9787-64633fc79b15,Big Bus Tours Stop 4: Hilton Chicago & Grant Park,Big Bus Tours Stops,Big Bus Tours Stops,1,0,0,8c84468c-e58a-4eb7-acba-a9d1932f872a,https://demo.invalid/places/122a12f9-cf54-4983-9787-64633fc79b15,1600,1600
20260727,1785123705000000,2026-07-27T03:41:45+00:00,page_view,detail_view,1.0,synthetic-user-068,synthetic-user-068-session-01,122a12f9-cf54-4983-9787-64633fc79b15,Big Bus Tours Stop 4: Hilton Chicago & Grant Park,Big Bus Tours Stops,Big Bus Tours Stops,1,0,0,8c84468c-e58a-4eb7-acba-a9d1932f872a,https://demo.invalid/places/122a12f9-cf54-4983-9787-64633fc79b15,4200,4200
20260727,1785124740000000,2026-07-27T03:59:00+00:00,map-user-action,marker_click,1.5,synthetic-user-068,synthetic-user-068-session-01,3b8694ae-ef47-42dc-844d-f21f321a33af,Big Bus Tours Stop 6: Museum Campus,Big Bus Tours Stops,Big Bus Tours Stops,1,0,0,122a12f9-cf54-4983-9787-64633fc79b15,https://demo.invalid/places/3b8694ae-ef47-42dc-844d-f21f321a33af,1600,1600
20260727,1785124785000000,2026-07-27T03:59:45+00:00,page_view,detail_view,1.0,synthetic-user-068,synthetic-user-068-session-01,3b8694ae-ef47-42dc-844d-f21f321a33af,Big Bus Tours Stop 6: Museum Campus,Big Bus Tours Stops,Big Bus Tours Stops,1,0,0,122a12f9-cf54-4983-9787-64633fc79b15,https://demo.invalid/places/3b8694ae-ef47-42dc-844d-f21f321a33af,4200,4200
20260727,1785129000000000,2026-07-27T05:10:00+00:00,map-user-action,marker_click,1.5,synthetic-user-076,synthetic-user-076-session-02,f9d8de83-a6ab-46c0-ada9-69975c670ef9,Big Bus Tours Stop 11: River North,Big Bus Tours Stops,Big Bus Tours Stops,1,0,0,,https://demo.invalid/places/f9d8de83-a6ab-46c0-ada9-69975c670ef9,1600,1600
20260727,1785129045000000,2026-07-27T05:10:45+00:00,page_view,detail_view,1.0,synthetic-user-076,synthetic-user-076-session-02,f9d8de83-a6ab-46c0-ada9-69975c670ef9,Big Bus Tours Stop 11: River North,Big Bus Tours Stops,Big Bus Tours Stops,1,0,0,,https://demo.invalid/places/f9d8de83-a6ab-46c0-ada9-69975c670ef9,4200,4200
20260727,1785130080000000,2026-07-27T05:28:00+00:00,map-user-action,marker_click,1.5,synthetic-user-076,synthetic-user-076-session-02,72384069-0f15-4a7b-9c0a-fb47c2804458,Nordstrom,Shops,Shops,1,0,0,f9d8de83-a6ab-46c0-ada9-69975c670ef9,https://demo.invalid/places/72384069-0f15-4a7b-9c0a-fb47c2804458,1600,1600
20260727,1785130125000000,2026-07-27T05:28:45+00:00,page_view,detail_view,1.0,synthetic-user-076,synthetic-user-076-session-02,72384069-0f15-4a7b-9c0a-fb47c2804458,Nordstrom,Shops,Shops,1,0,0,f9d8de83-a6ab-46c0-ada9-69975c670ef9,https://demo.invalid/places/72384069-0f15-4a7b-9c0a-fb47c2804458,4200,4200
20260727,1785131160000000,2026-07-27T05:46:00+00:00,map-user-action,marker_click,1.5,synthetic-user-076,synthetic-user-076-session-02,122a12f9-cf54-4983-9787-64633fc79b15,Big Bus Tours Stop 4: Hilton Chicago & Grant Park,Big Bus Tours Stops,Big Bus Tours Stops,1,0,0,72384069-0f15-4a7b-9c0a-fb47c2804458,https://demo.invalid/places/122a12f9-cf54-4983-9787-64633fc79b15,1600,1600
20260727,1785131205000000,2026-07-27T05:46:45+00:00,page_view,detail_view,1.0,synthetic-user-076,synthetic-user-076-session-02,122a12f9-cf54-4983-9787-64633fc79b15,Big Bus Tours Stop 4: Hilton Chicago & Grant Park,Big Bus Tours Stops,Big Bus Tours Stops,1,0,0,72384069-0f15-4a7b-9c0a-fb47c2804458,https://demo.invalid/places/122a12f9-cf54-4983-9787-64633fc79b15,4200,4200
20260727,1785132240000000,2026-07-27T06:04:00+00:00,map-user-action,marker_click,1.5,synthetic-user-076,synthetic-user-076-session-02,49e46442-273f-4d1e-9f76-564b655261c6,Garrett Popcorn Shops,HOT SPOTS; Shops,Shops,2,1,0,122a12f9-cf54-4983-9787-64633fc79b15,https://demo.invalid/places/49e46442-273f-4d1e-9f76-564b655261c6,1600,1600
20260727,1785132285000000,2026-07-27T06:04:45+00:00,page_view,detail_view,1.0,synthetic-user-076,synthetic-user-076-session-02,49e46442-273f-4d1e-9f76-564b655261c6,Garrett Popcorn Shops,HOT SPOTS; Shops,Shops,2,1,0,122a12f9-cf54-4983-9787-64633fc79b15,https://demo.invalid/places/49e46442-273f-4d1e-9f76-564b655261c6,4200,4200
20260727,1785167880000000,2026-07-27T15:58:00+00:00,map-user-action,marker_click,1.5,synthetic-user-004,synthetic-user-004-session-02,bfb83e19-804b-456f-8edb-a722716ecee2,Grapes & Grains,Bars,Bars,1,0,0,,https://demo.invalid/places/bfb83e19-804b-456f-8edb-a722716ecee2,1600,1600
20260727,1785167925000000,2026-07-27T15:58:45+00:00,page_view,detail_view,1.0,synthetic-user-004,synthetic-user-004-session-02,bfb83e19-804b-456f-8edb-a722716ecee2,Grapes & Grains,Bars,Bars,1,0,0,,https://demo.invalid/places/bfb83e19-804b-456f-8edb-a722716ecee2,4200,4200
20260727,1785168960000000,2026-07-27T16:16:00+00:00,map-user-action,marker_click,1.5,synthetic-user-004,synthetic-user-004-session-02,3af4c1b1-4d30-4910-ab84-59f346b1a544,Royal Sonesta River North,Hotels,Hotels,1,0,0,bfb83e19-804b-456f-8edb-a722716ecee2,https://demo.invalid/places/3af4c1b1-4d30-4910-ab84-59f346b1a544,1600,1600
20260727,1785169005000000,2026-07-27T16:16:45+00:00,page_view,detail_view,1.0,synthetic-user-004,synthetic-user-004-session-02,3af4c1b1-4d30-4910-ab84-59f346b1a544,Royal Sonesta River North,Hotels,Hotels,1,0,0,bfb83e19-804b-456f-8edb-a722716ecee2,https://demo.invalid/places/3af4c1b1-4d30-4910-ab84-59f346b1a544,4200,4200
20260727,1785170040000000,2026-07-27T16:34:00+00:00,map-user-action,marker_click,1.5,synthetic-user-004,synthetic-user-004-session-02,9e5dc789-a3a2-4c2a-8646-574ad5c1f294,The Publishing House Bed and Breakfast,Hotels,Hotels,1,0,0,3af4c1b1-4d30-4910-ab84-59f346b1a544,https://demo.invalid/places/9e5dc789-a3a2-4c2a-8646-574ad5c1f294,1600,1600
20260727,1785170085000000,2026-07-27T16:34:45+00:00,page_view,detail_view,1.0,synthetic-user-004,synthetic-user-004-session-02,9e5dc789-a3a2-4c2a-8646-574ad5c1f294,The Publishing House Bed and Breakfast,Hotels,Hotels,1,0,0,3af4c1b1-4d30-4910-ab84-59f346b1a544,https://demo.invalid/places/9e5dc789-a3a2-4c2a-8646-574ad5c1f294,4200,4200
20260727,1785171120000000,2026-07-27T16:52:00+00:00,map-user-action,marker_click,1.5,synthetic-user-004,synthetic-user-004-session-02,398f0ab3-55e0-45e0-8309-0a25178ed5d7,Courtyard by Marriott,Hotels,Hotels,1,0,0,9e5dc789-a3a2-4c2a-8646-574ad5c1f294,https://demo.invalid/places/398f0ab3-55e0-45e0-8309-0a25178ed5d7,1600,1600
20260727,1785171165000000,2026-07-27T16:52:45+00:00,page_view,detail_view,1.0,synthetic-user-004,synthetic-user-004-session-02,398f0ab3-55e0-45e0-8309-0a25178ed5d7,Courtyard by Marriott,Hotels,Hotels,1,0,0,9e5dc789-a3a2-4c2a-8646-574ad5c1f294,https://demo.invalid/places/398f0ab3-55e0-45e0-8309-0a25178ed5d7,4200,4200
20260727,1785175380000000,2026-07-27T18:03:00+00:00,map-user-action,marker_click,1.5,synthetic-user-012,synthetic-user-012-session-03,a831daee-9505-4d4b-84fb-4a55ad091ac1,Soldier Field Tour,Sports Venues; Attractions; HOT SPOTS,Sports Venues,3,1,0,,https://demo.invalid/places/a831daee-9505-4d4b-84fb-4a55ad091ac1,1600,1600
20260727,1785175425000000,2026-07-27T18:03:45+00:00,page_view,detail_view,1.0,synthetic-user-012,synthetic-user-012-session-03,a831daee-9505-4d4b-84fb-4a55ad091ac1,Soldier Field Tour,Sports Venues; Attractions; HOT SPOTS,Sports Venues,3,1,0,,https://demo.invalid/places/a831daee-9505-4d4b-84fb-4a55ad091ac1,4200,4200
20260727,1785176460000000,2026-07-27T18:21:00+00:00,map-user-action,marker_click,1.5,synthetic-user-012,synthetic-user-012-session-03,c8e2ab0a-cd1e-4a6a-953a-3bc83981ea04,Wintrust Arena,Sports Venues,Sports Venues,1,0,0,a831daee-9505-4d4b-84fb-4a55ad091ac1,https://demo.invalid/places/c8e2ab0a-cd1e-4a6a-953a-3bc83981ea04,1600,1600
20260727,1785176505000000,2026-07-27T18:21:45+00:00,page_view,detail_view,1.0,synthetic-user-012,synthetic-user-012-session-03,c8e2ab0a-cd1e-4a6a-953a-3bc83981ea04,Wintrust Arena,Sports Venues,Sports Venues,1,0,0,a831daee-9505-4d4b-84fb-4a55ad091ac1,https://demo.invalid/places/c8e2ab0a-cd1e-4a6a-953a-3bc83981ea04,4200,4200
20260727,1785177540000000,2026-07-27T18:39:00+00:00,map-user-action,marker_click,1.5,synthetic-user-012,synthetic-user-012-session-03,afe574c9-23ae-47e7-a407-442c93a17403,City Cruises Chicago,Attractions; HOT SPOTS,Attractions,2,1,0,c8e2ab0a-cd1e-4a6a-953a-3bc83981ea04,https://demo.invalid/places/afe574c9-23ae-47e7-a407-442c93a17403,1600,1600
20260727,1785177585000000,2026-07-27T18:39:45+00:00,page_view,detail_view,1.0,synthetic-user-012,synthetic-user-012-session-03,afe574c9-23ae-47e7-a407-442c93a17403,City Cruises Chicago,Attractions; HOT SPOTS,Attractions,2,1,0,c8e2ab0a-cd1e-4a6a-953a-3bc83981ea04,https://demo.invalid/places/afe574c9-23ae-47e7-a407-442c93a17403,4200,4200
20260727,1785178620000000,2026-07-27T18:57:00+00:00,map-user-action,marker_click,1.5,synthetic-user-012,synthetic-user-012-session-03,136d7600-b2e2-4034-ab2f-474a2031106b,Bottom Lounge,Bars; Theaters and Music Venues,Bars,2,0,0,afe574c9-23ae-47e7-a407-442c93a17403,https://demo.invalid/places/136d7600-b2e2-4034-ab2f-474a2031106b,1600,1600
20260727,1785178665000000,2026-07-27T18:57:45+00:00,page_view,detail_view,1.0,synthetic-user-012,synthetic-user-012-session-03,136d7600-b2e2-4034-ab2f-474a2031106b,Bottom Lounge,Bars; Theaters and Music Venues,Bars,2,0,0,afe574c9-23ae-47e7-a407-442c93a17403,https://demo.invalid/places/136d7600-b2e2-4034-ab2f-474a2031106b,4200,4200
20260727,1785180840000000,2026-07-27T19:34:00+00:00,map-user-action,marker_click,1.5,synthetic-user-027,synthetic-user-027-session-01,4794a41b-886c-41e5-b298-63d0db8c936c,McCormick Place,Attractions,Attractions,1,0,0,,https://demo.invalid/places/4794a41b-886c-41e5-b298-63d0db8c936c,1600,1600
20260727,1785180885000000,2026-07-27T19:34:45+00:00,page_view,detail_view,1.0,synthetic-user-027,synthetic-user-027-session-01,4794a41b-886c-41e5-b298-63d0db8c936c,McCormick Place,Attractions,Attractions,1,0,0,,https://demo.invalid/places/4794a41b-886c-41e5-b298-63d0db8c936c,4200,4200
20260727,1785181920000000,2026-07-27T19:52:00+00:00,map-user-action,marker_click,1.5,synthetic-user-027,synthetic-user-027-session-01,8beb6e82-e512-49eb-8230-adf20094e5aa,Raising Cane’s Chicken Fingers - South Loop,Attractions,Attractions,1,0,0,4794a41b-886c-41e5-b298-63d0db8c936c,https://demo.invalid/places/8beb6e82-e512-49eb-8230-adf20094e5aa,1600,1600
20260727,1785181965000000,2026-07-27T19:52:45+00:00,page_view,detail_view,1.0,synthetic-user-027,synthetic-user-027-session-01,8beb6e82-e512-49eb-8230-adf20094e5aa,Raising Cane’s Chicken Fingers - South Loop,Attractions,Attractions,1,0,0,4794a41b-886c-41e5-b298-63d0db8c936c,https://demo.invalid/places/8beb6e82-e512-49eb-8230-adf20094e5aa,4200,4200
20260727,1785183000000000,2026-07-27T20:10:00+00:00,map-user-action,marker_click,1.5,synthetic-user-027,synthetic-user-027-session-01,69466b09-ac7c-4b96-b83e-11c91756b7f6,Goodman Theater Center,Theaters and Music Venues,Theaters and Music Venues,1,0,0,8beb6e82-e512-49eb-8230-adf20094e5aa,https://demo.invalid/places/69466b09-ac7c-4b96-b83e-11c91756b7f6,1600,1600
20260727,1785183045000000,2026-07-27T20:10:45+00:00,page_view,detail_view,1.0,synthetic-user-027,synthetic-user-027-session-01,69466b09-ac7c-4b96-b83e-11c91756b7f6,Goodman Theater Center,Theaters and Music Venues,Theaters and Music Venues,1,0,0,8beb6e82-e512-49eb-8230-adf20094e5aa,https://demo.invalid/places/69466b09-ac7c-4b96-b83e-11c91756b7f6,4200,4200
20260727,1785184080000000,2026-07-27T20:28:00+00:00,map-user-action,marker_click,1.5,synthetic-user-027,synthetic-user-027-session-01,3cb3f138-7737-4aa0-813b-0a2c7064e595,Raising Cane’s Chicken Fingers - West Loop,Attractions,Attractions,1,0,0,69466b09-ac7c-4b96-b83e-11c91756b7f6,https://demo.invalid/places/3cb3f138-7737-4aa0-813b-0a2c7064e595,1600,1600
20260727,1785184125000000,2026-07-27T20:28:45+00:00,page_view,detail_view,1.0,synthetic-user-027,synthetic-user-027-session-01,3cb3f138-7737-4aa0-813b-0a2c7064e595,Raising Cane’s Chicken Fingers - West Loop,Attractions,Attractions,1,0,0,69466b09-ac7c-4b96-b83e-11c91756b7f6,https://demo.invalid/places/3cb3f138-7737-4aa0-813b-0a2c7064e595,4200,4200
20260727,1785188340000000,2026-07-27T21:39:00+00:00,map-user-action,marker_click,1.5,synthetic-user-035,synthetic-user-035-session-02,100cd1d6-0af9-497a-a070-063645f6304a,AC,Hotels,Hotels,1,0,0,,https://demo.invalid/places/100cd1d6-0af9-497a-a070-063645f6304a,1600,1600
20260727,1785188385000000,2026-07-27T21:39:45+00:00,page_view,detail_view,1.0,synthetic-user-035,synthetic-user-035-session-02,100cd1d6-0af9-497a-a070-063645f6304a,AC,Hotels,Hotels,1,0,0,,https://demo.invalid/places/100cd1d6-0af9-497a-a070-063645f6304a,4200,4200
20260727,1785189420000000,2026-07-27T21:57:00+00:00,map-user-action,marker_click,1.5,synthetic-user-035,synthetic-user-035-session-02,d14fb43f-6832-4512-918e-9b1d33446f7c,Ohio St. Beach,Parks,Parks,1,0,0,100cd1d6-0af9-497a-a070-063645f6304a,https://demo.invalid/places/d14fb43f-6832-4512-918e-9b1d33446f7c,1600,1600
20260727,1785189465000000,2026-07-27T21:57:45+00:00,page_view,detail_view,1.0,synthetic-user-035,synthetic-user-035-session-02,d14fb43f-6832-4512-918e-9b1d33446f7c,Ohio St. Beach,Parks,Parks,1,0,0,100cd1d6-0af9-497a-a070-063645f6304a,https://demo.invalid/places/d14fb43f-6832-4512-918e-9b1d33446f7c,4200,4200
20260727,1785190500000000,2026-07-27T22:15:00+00:00,map-user-action,marker_click,1.5,synthetic-user-035,synthetic-user-035-session-02,66a2e0b5-bc45-4fe7-aae5-87a74cf890d7,Union Park,Parks,Parks,1,0,0,d14fb43f-6832-4512-918e-9b1d33446f7c,https://demo.invalid/places/66a2e0b5-bc45-4fe7-aae5-87a74cf890d7,1600,1600
20260727,1785190545000000,2026-07-27T22:15:45+00:00,page_view,detail_view,1.0,synthetic-user-035,synthetic-user-035-session-02,66a2e0b5-bc45-4fe7-aae5-87a74cf890d7,Union Park,Parks,Parks,1,0,0,d14fb43f-6832-4512-918e-9b1d33446f7c,https://demo.invalid/places/66a2e0b5-bc45-4fe7-aae5-87a74cf890d7,4200,4200
20260727,1785191580000000,2026-07-27T22:33:00+00:00,map-user-action,marker_click,1.5,synthetic-user-035,synthetic-user-035-session-02,eb682cb2-0b92-4134-8a6a-330f7501203d,Milton Lee Olive Park,Parks,Parks,1,0,0,66a2e0b5-bc45-4fe7-aae5-87a74cf890d7,https://demo.invalid/places/eb682cb2-0b92-4134-8a6a-330f7501203d,1600,1600
20260727,1785191625000000,2026-07-27T22:33:45+00:00,page_view,detail_view,1.0,synthetic-user-035,synthetic-user-035-session-02,eb682cb2-0b92-4134-8a6a-330f7501203d,Milton Lee Olive Park,Parks,Parks,1,0,0,66a2e0b5-bc45-4fe7-aae5-87a74cf890d7,https://demo.invalid/places/eb682cb2-0b92-4134-8a6a-330f7501203d,4200,4200
20260727,1785195840000000,2026-07-27T23:44:00+00:00,map-user-action,marker_click,1.5,synthetic-user-043,synthetic-user-043-session-03,c22148d9-acd8-4dd8-9d44-e32b3f7bcee0,Moxy,Hotels,Hotels,1,0,0,,https://demo.invalid/places/c22148d9-acd8-4dd8-9d44-e32b3f7bcee0,1600,1600
20260727,1785195885000000,2026-07-27T23:44:45+00:00,page_view,detail_view,1.0,synthetic-user-043,synthetic-user-043-session-03,c22148d9-acd8-4dd8-9d44-e32b3f7bcee0,Moxy,Hotels,Hotels,1,0,0,,https://demo.invalid/places/c22148d9-acd8-4dd8-9d44-e32b3f7bcee0,4200,4200
20260728,1785196920000000,2026-07-28T00:02:00+00:00,map-user-action,marker_click,1.5,synthetic-user-043,synthetic-user-043-session-03,38b7edc6-48db-4cf0-9aae-4d05963637c7,The LaSalle,Hotels,Hotels,1,0,0,c22148d9-acd8-4dd8-9d44-e32b3f7bcee0,https://demo.invalid/places/38b7edc6-48db-4cf0-9aae-4d05963637c7,1600,1600
20260728,1785196965000000,2026-07-28T00:02:45+00:00,page_view,detail_view,1.0,synthetic-user-043,synthetic-user-043-session-03,38b7edc6-48db-4cf0-9aae-4d05963637c7,The LaSalle,Hotels,Hotels,1,0,0,c22148d9-acd8-4dd8-9d44-e32b3f7bcee0,https://demo.invalid/places/38b7edc6-48db-4cf0-9aae-4d05963637c7,4200,4200
20260728,1785198000000000,2026-07-28T00:20:00+00:00,map-user-action,marker_click,1.5,synthetic-user-043,synthetic-user-043-session-03,2f7682d4-6dfc-457e-9576-bf0b48776dc4,21c Museum Hotel,Hotels,Hotels,1,0,0,38b7edc6-48db-4cf0-9aae-4d05963637c7,https://demo.invalid/places/2f7682d4-6dfc-457e-9576-bf0b48776dc4,1600,1600
20260728,1785198045000000,2026-07-28T00:20:45+00:00,page_view,detail_view,1.0,synthetic-user-043,synthetic-user-043-session-03,2f7682d4-6dfc-457e-9576-bf0b48776dc4,21c Museum Hotel,Hotels,Hotels,1,0,0,38b7edc6-48db-4cf0-9aae-4d05963637c7,https://demo.invalid/places/2f7682d4-6dfc-457e-9576-bf0b48776dc4,4200,4200
20260728,1785199080000000,2026-07-28T00:38:00+00:00,map-user-action,marker_click,1.5,synthetic-user-043,synthetic-user-043-session-03,4c25e6f0-230a-4ea9-99c0-8ac30a809d4f,Courtyard by Marriott Chicago at Medical District/UIC,Hotels,Hotels,1,0,0,2f7682d4-6dfc-457e-9576-bf0b48776dc4,https://demo.invalid/places/4c25e6f0-230a-4ea9-99c0-8ac30a809d4f,1600,1600
20260728,1785199125000000,2026-07-28T00:38:45+00:00,page_view,detail_view,1.0,synthetic-user-043,synthetic-user-043-session-03,4c25e6f0-230a-4ea9-99c0-8ac30a809d4f,Courtyard by Marriott Chicago at Medical District/UIC,Hotels,Hotels,1,0,0,2f7682d4-6dfc-457e-9576-bf0b48776dc4,https://demo.invalid/places/4c25e6f0-230a-4ea9-99c0-8ac30a809d4f,4200,4200
20260728,1785201300000000,2026-07-28T01:15:00+00:00,map-user-action,marker_click,1.5,synthetic-user-058,synthetic-user-058-session-01,efb07b22-0160-4528-81b6-9a474fce0e54,Oprah Winfrey Mural,Murals,Murals,1,0,0,,https://demo.invalid/places/efb07b22-0160-4528-81b6-9a474fce0e54,1600,1600
20260728,1785201345000000,2026-07-28T01:15:45+00:00,page_view,detail_view,1.0,synthetic-user-058,synthetic-user-058-session-01,efb07b22-0160-4528-81b6-9a474fce0e54,Oprah Winfrey Mural,Murals,Murals,1,0,0,,https://demo.invalid/places/efb07b22-0160-4528-81b6-9a474fce0e54,4200,4200
20260728,1785202380000000,2026-07-28T01:33:00+00:00,map-user-action,marker_click,1.5,synthetic-user-058,synthetic-user-058-session-01,d5d24b26-e2cd-41ff-b4e8-eaf891f8b1de,Chicago Style by Katie Lukes,Murals,Murals,1,0,0,efb07b22-0160-4528-81b6-9a474fce0e54,https://demo.invalid/places/d5d24b26-e2cd-41ff-b4e8-eaf891f8b1de,1600,1600
20260728,1785202425000000,2026-07-28T01:33:45+00:00,page_view,detail_view,1.0,synthetic-user-058,synthetic-user-058-session-01,d5d24b26-e2cd-41ff-b4e8-eaf891f8b1de,Chicago Style by Katie Lukes,Murals,Murals,1,0,0,efb07b22-0160-4528-81b6-9a474fce0e54,https://demo.invalid/places/d5d24b26-e2cd-41ff-b4e8-eaf891f8b1de,4200,4200
20260728,1785203460000000,2026-07-28T01:51:00+00:00,map-user-action,marker_click,1.5,synthetic-user-058,synthetic-user-058-session-01,3a867f33-9c48-45e8-acb7-a5c95102a32a,Muddy Waters,Murals,Murals,1,0,0,d5d24b26-e2cd-41ff-b4e8-eaf891f8b1de,https://demo.invalid/places/3a867f33-9c48-45e8-acb7-a5c95102a32a,1600,1600
20260728,1785203505000000,2026-07-28T01:51:45+00:00,page_view,detail_view,1.0,synthetic-user-058,synthetic-user-058-session-01,3a867f33-9c48-45e8-acb7-a5c95102a32a,Muddy Waters,Murals,Murals,1,0,0,d5d24b26-e2cd-41ff-b4e8-eaf891f8b1de,https://demo.invalid/places/3a867f33-9c48-45e8-acb7-a5c95102a32a,4200,4200
20260728,1785204540000000,2026-07-28T02:09:00+00:00,map-user-action,marker_click,1.5,synthetic-user-058,synthetic-user-058-session-01,27509459-167a-4013-97c9-32c9330b6b39,Club Quarters,Hotels,Hotels,1,0,0,3a867f33-9c48-45e8-acb7-a5c95102a32a,https://demo.invalid/places/27509459-167a-4013-97c9-32c9330b6b39,1600,1600
20260728,1785204585000000,2026-07-28T02:09:45+00:00,page_view,detail_view,1.0,synthetic-user-058,synthetic-user-058-session-01,27509459-167a-4013-97c9-32c9330b6b39,Club Quarters,Hotels,Hotels,1,0,0,3a867f33-9c48-45e8-acb7-a5c95102a32a,https://demo.invalid/places/27509459-167a-4013-97c9-32c9330b6b39,4200,4200
20260728,1785208800000000,2026-07-28T03:20:00+00:00,map-user-action,marker_click,1.5,synthetic-user-066,synthetic-user-066-session-02,25d65999-8943-418e-9c58-649330f792de,Tribune Tower,Attractions,Attractions,1,0,0,,https://demo.invalid/places/25d65999-8943-418e-9c58-649330f792de,1600,1600
20260728,1785208845000000,2026-07-28T03:20:45+00:00,page_view,detail_view,1.0,synthetic-user-066,synthetic-user-066-session-02,25d65999-8943-418e-9c58-649330f792de,Tribune Tower,Attractions,Attractions,1,0,0,,https://demo.invalid/places/25d65999-8943-418e-9c58-649330f792de,4200,4200
20260728,1785209880000000,2026-07-28T03:38:00+00:00,map-user-action,marker_click,1.5,synthetic-user-066,synthetic-user-066-session-02,4e9cbe8e-94a3-435f-8883-8fe07a4e8e56,Raising Cane's Chicken Fingers - Loop,Attractions,Attractions,1,0,0,25d65999-8943-418e-9c58-649330f792de,https://demo.invalid/places/4e9cbe8e-94a3-435f-8883-8fe07a4e8e56,1600,1600
20260728,1785209925000000,2026-07-28T03:38:45+00:00,page_view,detail_view,1.0,synthetic-user-066,synthetic-user-066-session-02,4e9cbe8e-94a3-435f-8883-8fe07a4e8e56,Raising Cane's Chicken Fingers - Loop,Attractions,Attractions,1,0,0,25d65999-8943-418e-9c58-649330f792de,https://demo.invalid/places/4e9cbe8e-94a3-435f-8883-8fe07a4e8e56,4200,4200
20260728,1785210960000000,2026-07-28T03:56:00+00:00,map-user-action,marker_click,1.5,synthetic-user-066,synthetic-user-066-session-02,14733c5f-0069-4f0e-81c8-83f14cf74be6,Origin of Great Chicago Fire of 1871,Attractions,Attractions,1,0,0,4e9cbe8e-94a3-435f-8883-8fe07a4e8e56,https://demo.invalid/places/14733c5f-0069-4f0e-81c8-83f14cf74be6,1600,1600
20260728,1785211005000000,2026-07-28T03:56:45+00:00,page_view,detail_view,1.0,synthetic-user-066,synthetic-user-066-session-02,14733c5f-0069-4f0e-81c8-83f14cf74be6,Origin of Great Chicago Fire of 1871,Attractions,Attractions,1,0,0,4e9cbe8e-94a3-435f-8883-8fe07a4e8e56,https://demo.invalid/places/14733c5f-0069-4f0e-81c8-83f14cf74be6,4200,4200
20260728,1785212040000000,2026-07-28T04:14:00+00:00,map-user-action,marker_click,1.5,synthetic-user-066,synthetic-user-066-session-02,94382a2a-4917-44d0-ab63-ce6237df694d,Hampton Inn & Suites Chicago Medical District UIC,Hotels,Hotels,1,0,0,14733c5f-0069-4f0e-81c8-83f14cf74be6,https://demo.invalid/places/94382a2a-4917-44d0-ab63-ce6237df694d,1600,1600
20260728,1785212085000000,2026-07-28T04:14:45+00:00,page_view,detail_view,1.0,synthetic-user-066,synthetic-user-066-session-02,94382a2a-4917-44d0-ab63-ce6237df694d,Hampton Inn & Suites Chicago Medical District UIC,Hotels,Hotels,1,0,0,14733c5f-0069-4f0e-81c8-83f14cf74be6,https://demo.invalid/places/94382a2a-4917-44d0-ab63-ce6237df694d,4200,4200
20260728,1785216300000000,2026-07-28T05:25:00+00:00,map-user-action,marker_click,1.5,synthetic-user-074,synthetic-user-074-session-03,c145a4a6-0a9c-4bce-9c0e-6e221e0563b8,Oak St. Beach,Parks,Parks,1,0,0,,https://demo.invalid/places/c145a4a6-0a9c-4bce-9c0e-6e221e0563b8,1600,1600
20260728,1785216345000000,2026-07-28T05:25:45+00:00,page_view,detail_view,1.0,synthetic-user-074,synthetic-user-074-session-03,c145a4a6-0a9c-4bce-9c0e-6e221e0563b8,Oak St. Beach,Parks,Parks,1,0,0,,https://demo.invalid/places/c145a4a6-0a9c-4bce-9c0e-6e221e0563b8,4200,4200
20260728,1785217380000000,2026-07-28T05:43:00+00:00,map-user-action,marker_click,1.5,synthetic-user-074,synthetic-user-074-session-03,d14fb43f-6832-4512-918e-9b1d33446f7c,Ohio St. Beach,Parks,Parks,1,0,0,c145a4a6-0a9c-4bce-9c0e-6e221e0563b8,https://demo.invalid/places/d14fb43f-6832-4512-918e-9b1d33446f7c,1600,1600
20260728,1785217425000000,2026-07-28T05:43:45+00:00,page_view,detail_view,1.0,synthetic-user-074,synthetic-user-074-session-03,d14fb43f-6832-4512-918e-9b1d33446f7c,Ohio St. Beach,Parks,Parks,1,0,0,c145a4a6-0a9c-4bce-9c0e-6e221e0563b8,https://demo.invalid/places/d14fb43f-6832-4512-918e-9b1d33446f7c,4200,4200
20260728,1785218460000000,2026-07-28T06:01:00+00:00,map-user-action,marker_click,1.5,synthetic-user-074,synthetic-user-074-session-03,eb682cb2-0b92-4134-8a6a-330f7501203d,Milton Lee Olive Park,Parks,Parks,1,0,0,d14fb43f-6832-4512-918e-9b1d33446f7c,https://demo.invalid/places/eb682cb2-0b92-4134-8a6a-330f7501203d,1600,1600
20260728,1785218505000000,2026-07-28T06:01:45+00:00,page_view,detail_view,1.0,synthetic-user-074,synthetic-user-074-session-03,eb682cb2-0b92-4134-8a6a-330f7501203d,Milton Lee Olive Park,Parks,Parks,1,0,0,d14fb43f-6832-4512-918e-9b1d33446f7c,https://demo.invalid/places/eb682cb2-0b92-4134-8a6a-330f7501203d,4200,4200
20260728,1785219540000000,2026-07-28T06:19:00+00:00,map-user-action,marker_click,1.5,synthetic-user-074,synthetic-user-074-session-03,b30e7e7a-9999-4a0b-91d5-d2035a4ebe93,Fashion Outlets of Chicago,HOT SPOTS; Shops,Shops,2,1,0,eb682cb2-0b92-4134-8a6a-330f7501203d,https://demo.invalid/places/b30e7e7a-9999-4a0b-91d5-d2035a4ebe93,1600,1600
20260728,1785219585000000,2026-07-28T06:19:45+00:00,page_view,detail_view,1.0,synthetic-user-074,synthetic-user-074-session-03,b30e7e7a-9999-4a0b-91d5-d2035a4ebe93,Fashion Outlets of Chicago,HOT SPOTS; Shops,Shops,2,1,0,eb682cb2-0b92-4134-8a6a-330f7501203d,https://demo.invalid/places/b30e7e7a-9999-4a0b-91d5-d2035a4ebe93,4200,4200
20260728,1785255180000000,2026-07-28T16:13:00+00:00,map-user-action,marker_click,1.5,synthetic-user-002,synthetic-user-002-session-03,e3221d57-924a-4709-b0e6-4e5f13c5cc37,Corcoran's Grill & Pub,Restaurants,Restaurants,1,0,0,,https://demo.invalid/places/e3221d57-924a-4709-b0e6-4e5f13c5cc37,1600,1600
20260728,1785255225000000,2026-07-28T16:13:45+00:00,page_view,detail_view,1.0,synthetic-user-002,synthetic-user-002-session-03,e3221d57-924a-4709-b0e6-4e5f13c5cc37,Corcoran's Grill & Pub,Restaurants,Restaurants,1,0,0,,https://demo.invalid/places/e3221d57-924a-4709-b0e6-4e5f13c5cc37,4200,4200
20260728,1785256260000000,2026-07-28T16:31:00+00:00,map-user-action,marker_click,1.5,synthetic-user-002,synthetic-user-002-session-03,1c7ef4bf-a014-4b12-b1b8-d051a3c2a929,The Berghoff,Bars; Restaurants,Bars,2,0,0,e3221d57-924a-4709-b0e6-4e5f13c5cc37,https://demo.invalid/places/1c7ef4bf-a014-4b12-b1b8-d051a3c2a929,1600,1600
20260728,1785256305000000,2026-07-28T16:31:45+00:00,page_view,detail_view,1.0,synthetic-user-002,synthetic-user-002-session-03,1c7ef4bf-a014-4b12-b1b8-d051a3c2a929,The Berghoff,Bars; Restaurants,Bars,2,0,0,e3221d57-924a-4709-b0e6-4e5f13c5cc37,https://demo.invalid/places/1c7ef4bf-a014-4b12-b1b8-d051a3c2a929,4200,4200
20260728,1785257340000000,2026-07-28T16:49:00+00:00,map-user-action,marker_click,1.5,synthetic-user-002,synthetic-user-002-session-03,3b8694ae-ef47-42dc-844d-f21f321a33af,Big Bus Tours Stop 6: Museum Campus,Big Bus Tours Stops,Big Bus Tours Stops,1,0,0,1c7ef4bf-a014-4b12-b1b8-d051a3c2a929,https://demo.invalid/places/3b8694ae-ef47-42dc-844d-f21f321a33af,1600,1600
20260728,1785257385000000,2026-07-28T16:49:45+00:00,page_view,detail_view,1.0,synthetic-user-002,synthetic-user-002-session-03,3b8694ae-ef47-42dc-844d-f21f321a33af,Big Bus Tours Stop 6: Museum Campus,Big Bus Tours Stops,Big Bus Tours Stops,1,0,0,1c7ef4bf-a014-4b12-b1b8-d051a3c2a929,https://demo.invalid/places/3b8694ae-ef47-42dc-844d-f21f321a33af,4200,4200
20260728,1785258420000000,2026-07-28T17:07:00+00:00,map-user-action,marker_click,1.5,synthetic-user-002,synthetic-user-002-session-03,26de0f73-448c-4a37-bc6d-eea719dab500,"PB&J: Pizza, Beer and Jukebox",Bars; Restaurants,Bars,2,0,0,3b8694ae-ef47-42dc-844d-f21f321a33af,https://demo.invalid/places/26de0f73-448c-4a37-bc6d-eea719dab500,1600,1600
20260728,1785258465000000,2026-07-28T17:07:45+00:00,page_view,detail_view,1.0,synthetic-user-002,synthetic-user-002-session-03,26de0f73-448c-4a37-bc6d-eea719dab500,"PB&J: Pizza, Beer and Jukebox",Bars; Restaurants,Bars,2,0,0,3b8694ae-ef47-42dc-844d-f21f321a33af,https://demo.invalid/places/26de0f73-448c-4a37-bc6d-eea719dab500,4200,4200
20260728,1785260640000000,2026-07-28T17:44:00+00:00,map-user-action,marker_click,1.5,synthetic-user-017,synthetic-user-017-session-01,762fee73-00d8-411a-b65e-1d7c11d6bde2,Hampton Inn,Hotels,Hotels,1,0,0,,https://demo.invalid/places/762fee73-00d8-411a-b65e-1d7c11d6bde2,1600,1600
20260728,1785260685000000,2026-07-28T17:44:45+00:00,page_view,detail_view,1.0,synthetic-user-017,synthetic-user-017-session-01,762fee73-00d8-411a-b65e-1d7c11d6bde2,Hampton Inn,Hotels,Hotels,1,0,0,,https://demo.invalid/places/762fee73-00d8-411a-b65e-1d7c11d6bde2,4200,4200
20260728,1785261720000000,2026-07-28T18:02:00+00:00,map-user-action,marker_click,1.5,synthetic-user-017,synthetic-user-017-session-01,e0b0de67-cf08-488e-b33a-9be0e0e9c71a,Hotel Chicago,Hotels,Hotels,1,0,0,762fee73-00d8-411a-b65e-1d7c11d6bde2,https://demo.invalid/places/e0b0de67-cf08-488e-b33a-9be0e0e9c71a,1600,1600
20260728,1785261765000000,2026-07-28T18:02:45+00:00,page_view,detail_view,1.0,synthetic-user-017,synthetic-user-017-session-01,e0b0de67-cf08-488e-b33a-9be0e0e9c71a,Hotel Chicago,Hotels,Hotels,1,0,0,762fee73-00d8-411a-b65e-1d7c11d6bde2,https://demo.invalid/places/e0b0de67-cf08-488e-b33a-9be0e0e9c71a,4200,4200
20260728,1785262800000000,2026-07-28T18:20:00+00:00,map-user-action,marker_click,1.5,synthetic-user-017,synthetic-user-017-session-01,49807a9e-2ffc-49a6-bb8f-5be0c67b9e5a,Holiday Inn Wolf Point,Hotels,Hotels,1,0,0,e0b0de67-cf08-488e-b33a-9be0e0e9c71a,https://demo.invalid/places/49807a9e-2ffc-49a6-bb8f-5be0c67b9e5a,1600,1600
20260728,1785262845000000,2026-07-28T18:20:45+00:00,page_view,detail_view,1.0,synthetic-user-017,synthetic-user-017-session-01,49807a9e-2ffc-49a6-bb8f-5be0c67b9e5a,Holiday Inn Wolf Point,Hotels,Hotels,1,0,0,e0b0de67-cf08-488e-b33a-9be0e0e9c71a,https://demo.invalid/places/49807a9e-2ffc-49a6-bb8f-5be0c67b9e5a,4200,4200
20260728,1785263880000000,2026-07-28T18:38:00+00:00,map-user-action,marker_click,1.5,synthetic-user-017,synthetic-user-017-session-01,7f85d039-6d56-4b3b-bfc6-5e7be75a66e3,Level Old Town,Hotels,Hotels,1,0,0,49807a9e-2ffc-49a6-bb8f-5be0c67b9e5a,https://demo.invalid/places/7f85d039-6d56-4b3b-bfc6-5e7be75a66e3,1600,1600
20260728,1785263925000000,2026-07-28T18:38:45+00:00,page_view,detail_view,1.0,synthetic-user-017,synthetic-user-017-session-01,7f85d039-6d56-4b3b-bfc6-5e7be75a66e3,Level Old Town,Hotels,Hotels,1,0,0,49807a9e-2ffc-49a6-bb8f-5be0c67b9e5a,https://demo.invalid/places/7f85d039-6d56-4b3b-bfc6-5e7be75a66e3,4200,4200
20260728,1785268140000000,2026-07-28T19:49:00+00:00,map-user-action,marker_click,1.5,synthetic-user-025,synthetic-user-025-session-02,075cbd0b-5080-46e7-b4c0-4628b3f50c6e,Canopy,Hotels,Hotels,1,0,0,,https://demo.invalid/places/075cbd0b-5080-46e7-b4c0-4628b3f50c6e,1600,1600
20260728,1785268185000000,2026-07-28T19:49:45+00:00,page_view,detail_view,1.0,synthetic-user-025,synthetic-user-025-session-02,075cbd0b-5080-46e7-b4c0-4628b3f50c6e,Canopy,Hotels,Hotels,1,0,0,,https://demo.invalid/places/075cbd0b-5080-46e7-b4c0-4628b3f50c6e,4200,4200
20260728,1785269220000000,2026-07-28T20:07:00+00:00,map-user-action,marker_click,1.5,synthetic-user-025,synthetic-user-025-session-02,a831daee-9505-4d4b-84fb-4a55ad091ac1,Soldier Field Tour,Sports Venues; Attractions; HOT SPOTS,Sports Venues,3,1,0,075cbd0b-5080-46e7-b4c0-4628b3f50c6e,https://demo.invalid/places/a831daee-9505-4d4b-84fb-4a55ad091ac1,1600,1600
20260728,1785269265000000,2026-07-28T20:07:45+00:00,page_view,detail_view,1.0,synthetic-user-025,synthetic-user-025-session-02,a831daee-9505-4d4b-84fb-4a55ad091ac1,Soldier Field Tour,Sports Venues; Attractions; HOT SPOTS,Sports Venues,3,1,0,075cbd0b-5080-46e7-b4c0-4628b3f50c6e,https://demo.invalid/places/a831daee-9505-4d4b-84fb-4a55ad091ac1,4200,4200
20260728,1785270300000000,2026-07-28T20:25:00+00:00,map-user-action,marker_click,1.5,synthetic-user-025,synthetic-user-025-session-02,4321da98-3d3a-43d9-8fba-c877ed562a22,Chicago Fireboat Tours,Attractions,Attractions,1,0,0,a831daee-9505-4d4b-84fb-4a55ad091ac1,https://demo.invalid/places/4321da98-3d3a-43d9-8fba-c877ed562a22,1600,1600
20260728,1785270345000000,2026-07-28T20:25:45+00:00,page_view,detail_view,1.0,synthetic-user-025,synthetic-user-025-session-02,4321da98-3d3a-43d9-8fba-c877ed562a22,Chicago Fireboat Tours,Attractions,Attractions,1,0,0,a831daee-9505-4d4b-84fb-4a55ad091ac1,https://demo.invalid/places/4321da98-3d3a-43d9-8fba-c877ed562a22,4200,4200
20260728,1785271380000000,2026-07-28T20:43:00+00:00,map-user-action,marker_click,1.5,synthetic-user-025,synthetic-user-025-session-02,6a4649f5-b11a-43e0-af7a-b9cc69837daf,Color Factory,Attractions; HOT SPOTS,Attractions,2,1,0,4321da98-3d3a-43d9-8fba-c877ed562a22,https://demo.invalid/places/6a4649f5-b11a-43e0-af7a-b9cc69837daf,1600,1600
20260728,1785271425000000,2026-07-28T20:43:45+00:00,page_view,detail_view,1.0,synthetic-user-025,synthetic-user-025-session-02,6a4649f5-b11a-43e0-af7a-b9cc69837daf,Color Factory,Attractions; HOT SPOTS,Attractions,2,1,0,4321da98-3d3a-43d9-8fba-c877ed562a22,https://demo.invalid/places/6a4649f5-b11a-43e0-af7a-b9cc69837daf,4200,4200
20260728,1785275640000000,2026-07-28T21:54:00+00:00,map-user-action,marker_click,1.5,synthetic-user-033,synthetic-user-033-session-03,496eb597-d0ef-4312-8cbc-e5c8a49de418,Gale,Hotels,Hotels,1,0,0,,https://demo.invalid/places/496eb597-d0ef-4312-8cbc-e5c8a49de418,1600,1600
20260728,1785275685000000,2026-07-28T21:54:45+00:00,page_view,detail_view,1.0,synthetic-user-033,synthetic-user-033-session-03,496eb597-d0ef-4312-8cbc-e5c8a49de418,Gale,Hotels,Hotels,1,0,0,,https://demo.invalid/places/496eb597-d0ef-4312-8cbc-e5c8a49de418,4200,4200
20260728,1785276720000000,2026-07-28T22:12:00+00:00,map-user-action,marker_click,1.5,synthetic-user-033,synthetic-user-033-session-03,9887104e-c3d1-48b3-adfa-cabd5303713d,WNDR Museum,HOT SPOTS; Museums,Museums,2,1,0,496eb597-d0ef-4312-8cbc-e5c8a49de418,https://demo.invalid/places/9887104e-c3d1-48b3-adfa-cabd5303713d,1600,1600
20260728,1785276765000000,2026-07-28T22:12:45+00:00,page_view,detail_view,1.0,synthetic-user-033,synthetic-user-033-session-03,9887104e-c3d1-48b3-adfa-cabd5303713d,WNDR Museum,HOT SPOTS; Museums,Museums,2,1,0,496eb597-d0ef-4312-8cbc-e5c8a49de418,https://demo.invalid/places/9887104e-c3d1-48b3-adfa-cabd5303713d,4200,4200
20260728,1785277800000000,2026-07-28T22:30:00+00:00,map-user-action,marker_click,1.5,synthetic-user-033,synthetic-user-033-session-03,23009197-97af-46e0-ab84-86de5152ec48,Mindworks: The Science of Thinking,HOT SPOTS; Museums,Museums,2,1,0,9887104e-c3d1-48b3-adfa-cabd5303713d,https://demo.invalid/places/23009197-97af-46e0-ab84-86de5152ec48,1600,1600
20260728,1785277845000000,2026-07-28T22:30:45+00:00,page_view,detail_view,1.0,synthetic-user-033,synthetic-user-033-session-03,23009197-97af-46e0-ab84-86de5152ec48,Mindworks: The Science of Thinking,HOT SPOTS; Museums,Museums,2,1,0,9887104e-c3d1-48b3-adfa-cabd5303713d,https://demo.invalid/places/23009197-97af-46e0-ab84-86de5152ec48,4200,4200
20260728,1785278880000000,2026-07-28T22:48:00+00:00,map-user-action,marker_click,1.5,synthetic-user-033,synthetic-user-033-session-03,cc926fb8-553c-47bc-82e2-16b8e013a2ae,Chicago Fire Department - Engine Co. 18,Movie & TV Locations,Movie & TV Locations,1,0,0,23009197-97af-46e0-ab84-86de5152ec48,https://demo.invalid/places/cc926fb8-553c-47bc-82e2-16b8e013a2ae,1600,1600
20260728,1785278925000000,2026-07-28T22:48:45+00:00,page_view,detail_view,1.0,synthetic-user-033,synthetic-user-033-session-03,cc926fb8-553c-47bc-82e2-16b8e013a2ae,Chicago Fire Department - Engine Co. 18,Movie & TV Locations,Movie & TV Locations,1,0,0,23009197-97af-46e0-ab84-86de5152ec48,https://demo.invalid/places/cc926fb8-553c-47bc-82e2-16b8e013a2ae,4200,4200
20260728,1785281100000000,2026-07-28T23:25:00+00:00,map-user-action,marker_click,1.5,synthetic-user-048,synthetic-user-048-session-01,b27be0cb-8774-401b-9aaa-2d5c1fda212d,Maggie Daley Park,Parks,Parks,1,0,0,,https://demo.invalid/places/b27be0cb-8774-401b-9aaa-2d5c1fda212d,1600,1600
20260728,1785281145000000,2026-07-28T23:25:45+00:00,page_view,detail_view,1.0,synthetic-user-048,synthetic-user-048-session-01,b27be0cb-8774-401b-9aaa-2d5c1fda212d,Maggie Daley Park,Parks,Parks,1,0,0,,https://demo.invalid/places/b27be0cb-8774-401b-9aaa-2d5c1fda212d,4200,4200
20260728,1785282180000000,2026-07-28T23:43:00+00:00,map-user-action,marker_click,1.5,synthetic-user-048,synthetic-user-048-session-01,c145a4a6-0a9c-4bce-9c0e-6e221e0563b8,Oak St. Beach,Parks,Parks,1,0,0,b27be0cb-8774-401b-9aaa-2d5c1fda212d,https://demo.invalid/places/c145a4a6-0a9c-4bce-9c0e-6e221e0563b8,1600,1600
20260728,1785282225000000,2026-07-28T23:43:45+00:00,page_view,detail_view,1.0,synthetic-user-048,synthetic-user-048-session-01,c145a4a6-0a9c-4bce-9c0e-6e221e0563b8,Oak St. Beach,Parks,Parks,1,0,0,b27be0cb-8774-401b-9aaa-2d5c1fda212d,https://demo.invalid/places/c145a4a6-0a9c-4bce-9c0e-6e221e0563b8,4200,4200
20260729,1785283260000000,2026-07-29T00:01:00+00:00,map-user-action,marker_click,1.5,synthetic-user-048,synthetic-user-048-session-01,1eb0d402-8f19-46df-90f8-0b1c953cfa88,Millennium Park,Parks; Attractions,Parks,2,0,0,c145a4a6-0a9c-4bce-9c0e-6e221e0563b8,https://demo.invalid/places/1eb0d402-8f19-46df-90f8-0b1c953cfa88,1600,1600
20260729,1785283305000000,2026-07-29T00:01:45+00:00,page_view,detail_view,1.0,synthetic-user-048,synthetic-user-048-session-01,1eb0d402-8f19-46df-90f8-0b1c953cfa88,Millennium Park,Parks; Attractions,Parks,2,0,0,c145a4a6-0a9c-4bce-9c0e-6e221e0563b8,https://demo.invalid/places/1eb0d402-8f19-46df-90f8-0b1c953cfa88,4200,4200
20260729,1785284340000000,2026-07-29T00:19:00+00:00,map-user-action,marker_click,1.5,synthetic-user-048,synthetic-user-048-session-01,eb682cb2-0b92-4134-8a6a-330f7501203d,Milton Lee Olive Park,Parks,Parks,1,0,0,1eb0d402-8f19-46df-90f8-0b1c953cfa88,https://demo.invalid/places/eb682cb2-0b92-4134-8a6a-330f7501203d,1600,1600
20260729,1785284385000000,2026-07-29T00:19:45+00:00,page_view,detail_view,1.0,synthetic-user-048,synthetic-user-048-session-01,eb682cb2-0b92-4134-8a6a-330f7501203d,Milton Lee Olive Park,Parks,Parks,1,0,0,1eb0d402-8f19-46df-90f8-0b1c953cfa88,https://demo.invalid/places/eb682cb2-0b92-4134-8a6a-330f7501203d,4200,4200
20260729,1785288600000000,2026-07-29T01:30:00+00:00,map-user-action,marker_click,1.5,synthetic-user-056,synthetic-user-056-session-02,8d560815-fdab-4531-be30-fa65f7595c5b,Homewood Suites Hilton Garden Inn,Hotels,Hotels,1,0,0,,https://demo.invalid/places/8d560815-fdab-4531-be30-fa65f7595c5b,1600,1600
20260729,1785288645000000,2026-07-29T01:30:45+00:00,page_view,detail_view,1.0,synthetic-user-056,synthetic-user-056-session-02,8d560815-fdab-4531-be30-fa65f7595c5b,Homewood Suites Hilton Garden Inn,Hotels,Hotels,1,0,0,,https://demo.invalid/places/8d560815-fdab-4531-be30-fa65f7595c5b,4200,4200
20260729,1785289680000000,2026-07-29T01:48:00+00:00,map-user-action,marker_click,1.5,synthetic-user-056,synthetic-user-056-session-02,cfd1b838-43d3-4489-aa3a-13cd2dd03835,Found Chicago,Hotels,Hotels,1,0,0,8d560815-fdab-4531-be30-fa65f7595c5b,https://demo.invalid/places/cfd1b838-43d3-4489-aa3a-13cd2dd03835,1600,1600
20260729,1785289725000000,2026-07-29T01:48:45+00:00,page_view,detail_view,1.0,synthetic-user-056,synthetic-user-056-session-02,cfd1b838-43d3-4489-aa3a-13cd2dd03835,Found Chicago,Hotels,Hotels,1,0,0,8d560815-fdab-4531-be30-fa65f7595c5b,https://demo.invalid/places/cfd1b838-43d3-4489-aa3a-13cd2dd03835,4200,4200
20260729,1785290760000000,2026-07-29T02:06:00+00:00,map-user-action,marker_click,1.5,synthetic-user-056,synthetic-user-056-session-02,f616e347-ea50-452b-a39d-828a82589556,Hampton Majestic,Hotels,Hotels,1,0,0,cfd1b838-43d3-4489-aa3a-13cd2dd03835,https://demo.invalid/places/f616e347-ea50-452b-a39d-828a82589556,1600,1600
20260729,1785290805000000,2026-07-29T02:06:45+00:00,page_view,detail_view,1.0,synthetic-user-056,synthetic-user-056-session-02,f616e347-ea50-452b-a39d-828a82589556,Hampton Majestic,Hotels,Hotels,1,0,0,cfd1b838-43d3-4489-aa3a-13cd2dd03835,https://demo.invalid/places/f616e347-ea50-452b-a39d-828a82589556,4200,4200
20260729,1785291840000000,2026-07-29T02:24:00+00:00,map-user-action,marker_click,1.5,synthetic-user-056,synthetic-user-056-session-02,cdcd0f08-0f9b-49d4-9fed-e825b3541754,Waldorf Astoria,Hotels,Hotels,1,0,0,f616e347-ea50-452b-a39d-828a82589556,https://demo.invalid/places/cdcd0f08-0f9b-49d4-9fed-e825b3541754,1600,1600
20260729,1785291885000000,2026-07-29T02:24:45+00:00,page_view,detail_view,1.0,synthetic-user-056,synthetic-user-056-session-02,cdcd0f08-0f9b-49d4-9fed-e825b3541754,Waldorf Astoria,Hotels,Hotels,1,0,0,f616e347-ea50-452b-a39d-828a82589556,https://demo.invalid/places/cdcd0f08-0f9b-49d4-9fed-e825b3541754,4200,4200
20260729,1785296100000000,2026-07-29T03:35:00+00:00,map-user-action,marker_click,1.5,synthetic-user-064,synthetic-user-064-session-03,a831daee-9505-4d4b-84fb-4a55ad091ac1,Soldier Field Tour,Sports Venues; Attractions; HOT SPOTS,Sports Venues,3,1,0,,https://demo.invalid/places/a831daee-9505-4d4b-84fb-4a55ad091ac1,1600,1600
20260729,1785296145000000,2026-07-29T03:35:45+00:00,page_view,detail_view,1.0,synthetic-user-064,synthetic-user-064-session-03,a831daee-9505-4d4b-84fb-4a55ad091ac1,Soldier Field Tour,Sports Venues; Attractions; HOT SPOTS,Sports Venues,3,1,0,,https://demo.invalid/places/a831daee-9505-4d4b-84fb-4a55ad091ac1,4200,4200
20260729,1785297180000000,2026-07-29T03:53:00+00:00,map-user-action,marker_click,1.5,synthetic-user-064,synthetic-user-064-session-03,c8e2ab0a-cd1e-4a6a-953a-3bc83981ea04,Wintrust Arena,Sports Venues,Sports Venues,1,0,0,a831daee-9505-4d4b-84fb-4a55ad091ac1,https://demo.invalid/places/c8e2ab0a-cd1e-4a6a-953a-3bc83981ea04,1600,1600
20260729,1785297225000000,2026-07-29T03:53:45+00:00,page_view,detail_view,1.0,synthetic-user-064,synthetic-user-064-session-03,c8e2ab0a-cd1e-4a6a-953a-3bc83981ea04,Wintrust Arena,Sports Venues,Sports Venues,1,0,0,a831daee-9505-4d4b-84fb-4a55ad091ac1,https://demo.invalid/places/c8e2ab0a-cd1e-4a6a-953a-3bc83981ea04,4200,4200
20260729,1785298260000000,2026-07-29T04:11:00+00:00,map-user-action,marker_click,1.5,synthetic-user-064,synthetic-user-064-session-03,b704aaa2-37b1-4615-8a6c-e5478ff2948b,Big Bus Tours Stop 5: Adler Planetarium,Big Bus Tours Stops,Big Bus Tours Stops,1,0,0,c8e2ab0a-cd1e-4a6a-953a-3bc83981ea04,https://demo.invalid/places/b704aaa2-37b1-4615-8a6c-e5478ff2948b,1600,1600
20260729,1785298305000000,2026-07-29T04:11:45+00:00,page_view,detail_view,1.0,synthetic-user-064,synthetic-user-064-session-03,b704aaa2-37b1-4615-8a6c-e5478ff2948b,Big Bus Tours Stop 5: Adler Planetarium,Big Bus Tours Stops,Big Bus Tours Stops,1,0,0,c8e2ab0a-cd1e-4a6a-953a-3bc83981ea04,https://demo.invalid/places/b704aaa2-37b1-4615-8a6c-e5478ff2948b,4200,4200
20260729,1785299340000000,2026-07-29T04:29:00+00:00,map-user-action,marker_click,1.5,synthetic-user-064,synthetic-user-064-session-03,363cebe0-f000-46b9-80ba-e3df5a748896,Fora,Attractions,Attractions,1,0,0,b704aaa2-37b1-4615-8a6c-e5478ff2948b,https://demo.invalid/places/363cebe0-f000-46b9-80ba-e3df5a748896,1600,1600
20260729,1785299385000000,2026-07-29T04:29:45+00:00,page_view,detail_view,1.0,synthetic-user-064,synthetic-user-064-session-03,363cebe0-f000-46b9-80ba-e3df5a748896,Fora,Attractions,Attractions,1,0,0,b704aaa2-37b1-4615-8a6c-e5478ff2948b,https://demo.invalid/places/363cebe0-f000-46b9-80ba-e3df5a748896,4200,4200
20260729,1785301560000000,2026-07-29T05:06:00+00:00,map-user-action,marker_click,1.5,synthetic-user-079,synthetic-user-079-session-01,096d51e9-abb2-422a-9ecc-c201c21bf277,Studio W.I.P.,Attractions; HOT SPOTS,Attractions,2,1,0,,https://demo.invalid/places/096d51e9-abb2-422a-9ecc-c201c21bf277,1600,1600
20260729,1785301605000000,2026-07-29T05:06:45+00:00,page_view,detail_view,1.0,synthetic-user-079,synthetic-user-079-session-01,096d51e9-abb2-422a-9ecc-c201c21bf277,Studio W.I.P.,Attractions; HOT SPOTS,Attractions,2,1,0,,https://demo.invalid/places/096d51e9-abb2-422a-9ecc-c201c21bf277,4200,4200
20260729,1785302640000000,2026-07-29T05:24:00+00:00,map-user-action,marker_click,1.5,synthetic-user-079,synthetic-user-079-session-01,61768a34-2c0f-45d4-9905-974768fb63ec,Lincoln Park Zoo,Attractions,Attractions,1,0,0,096d51e9-abb2-422a-9ecc-c201c21bf277,https://demo.invalid/places/61768a34-2c0f-45d4-9905-974768fb63ec,1600,1600
20260729,1785302685000000,2026-07-29T05:24:45+00:00,page_view,detail_view,1.0,synthetic-user-079,synthetic-user-079-session-01,61768a34-2c0f-45d4-9905-974768fb63ec,Lincoln Park Zoo,Attractions,Attractions,1,0,0,096d51e9-abb2-422a-9ecc-c201c21bf277,https://demo.invalid/places/61768a34-2c0f-45d4-9905-974768fb63ec,4200,4200
20260729,1785303720000000,2026-07-29T05:42:00+00:00,map-user-action,marker_click,1.5,synthetic-user-079,synthetic-user-079-session-01,ac00804f-ed14-4e2e-9154-0eb97831b648,Raising Cane’s Chicken Fingers - Wrigleyville,Attractions,Attractions,1,0,0,61768a34-2c0f-45d4-9905-974768fb63ec,https://demo.invalid/places/ac00804f-ed14-4e2e-9154-0eb97831b648,1600,1600
20260729,1785303765000000,2026-07-29T05:42:45+00:00,page_view,detail_view,1.0,synthetic-user-079,synthetic-user-079-session-01,ac00804f-ed14-4e2e-9154-0eb97831b648,Raising Cane’s Chicken Fingers - Wrigleyville,Attractions,Attractions,1,0,0,61768a34-2c0f-45d4-9905-974768fb63ec,https://demo.invalid/places/ac00804f-ed14-4e2e-9154-0eb97831b648,4200,4200
20260729,1785304800000000,2026-07-29T06:00:00+00:00,map-user-action,marker_click,1.5,synthetic-user-079,synthetic-user-079-session-01,dafb4595-6b64-4bbc-ac21-ae13d041bdb4,Roll Up,Attractions,Attractions,1,0,0,ac00804f-ed14-4e2e-9154-0eb97831b648,https://demo.invalid/places/dafb4595-6b64-4bbc-ac21-ae13d041bdb4,1600,1600
20260729,1785304845000000,2026-07-29T06:00:45+00:00,page_view,detail_view,1.0,synthetic-user-079,synthetic-user-079-session-01,dafb4595-6b64-4bbc-ac21-ae13d041bdb4,Roll Up,Attractions,Attractions,1,0,0,ac00804f-ed14-4e2e-9154-0eb97831b648,https://demo.invalid/places/dafb4595-6b64-4bbc-ac21-ae13d041bdb4,4200,4200
20260729,1785340440000000,2026-07-29T15:54:00+00:00,map-user-action,marker_click,1.5,synthetic-user-007,synthetic-user-007-session-01,23009197-97af-46e0-ab84-86de5152ec48,Mindworks: The Science of Thinking,HOT SPOTS; Museums,Museums,2,1,0,,https://demo.invalid/places/23009197-97af-46e0-ab84-86de5152ec48,1600,1600
20260729,1785340485000000,2026-07-29T15:54:45+00:00,page_view,detail_view,1.0,synthetic-user-007,synthetic-user-007-session-01,23009197-97af-46e0-ab84-86de5152ec48,Mindworks: The Science of Thinking,HOT SPOTS; Museums,Museums,2,1,0,,https://demo.invalid/places/23009197-97af-46e0-ab84-86de5152ec48,4200,4200
20260729,1785341520000000,2026-07-29T16:12:00+00:00,map-user-action,marker_click,1.5,synthetic-user-007,synthetic-user-007-session-01,69823c0c-c554-444b-b769-1b8eb2fcbc6c,Best Western,Hotels,Hotels,1,0,0,23009197-97af-46e0-ab84-86de5152ec48,https://demo.invalid/places/69823c0c-c554-444b-b769-1b8eb2fcbc6c,1600,1600
20260729,1785341565000000,2026-07-29T16:12:45+00:00,page_view,detail_view,1.0,synthetic-user-007,synthetic-user-007-session-01,69823c0c-c554-444b-b769-1b8eb2fcbc6c,Best Western,Hotels,Hotels,1,0,0,23009197-97af-46e0-ab84-86de5152ec48,https://demo.invalid/places/69823c0c-c554-444b-b769-1b8eb2fcbc6c,4200,4200
20260729,1785342600000000,2026-07-29T16:30:00+00:00,map-user-action,marker_click,1.5,synthetic-user-007,synthetic-user-007-session-01,9887104e-c3d1-48b3-adfa-cabd5303713d,WNDR Museum,HOT SPOTS; Museums,Museums,2,1,0,69823c0c-c554-444b-b769-1b8eb2fcbc6c,https://demo.invalid/places/9887104e-c3d1-48b3-adfa-cabd5303713d,1600,1600
20260729,1785342645000000,2026-07-29T16:30:45+00:00,page_view,detail_view,1.0,synthetic-user-007,synthetic-user-007-session-01,9887104e-c3d1-48b3-adfa-cabd5303713d,WNDR Museum,HOT SPOTS; Museums,Museums,2,1,0,69823c0c-c554-444b-b769-1b8eb2fcbc6c,https://demo.invalid/places/9887104e-c3d1-48b3-adfa-cabd5303713d,4200,4200
20260729,1785343680000000,2026-07-29T16:48:00+00:00,map-user-action,marker_click,1.5,synthetic-user-007,synthetic-user-007-session-01,fee6875f-c61c-4d9f-a828-73e3446a3a6c,Museum of Broadcast Communications,HOT SPOTS; Museums,Museums,2,1,0,9887104e-c3d1-48b3-adfa-cabd5303713d,https://demo.invalid/places/fee6875f-c61c-4d9f-a828-73e3446a3a6c,1600,1600
20260729,1785343725000000,2026-07-29T16:48:45+00:00,page_view,detail_view,1.0,synthetic-user-007,synthetic-user-007-session-01,fee6875f-c61c-4d9f-a828-73e3446a3a6c,Museum of Broadcast Communications,HOT SPOTS; Museums,Museums,2,1,0,9887104e-c3d1-48b3-adfa-cabd5303713d,https://demo.invalid/places/fee6875f-c61c-4d9f-a828-73e3446a3a6c,4200,4200
20260729,1785347940000000,2026-07-29T17:59:00+00:00,map-user-action,marker_click,1.5,synthetic-user-015,synthetic-user-015-session-02,d65176b1-8e20-4458-b462-049875cde51f,Northman Beer & Cider Garden,Bars; Restaurants,Bars,2,0,0,,https://demo.invalid/places/d65176b1-8e20-4458-b462-049875cde51f,1600,1600
20260729,1785347985000000,2026-07-29T17:59:45+00:00,page_view,detail_view,1.0,synthetic-user-015,synthetic-user-015-session-02,d65176b1-8e20-4458-b462-049875cde51f,Northman Beer & Cider Garden,Bars; Restaurants,Bars,2,0,0,,https://demo.invalid/places/d65176b1-8e20-4458-b462-049875cde51f,4200,4200
20260729,1785349020000000,2026-07-29T18:17:00+00:00,map-user-action,marker_click,1.5,synthetic-user-015,synthetic-user-015-session-02,8c84468c-e58a-4eb7-acba-a9d1932f872a,Goose Island Taproom,Bars; Restaurants,Bars,2,0,0,d65176b1-8e20-4458-b462-049875cde51f,https://demo.invalid/places/8c84468c-e58a-4eb7-acba-a9d1932f872a,1600,1600
20260729,1785349065000000,2026-07-29T18:17:45+00:00,page_view,detail_view,1.0,synthetic-user-015,synthetic-user-015-session-02,8c84468c-e58a-4eb7-acba-a9d1932f872a,Goose Island Taproom,Bars; Restaurants,Bars,2,0,0,d65176b1-8e20-4458-b462-049875cde51f,https://demo.invalid/places/8c84468c-e58a-4eb7-acba-a9d1932f872a,4200,4200
20260729,1785350100000000,2026-07-29T18:35:00+00:00,map-user-action,marker_click,1.5,synthetic-user-015,synthetic-user-015-session-02,002bef51-0b5d-4a9b-b04b-818a9cd9d1fc,Kingston Mines,HOT SPOTS; Bars; Theaters and Music Venues,Bars,3,1,0,8c84468c-e58a-4eb7-acba-a9d1932f872a,https://demo.invalid/places/002bef51-0b5d-4a9b-b04b-818a9cd9d1fc,1600,1600
20260729,1785350145000000,2026-07-29T18:35:45+00:00,page_view,detail_view,1.0,synthetic-user-015,synthetic-user-015-session-02,002bef51-0b5d-4a9b-b04b-818a9cd9d1fc,Kingston Mines,HOT SPOTS; Bars; Theaters and Music Venues,Bars,3,1,0,8c84468c-e58a-4eb7-acba-a9d1932f872a,https://demo.invalid/places/002bef51-0b5d-4a9b-b04b-818a9cd9d1fc,4200,4200
20260729,1785351180000000,2026-07-29T18:53:00+00:00,map-user-action,marker_click,1.5,synthetic-user-015,synthetic-user-015-session-02,b7849405-a2a4-475d-8129-81f9191b3300,Flight Club,Bars; Restaurants,Bars,2,0,0,002bef51-0b5d-4a9b-b04b-818a9cd9d1fc,https://demo.invalid/places/b7849405-a2a4-475d-8129-81f9191b3300,1600,1600
20260729,1785351225000000,2026-07-29T18:53:45+00:00,page_view,detail_view,1.0,synthetic-user-015,synthetic-user-015-session-02,b7849405-a2a4-475d-8129-81f9191b3300,Flight Club,Bars; Restaurants,Bars,2,0,0,002bef51-0b5d-4a9b-b04b-818a9cd9d1fc,https://demo.invalid/places/b7849405-a2a4-475d-8129-81f9191b3300,4200,4200
20260729,1785355440000000,2026-07-29T20:04:00+00:00,map-user-action,marker_click,1.5,synthetic-user-023,synthetic-user-023-session-03,64b4a648-f762-4fa8-9967-3e9b9627f5b3,McDonald's,Restaurants,Restaurants,1,0,0,,https://demo.invalid/places/64b4a648-f762-4fa8-9967-3e9b9627f5b3,1600,1600
20260729,1785355485000000,2026-07-29T20:04:45+00:00,page_view,detail_view,1.0,synthetic-user-023,synthetic-user-023-session-03,64b4a648-f762-4fa8-9967-3e9b9627f5b3,McDonald's,Restaurants,Restaurants,1,0,0,,https://demo.invalid/places/64b4a648-f762-4fa8-9967-3e9b9627f5b3,4200,4200
20260729,1785356520000000,2026-07-29T20:22:00+00:00,map-user-action,marker_click,1.5,synthetic-user-023,synthetic-user-023-session-03,4563ec56-276b-4e55-b02c-cf4036ae1c96,Greek Islands,Restaurants,Restaurants,1,0,0,64b4a648-f762-4fa8-9967-3e9b9627f5b3,https://demo.invalid/places/4563ec56-276b-4e55-b02c-cf4036ae1c96,1600,1600
20260729,1785356565000000,2026-07-29T20:22:45+00:00,page_view,detail_view,1.0,synthetic-user-023,synthetic-user-023-session-03,4563ec56-276b-4e55-b02c-cf4036ae1c96,Greek Islands,Restaurants,Restaurants,1,0,0,64b4a648-f762-4fa8-9967-3e9b9627f5b3,https://demo.invalid/places/4563ec56-276b-4e55-b02c-cf4036ae1c96,4200,4200
20260729,1785357600000000,2026-07-29T20:40:00+00:00,map-user-action,marker_click,1.5,synthetic-user-023,synthetic-user-023-session-03,496eb597-d0ef-4312-8cbc-e5c8a49de418,Gale,Hotels,Hotels,1,0,0,4563ec56-276b-4e55-b02c-cf4036ae1c96,https://demo.invalid/places/496eb597-d0ef-4312-8cbc-e5c8a49de418,1600,1600
20260729,1785357645000000,2026-07-29T20:40:45+00:00,page_view,detail_view,1.0,synthetic-user-023,synthetic-user-023-session-03,496eb597-d0ef-4312-8cbc-e5c8a49de418,Gale,Hotels,Hotels,1,0,0,4563ec56-276b-4e55-b02c-cf4036ae1c96,https://demo.invalid/places/496eb597-d0ef-4312-8cbc-e5c8a49de418,4200,4200
20260729,1785358680000000,2026-07-29T20:58:00+00:00,map-user-action,marker_click,1.5,synthetic-user-023,synthetic-user-023-session-03,d5148032-0c5f-467b-b29e-a5202d3af219,Big Bus Tours Stop 10: 360 Chicago,Big Bus Tours Stops,Big Bus Tours Stops,1,0,0,496eb597-d0ef-4312-8cbc-e5c8a49de418,https://demo.invalid/places/d5148032-0c5f-467b-b29e-a5202d3af219,1600,1600
20260729,1785358725000000,2026-07-29T20:58:45+00:00,page_view,detail_view,1.0,synthetic-user-023,synthetic-user-023-session-03,d5148032-0c5f-467b-b29e-a5202d3af219,Big Bus Tours Stop 10: 360 Chicago,Big Bus Tours Stops,Big Bus Tours Stops,1,0,0,496eb597-d0ef-4312-8cbc-e5c8a49de418,https://demo.invalid/places/d5148032-0c5f-467b-b29e-a5202d3af219,4200,4200
20260729,1785360900000000,2026-07-29T21:35:00+00:00,map-user-action,marker_click,1.5,synthetic-user-038,synthetic-user-038-session-01,90b8cde4-6823-4348-ad72-f07edacea59e,Doubletree,Hotels,Hotels,1,0,0,,https://demo.invalid/places/90b8cde4-6823-4348-ad72-f07edacea59e,1600,1600
20260729,1785360945000000,2026-07-29T21:35:45+00:00,page_view,detail_view,1.0,synthetic-user-038,synthetic-user-038-session-01,90b8cde4-6823-4348-ad72-f07edacea59e,Doubletree,Hotels,Hotels,1,0,0,,https://demo.invalid/places/90b8cde4-6823-4348-ad72-f07edacea59e,4200,4200
20260729,1785361980000000,2026-07-29T21:53:00+00:00,map-user-action,marker_click,1.5,synthetic-user-038,synthetic-user-038-session-01,a831daee-9505-4d4b-84fb-4a55ad091ac1,Soldier Field Tour,Sports Venues; Attractions; HOT SPOTS,Sports Venues,3,1,0,90b8cde4-6823-4348-ad72-f07edacea59e,https://demo.invalid/places/a831daee-9505-4d4b-84fb-4a55ad091ac1,1600,1600
20260729,1785362025000000,2026-07-29T21:53:45+00:00,page_view,detail_view,1.0,synthetic-user-038,synthetic-user-038-session-01,a831daee-9505-4d4b-84fb-4a55ad091ac1,Soldier Field Tour,Sports Venues; Attractions; HOT SPOTS,Sports Venues,3,1,0,90b8cde4-6823-4348-ad72-f07edacea59e,https://demo.invalid/places/a831daee-9505-4d4b-84fb-4a55ad091ac1,4200,4200
20260729,1785363060000000,2026-07-29T22:11:00+00:00,map-user-action,marker_click,1.5,synthetic-user-038,synthetic-user-038-session-01,c8e2ab0a-cd1e-4a6a-953a-3bc83981ea04,Wintrust Arena,Sports Venues,Sports Venues,1,0,0,a831daee-9505-4d4b-84fb-4a55ad091ac1,https://demo.invalid/places/c8e2ab0a-cd1e-4a6a-953a-3bc83981ea04,1600,1600
20260729,1785363105000000,2026-07-29T22:11:45+00:00,page_view,detail_view,1.0,synthetic-user-038,synthetic-user-038-session-01,c8e2ab0a-cd1e-4a6a-953a-3bc83981ea04,Wintrust Arena,Sports Venues,Sports Venues,1,0,0,a831daee-9505-4d4b-84fb-4a55ad091ac1,https://demo.invalid/places/c8e2ab0a-cd1e-4a6a-953a-3bc83981ea04,4200,4200
20260729,1785364140000000,2026-07-29T22:29:00+00:00,map-user-action,marker_click,1.5,synthetic-user-038,synthetic-user-038-session-01,adfcbe83-44e3-48cd-b9e8-21a774b4dfa8,United Center,Sports Venues,Sports Venues,1,0,0,c8e2ab0a-cd1e-4a6a-953a-3bc83981ea04,https://demo.invalid/places/adfcbe83-44e3-48cd-b9e8-21a774b4dfa8,1600,1600
20260729,1785364185000000,2026-07-29T22:29:45+00:00,page_view,detail_view,1.0,synthetic-user-038,synthetic-user-038-session-01,adfcbe83-44e3-48cd-b9e8-21a774b4dfa8,United Center,Sports Venues,Sports Venues,1,0,0,c8e2ab0a-cd1e-4a6a-953a-3bc83981ea04,https://demo.invalid/places/adfcbe83-44e3-48cd-b9e8-21a774b4dfa8,4200,4200
20260729,1785368400000000,2026-07-29T23:40:00+00:00,map-user-action,marker_click,1.5,synthetic-user-046,synthetic-user-046-session-02,43e97c98-e7c7-4f6c-8b71-0d4c2fd73fdd,Hampton Inn & Suites Chicago Medical District UIC,Hotels,Hotels,1,0,0,,https://demo.invalid/places/43e97c98-e7c7-4f6c-8b71-0d4c2fd73fdd,1600,1600
20260729,1785368445000000,2026-07-29T23:40:45+00:00,page_view,detail_view,1.0,synthetic-user-046,synthetic-user-046-session-02,43e97c98-e7c7-4f6c-8b71-0d4c2fd73fdd,Hampton Inn & Suites Chicago Medical District UIC,Hotels,Hotels,1,0,0,,https://demo.invalid/places/43e97c98-e7c7-4f6c-8b71-0d4c2fd73fdd,4200,4200
20260729,1785369480000000,2026-07-29T23:58:00+00:00,map-user-action,marker_click,1.5,synthetic-user-046,synthetic-user-046-session-02,23009197-97af-46e0-ab84-86de5152ec48,Mindworks: The Science of Thinking,HOT SPOTS; Museums,Museums,2,1,0,43e97c98-e7c7-4f6c-8b71-0d4c2fd73fdd,https://demo.invalid/places/23009197-97af-46e0-ab84-86de5152ec48,1600,1600
20260729,1785369525000000,2026-07-29T23:58:45+00:00,page_view,detail_view,1.0,synthetic-user-046,synthetic-user-046-session-02,23009197-97af-46e0-ab84-86de5152ec48,Mindworks: The Science of Thinking,HOT SPOTS; Museums,Museums,2,1,0,43e97c98-e7c7-4f6c-8b71-0d4c2fd73fdd,https://demo.invalid/places/23009197-97af-46e0-ab84-86de5152ec48,4200,4200
20260730,1785370560000000,2026-07-30T00:16:00+00:00,map-user-action,marker_click,1.5,synthetic-user-046,synthetic-user-046-session-02,0ca4aa52-726e-4bcd-bd91-754da82c23ba,Big Bus Tours Stop 8: Navy Pier,Big Bus Tours Stops,Big Bus Tours Stops,1,0,0,23009197-97af-46e0-ab84-86de5152ec48,https://demo.invalid/places/0ca4aa52-726e-4bcd-bd91-754da82c23ba,1600,1600
20260730,1785370605000000,2026-07-30T00:16:45+00:00,page_view,detail_view,1.0,synthetic-user-046,synthetic-user-046-session-02,0ca4aa52-726e-4bcd-bd91-754da82c23ba,Big Bus Tours Stop 8: Navy Pier,Big Bus Tours Stops,Big Bus Tours Stops,1,0,0,23009197-97af-46e0-ab84-86de5152ec48,https://demo.invalid/places/0ca4aa52-726e-4bcd-bd91-754da82c23ba,4200,4200
20260730,1785371640000000,2026-07-30T00:34:00+00:00,map-user-action,marker_click,1.5,synthetic-user-046,synthetic-user-046-session-02,b80ec83e-e032-4d97-be24-bad2c7c4f757,Allegro Royal Sonesta,Hotels,Hotels,1,0,0,0ca4aa52-726e-4bcd-bd91-754da82c23ba,https://demo.invalid/places/b80ec83e-e032-4d97-be24-bad2c7c4f757,1600,1600
20260730,1785371685000000,2026-07-30T00:34:45+00:00,page_view,detail_view,1.0,synthetic-user-046,synthetic-user-046-session-02,b80ec83e-e032-4d97-be24-bad2c7c4f757,Allegro Royal Sonesta,Hotels,Hotels,1,0,0,0ca4aa52-726e-4bcd-bd91-754da82c23ba,https://demo.invalid/places/b80ec83e-e032-4d97-be24-bad2c7c4f757,4200,4200
20260730,1785375900000000,2026-07-30T01:45:00+00:00,map-user-action,marker_click,1.5,synthetic-user-054,synthetic-user-054-session-03,100cd1d6-0af9-497a-a070-063645f6304a,AC,Hotels,Hotels,1,0,0,,https://demo.invalid/places/100cd1d6-0af9-497a-a070-063645f6304a,1600,1600
20260730,1785375945000000,2026-07-30T01:45:45+00:00,page_view,detail_view,1.0,synthetic-user-054,synthetic-user-054-session-03,100cd1d6-0af9-497a-a070-063645f6304a,AC,Hotels,Hotels,1,0,0,,https://demo.invalid/places/100cd1d6-0af9-497a-a070-063645f6304a,4200,4200
20260730,1785376980000000,2026-07-30T02:03:00+00:00,map-user-action,marker_click,1.5,synthetic-user-054,synthetic-user-054-session-03,79a27190-9265-4396-bcca-83b8244de8aa,Cadillac Palace Theatre,Theaters and Music Venues,Theaters and Music Venues,1,0,0,100cd1d6-0af9-497a-a070-063645f6304a,https://demo.invalid/places/79a27190-9265-4396-bcca-83b8244de8aa,1600,1600
20260730,1785377025000000,2026-07-30T02:03:45+00:00,page_view,detail_view,1.0,synthetic-user-054,synthetic-user-054-session-03,79a27190-9265-4396-bcca-83b8244de8aa,Cadillac Palace Theatre,Theaters and Music Venues,Theaters and Music Venues,1,0,0,100cd1d6-0af9-497a-a070-063645f6304a,https://demo.invalid/places/79a27190-9265-4396-bcca-83b8244de8aa,4200,4200
20260730,1785378060000000,2026-07-30T02:21:00+00:00,map-user-action,marker_click,1.5,synthetic-user-054,synthetic-user-054-session-03,8cb3a078-97e0-468e-aa20-67eb3be462d6,Embassy Suites,Hotels,Hotels,1,0,0,79a27190-9265-4396-bcca-83b8244de8aa,https://demo.invalid/places/8cb3a078-97e0-468e-aa20-67eb3be462d6,1600,1600
20260730,1785378105000000,2026-07-30T02:21:45+00:00,page_view,detail_view,1.0,synthetic-user-054,synthetic-user-054-session-03,8cb3a078-97e0-468e-aa20-67eb3be462d6,Embassy Suites,Hotels,Hotels,1,0,0,79a27190-9265-4396-bcca-83b8244de8aa,https://demo.invalid/places/8cb3a078-97e0-468e-aa20-67eb3be462d6,4200,4200
20260730,1785379140000000,2026-07-30T02:39:00+00:00,map-user-action,marker_click,1.5,synthetic-user-054,synthetic-user-054-session-03,3f8aed41-a707-4454-b61b-3eb2c69ec9ea,Fairfield Inn,Hotels,Hotels,1,0,0,8cb3a078-97e0-468e-aa20-67eb3be462d6,https://demo.invalid/places/3f8aed41-a707-4454-b61b-3eb2c69ec9ea,1600,1600
20260730,1785379185000000,2026-07-30T02:39:45+00:00,page_view,detail_view,1.0,synthetic-user-054,synthetic-user-054-session-03,3f8aed41-a707-4454-b61b-3eb2c69ec9ea,Fairfield Inn,Hotels,Hotels,1,0,0,8cb3a078-97e0-468e-aa20-67eb3be462d6,https://demo.invalid/places/3f8aed41-a707-4454-b61b-3eb2c69ec9ea,4200,4200
20260730,1785381360000000,2026-07-30T03:16:00+00:00,map-user-action,marker_click,1.5,synthetic-user-069,synthetic-user-069-session-01,6cca4736-63f4-4a7f-b71b-be746ff8a068,Hyatt Regency,Hotels,Hotels,1,0,0,,https://demo.invalid/places/6cca4736-63f4-4a7f-b71b-be746ff8a068,1600,1600
20260730,1785381405000000,2026-07-30T03:16:45+00:00,page_view,detail_view,1.0,synthetic-user-069,synthetic-user-069-session-01,6cca4736-63f4-4a7f-b71b-be746ff8a068,Hyatt Regency,Hotels,Hotels,1,0,0,,https://demo.invalid/places/6cca4736-63f4-4a7f-b71b-be746ff8a068,4200,4200
20260730,1785382440000000,2026-07-30T03:34:00+00:00,map-user-action,marker_click,1.5,synthetic-user-069,synthetic-user-069-session-01,94382a2a-4917-44d0-ab63-ce6237df694d,Hampton Inn & Suites Chicago Medical District UIC,Hotels,Hotels,1,0,0,6cca4736-63f4-4a7f-b71b-be746ff8a068,https://demo.invalid/places/94382a2a-4917-44d0-ab63-ce6237df694d,1600,1600
20260730,1785382485000000,2026-07-30T03:34:45+00:00,page_view,detail_view,1.0,synthetic-user-069,synthetic-user-069-session-01,94382a2a-4917-44d0-ab63-ce6237df694d,Hampton Inn & Suites Chicago Medical District UIC,Hotels,Hotels,1,0,0,6cca4736-63f4-4a7f-b71b-be746ff8a068,https://demo.invalid/places/94382a2a-4917-44d0-ab63-ce6237df694d,4200,4200
20260730,1785383520000000,2026-07-30T03:52:00+00:00,map-user-action,marker_click,1.5,synthetic-user-069,synthetic-user-069-session-01,82e5dffe-e6da-4af9-8f19-a706a05c4ed7,Ambassador,Hotels,Hotels,1,0,0,94382a2a-4917-44d0-ab63-ce6237df694d,https://demo.invalid/places/82e5dffe-e6da-4af9-8f19-a706a05c4ed7,1600,1600
20260730,1785383565000000,2026-07-30T03:52:45+00:00,page_view,detail_view,1.0,synthetic-user-069,synthetic-user-069-session-01,82e5dffe-e6da-4af9-8f19-a706a05c4ed7,Ambassador,Hotels,Hotels,1,0,0,94382a2a-4917-44d0-ab63-ce6237df694d,https://demo.invalid/places/82e5dffe-e6da-4af9-8f19-a706a05c4ed7,4200,4200
20260730,1785384600000000,2026-07-30T04:10:00+00:00,map-user-action,marker_click,1.5,synthetic-user-069,synthetic-user-069-session-01,4ec76099-f6f8-4a85-8a18-f18198507539,Pendry,Hotels,Hotels,1,0,0,82e5dffe-e6da-4af9-8f19-a706a05c4ed7,https://demo.invalid/places/4ec76099-f6f8-4a85-8a18-f18198507539,1600,1600
20260730,1785384645000000,2026-07-30T04:10:45+00:00,page_view,detail_view,1.0,synthetic-user-069,synthetic-user-069-session-01,4ec76099-f6f8-4a85-8a18-f18198507539,Pendry,Hotels,Hotels,1,0,0,82e5dffe-e6da-4af9-8f19-a706a05c4ed7,https://demo.invalid/places/4ec76099-f6f8-4a85-8a18-f18198507539,4200,4200
20260730,1785388860000000,2026-07-30T05:21:00+00:00,map-user-action,marker_click,1.5,synthetic-user-077,synthetic-user-077-session-02,2ce8b4ca-5ee3-46bf-8cc7-f36ab8931d22,Chicago Architecture Center,Attractions; HOT SPOTS,Attractions,2,1,0,,https://demo.invalid/places/2ce8b4ca-5ee3-46bf-8cc7-f36ab8931d22,1600,1600
20260730,1785388905000000,2026-07-30T05:21:45+00:00,page_view,detail_view,1.0,synthetic-user-077,synthetic-user-077-session-02,2ce8b4ca-5ee3-46bf-8cc7-f36ab8931d22,Chicago Architecture Center,Attractions; HOT SPOTS,Attractions,2,1,0,,https://demo.invalid/places/2ce8b4ca-5ee3-46bf-8cc7-f36ab8931d22,4200,4200
20260730,1785389940000000,2026-07-30T05:39:00+00:00,map-user-action,marker_click,1.5,synthetic-user-077,synthetic-user-077-session-02,f4feaf51-719e-47cc-8560-0fb353cf1c57,Chicago Athletic Association,Hotels,Hotels,1,0,0,2ce8b4ca-5ee3-46bf-8cc7-f36ab8931d22,https://demo.invalid/places/f4feaf51-719e-47cc-8560-0fb353cf1c57,1600,1600
20260730,1785389985000000,2026-07-30T05:39:45+00:00,page_view,detail_view,1.0,synthetic-user-077,synthetic-user-077-session-02,f4feaf51-719e-47cc-8560-0fb353cf1c57,Chicago Athletic Association,Hotels,Hotels,1,0,0,2ce8b4ca-5ee3-46bf-8cc7-f36ab8931d22,https://demo.invalid/places/f4feaf51-719e-47cc-8560-0fb353cf1c57,4200,4200
20260730,1785391020000000,2026-07-30T05:57:00+00:00,map-user-action,marker_click,1.5,synthetic-user-077,synthetic-user-077-session-02,c8e2ab0a-cd1e-4a6a-953a-3bc83981ea04,Wintrust Arena,Sports Venues,Sports Venues,1,0,0,f4feaf51-719e-47cc-8560-0fb353cf1c57,https://demo.invalid/places/c8e2ab0a-cd1e-4a6a-953a-3bc83981ea04,1600,1600
20260730,1785391065000000,2026-07-30T05:57:45+00:00,page_view,detail_view,1.0,synthetic-user-077,synthetic-user-077-session-02,c8e2ab0a-cd1e-4a6a-953a-3bc83981ea04,Wintrust Arena,Sports Venues,Sports Venues,1,0,0,f4feaf51-719e-47cc-8560-0fb353cf1c57,https://demo.invalid/places/c8e2ab0a-cd1e-4a6a-953a-3bc83981ea04,4200,4200
20260730,1785392100000000,2026-07-30T06:15:00+00:00,map-user-action,marker_click,1.5,synthetic-user-077,synthetic-user-077-session-02,8e8e448e-fe9d-43ff-8550-f301f9b79dad,Courtyard by Marriott,Hotels,Hotels,1,0,0,c8e2ab0a-cd1e-4a6a-953a-3bc83981ea04,https://demo.invalid/places/8e8e448e-fe9d-43ff-8550-f301f9b79dad,1600,1600
20260730,1785392145000000,2026-07-30T06:15:45+00:00,page_view,detail_view,1.0,synthetic-user-077,synthetic-user-077-session-02,8e8e448e-fe9d-43ff-8550-f301f9b79dad,Courtyard by Marriott,Hotels,Hotels,1,0,0,c8e2ab0a-cd1e-4a6a-953a-3bc83981ea04,https://demo.invalid/places/8e8e448e-fe9d-43ff-8550-f301f9b79dad,4200,4200
20260730,1785427740000000,2026-07-30T16:09:00+00:00,map-user-action,marker_click,1.5,synthetic-user-005,synthetic-user-005-session-02,4321da98-3d3a-43d9-8fba-c877ed562a22,Chicago Fireboat Tours,Attractions,Attractions,1,0,0,,https://demo.invalid/places/4321da98-3d3a-43d9-8fba-c877ed562a22,1600,1600
20260730,1785427785000000,2026-07-30T16:09:45+00:00,page_view,detail_view,1.0,synthetic-user-005,synthetic-user-005-session-02,4321da98-3d3a-43d9-8fba-c877ed562a22,Chicago Fireboat Tours,Attractions,Attractions,1,0,0,,https://demo.invalid/places/4321da98-3d3a-43d9-8fba-c877ed562a22,4200,4200
20260730,1785428820000000,2026-07-30T16:27:00+00:00,map-user-action,marker_click,1.5,synthetic-user-005,synthetic-user-005-session-02,4c4aaf2e-2e5d-4508-9d4e-42a85223f47d,Ever Restaurant,Movie & TV Locations; Restaurants,Movie & TV Locations,2,0,0,4321da98-3d3a-43d9-8fba-c877ed562a22,https://demo.invalid/places/4c4aaf2e-2e5d-4508-9d4e-42a85223f47d,1600,1600
20260730,1785428865000000,2026-07-30T16:27:45+00:00,page_view,detail_view,1.0,synthetic-user-005,synthetic-user-005-session-02,4c4aaf2e-2e5d-4508-9d4e-42a85223f47d,Ever Restaurant,Movie & TV Locations; Restaurants,Movie & TV Locations,2,0,0,4321da98-3d3a-43d9-8fba-c877ed562a22,https://demo.invalid/places/4c4aaf2e-2e5d-4508-9d4e-42a85223f47d,4200,4200
20260730,1785429900000000,2026-07-30T16:45:00+00:00,map-user-action,marker_click,1.5,synthetic-user-005,synthetic-user-005-session-02,5bb06c4f-bee0-45b7-8b35-c24ceb07bdb2,Billy Goat Tavern (near United Center),Bars; Restaurants,Bars,2,0,0,4c4aaf2e-2e5d-4508-9d4e-42a85223f47d,https://demo.invalid/places/5bb06c4f-bee0-45b7-8b35-c24ceb07bdb2,1600,1600
20260730,1785429945000000,2026-07-30T16:45:45+00:00,page_view,detail_view,1.0,synthetic-user-005,synthetic-user-005-session-02,5bb06c4f-bee0-45b7-8b35-c24ceb07bdb2,Billy Goat Tavern (near United Center),Bars; Restaurants,Bars,2,0,0,4c4aaf2e-2e5d-4508-9d4e-42a85223f47d,https://demo.invalid/places/5bb06c4f-bee0-45b7-8b35-c24ceb07bdb2,4200,4200
20260730,1785430980000000,2026-07-30T17:03:00+00:00,map-user-action,marker_click,1.5,synthetic-user-005,synthetic-user-005-session-02,7c3b8e81-125d-4e29-8540-b9f6c9b5214a,Union Station,Movie & TV Locations,Movie & TV Locations,1,0,0,5bb06c4f-bee0-45b7-8b35-c24ceb07bdb2,https://demo.invalid/places/7c3b8e81-125d-4e29-8540-b9f6c9b5214a,1600,1600
20260730,1785431025000000,2026-07-30T17:03:45+00:00,page_view,detail_view,1.0,synthetic-user-005,synthetic-user-005-session-02,7c3b8e81-125d-4e29-8540-b9f6c9b5214a,Union Station,Movie & TV Locations,Movie & TV Locations,1,0,0,5bb06c4f-bee0-45b7-8b35-c24ceb07bdb2,https://demo.invalid/places/7c3b8e81-125d-4e29-8540-b9f6c9b5214a,4200,4200
20260730,1785435240000000,2026-07-30T18:14:00+00:00,map-user-action,marker_click,1.5,synthetic-user-013,synthetic-user-013-session-03,04481351-3fde-49f7-b0ea-88c8cc71fe46,Nederlander Theatre,Theaters and Music Venues,Theaters and Music Venues,1,0,0,,https://demo.invalid/places/04481351-3fde-49f7-b0ea-88c8cc71fe46,1600,1600
20260730,1785435285000000,2026-07-30T18:14:45+00:00,page_view,detail_view,1.0,synthetic-user-013,synthetic-user-013-session-03,04481351-3fde-49f7-b0ea-88c8cc71fe46,Nederlander Theatre,Theaters and Music Venues,Theaters and Music Venues,1,0,0,,https://demo.invalid/places/04481351-3fde-49f7-b0ea-88c8cc71fe46,4200,4200
20260730,1785436320000000,2026-07-30T18:32:00+00:00,map-user-action,marker_click,1.5,synthetic-user-013,synthetic-user-013-session-03,3b97f91d-0aae-4060-a574-04bcb09f5357,CIBC Theatre,Theaters and Music Venues,Theaters and Music Venues,1,0,0,04481351-3fde-49f7-b0ea-88c8cc71fe46,https://demo.invalid/places/3b97f91d-0aae-4060-a574-04bcb09f5357,1600,1600
20260730,1785436365000000,2026-07-30T18:32:45+00:00,page_view,detail_view,1.0,synthetic-user-013,synthetic-user-013-session-03,3b97f91d-0aae-4060-a574-04bcb09f5357,CIBC Theatre,Theaters and Music Venues,Theaters and Music Venues,1,0,0,04481351-3fde-49f7-b0ea-88c8cc71fe46,https://demo.invalid/places/3b97f91d-0aae-4060-a574-04bcb09f5357,4200,4200
20260730,1785437400000000,2026-07-30T18:50:00+00:00,map-user-action,marker_click,1.5,synthetic-user-013,synthetic-user-013-session-03,e3f77f69-0255-466c-92d4-75dd9be82330,900 N. Michigan Shops,Shops,Shops,1,0,0,3b97f91d-0aae-4060-a574-04bcb09f5357,https://demo.invalid/places/e3f77f69-0255-466c-92d4-75dd9be82330,1600,1600
20260730,1785437445000000,2026-07-30T18:50:45+00:00,page_view,detail_view,1.0,synthetic-user-013,synthetic-user-013-session-03,e3f77f69-0255-466c-92d4-75dd9be82330,900 N. Michigan Shops,Shops,Shops,1,0,0,3b97f91d-0aae-4060-a574-04bcb09f5357,https://demo.invalid/places/e3f77f69-0255-466c-92d4-75dd9be82330,4200,4200
20260730,1785438480000000,2026-07-30T19:08:00+00:00,map-user-action,marker_click,1.5,synthetic-user-013,synthetic-user-013-session-03,f021d1b7-2530-4f66-a737-b696f1b80d0a,Auditorium Theatre,Theaters and Music Venues,Theaters and Music Venues,1,0,0,e3f77f69-0255-466c-92d4-75dd9be82330,https://demo.invalid/places/f021d1b7-2530-4f66-a737-b696f1b80d0a,1600,1600
20260730,1785438525000000,2026-07-30T19:08:45+00:00,page_view,detail_view,1.0,synthetic-user-013,synthetic-user-013-session-03,f021d1b7-2530-4f66-a737-b696f1b80d0a,Auditorium Theatre,Theaters and Music Venues,Theaters and Music Venues,1,0,0,e3f77f69-0255-466c-92d4-75dd9be82330,https://demo.invalid/places/f021d1b7-2530-4f66-a737-b696f1b80d0a,4200,4200
20260730,1785440700000000,2026-07-30T19:45:00+00:00,map-user-action,marker_click,1.5,synthetic-user-028,synthetic-user-028-session-01,6024e9cc-a4c0-4c80-9945-21a570cabfbc,Chicago Brewhouse,HOT SPOTS; Bars; Restaurants,Bars,3,1,0,,https://demo.invalid/places/6024e9cc-a4c0-4c80-9945-21a570cabfbc,1600,1600
20260730,1785440745000000,2026-07-30T19:45:45+00:00,page_view,detail_view,1.0,synthetic-user-028,synthetic-user-028-session-01,6024e9cc-a4c0-4c80-9945-21a570cabfbc,Chicago Brewhouse,HOT SPOTS; Bars; Restaurants,Bars,3,1,0,,https://demo.invalid/places/6024e9cc-a4c0-4c80-9945-21a570cabfbc,4200,4200
20260730,1785441780000000,2026-07-30T20:03:00+00:00,map-user-action,marker_click,1.5,synthetic-user-028,synthetic-user-028-session-01,aa5afcf1-8a6f-4c19-a492-bbd302e1fd97,Island Party Hut,Bars; Restaurants,Bars,2,0,0,6024e9cc-a4c0-4c80-9945-21a570cabfbc,https://demo.invalid/places/aa5afcf1-8a6f-4c19-a492-bbd302e1fd97,1600,1600
20260730,1785441825000000,2026-07-30T20:03:45+00:00,page_view,detail_view,1.0,synthetic-user-028,synthetic-user-028-session-01,aa5afcf1-8a6f-4c19-a492-bbd302e1fd97,Island Party Hut,Bars; Restaurants,Bars,2,0,0,6024e9cc-a4c0-4c80-9945-21a570cabfbc,https://demo.invalid/places/aa5afcf1-8a6f-4c19-a492-bbd302e1fd97,4200,4200
20260730,1785442860000000,2026-07-30T20:21:00+00:00,map-user-action,marker_click,1.5,synthetic-user-028,synthetic-user-028-session-01,d7f34584-aefb-4499-be0d-9169cb77c642,Cobra Lounge,Bars; Restaurants; Theaters and Music Venues,Bars,3,0,0,aa5afcf1-8a6f-4c19-a492-bbd302e1fd97,https://demo.invalid/places/d7f34584-aefb-4499-be0d-9169cb77c642,1600,1600
20260730,1785442905000000,2026-07-30T20:21:45+00:00,page_view,detail_view,1.0,synthetic-user-028,synthetic-user-028-session-01,d7f34584-aefb-4499-be0d-9169cb77c642,Cobra Lounge,Bars; Restaurants; Theaters and Music Venues,Bars,3,0,0,aa5afcf1-8a6f-4c19-a492-bbd302e1fd97,https://demo.invalid/places/d7f34584-aefb-4499-be0d-9169cb77c642,4200,4200
20260730,1785443940000000,2026-07-30T20:39:00+00:00,map-user-action,marker_click,1.5,synthetic-user-028,synthetic-user-028-session-01,776ef29b-6386-4d97-a304-df47b1e396fb,Richard's Bar,Bars,Bars,1,0,0,d7f34584-aefb-4499-be0d-9169cb77c642,https://demo.invalid/places/776ef29b-6386-4d97-a304-df47b1e396fb,1600,1600
20260730,1785443985000000,2026-07-30T20:39:45+00:00,page_view,detail_view,1.0,synthetic-user-028,synthetic-user-028-session-01,776ef29b-6386-4d97-a304-df47b1e396fb,Richard's Bar,Bars,Bars,1,0,0,d7f34584-aefb-4499-be0d-9169cb77c642,https://demo.invalid/places/776ef29b-6386-4d97-a304-df47b1e396fb,4200,4200
20260730,1785448200000000,2026-07-30T21:50:00+00:00,map-user-action,marker_click,1.5,synthetic-user-036,synthetic-user-036-session-02,b80ec83e-e032-4d97-be24-bad2c7c4f757,Allegro Royal Sonesta,Hotels,Hotels,1,0,0,,https://demo.invalid/places/b80ec83e-e032-4d97-be24-bad2c7c4f757,1600,1600
20260730,1785448245000000,2026-07-30T21:50:45+00:00,page_view,detail_view,1.0,synthetic-user-036,synthetic-user-036-session-02,b80ec83e-e032-4d97-be24-bad2c7c4f757,Allegro Royal Sonesta,Hotels,Hotels,1,0,0,,https://demo.invalid/places/b80ec83e-e032-4d97-be24-bad2c7c4f757,4200,4200
20260730,1785449280000000,2026-07-30T22:08:00+00:00,map-user-action,marker_click,1.5,synthetic-user-036,synthetic-user-036-session-02,e8ad5446-06db-4a1d-b2b9-7fb9fa316688,necessary & sufficient coffee,HOT SPOTS; Restaurants,Restaurants,2,1,0,b80ec83e-e032-4d97-be24-bad2c7c4f757,https://demo.invalid/places/e8ad5446-06db-4a1d-b2b9-7fb9fa316688,1600,1600
20260730,1785449325000000,2026-07-30T22:08:45+00:00,page_view,detail_view,1.0,synthetic-user-036,synthetic-user-036-session-02,e8ad5446-06db-4a1d-b2b9-7fb9fa316688,necessary & sufficient coffee,HOT SPOTS; Restaurants,Restaurants,2,1,0,b80ec83e-e032-4d97-be24-bad2c7c4f757,https://demo.invalid/places/e8ad5446-06db-4a1d-b2b9-7fb9fa316688,4200,4200
20260730,1785450360000000,2026-07-30T22:26:00+00:00,map-user-action,marker_click,1.5,synthetic-user-036,synthetic-user-036-session-02,a63cda67-4022-422d-98a5-26090e93a8fe,Millennium Hall,Restaurants,Restaurants,1,0,0,e8ad5446-06db-4a1d-b2b9-7fb9fa316688,https://demo.invalid/places/a63cda67-4022-422d-98a5-26090e93a8fe,1600,1600
20260730,1785450405000000,2026-07-30T22:26:45+00:00,page_view,detail_view,1.0,synthetic-user-036,synthetic-user-036-session-02,a63cda67-4022-422d-98a5-26090e93a8fe,Millennium Hall,Restaurants,Restaurants,1,0,0,e8ad5446-06db-4a1d-b2b9-7fb9fa316688,https://demo.invalid/places/a63cda67-4022-422d-98a5-26090e93a8fe,4200,4200
20260730,1785451440000000,2026-07-30T22:44:00+00:00,map-user-action,marker_click,1.5,synthetic-user-036,synthetic-user-036-session-02,4e0f0984-f108-4933-970b-c69ea1477f4f,Saigon Sisters,Restaurants,Restaurants,1,0,0,a63cda67-4022-422d-98a5-26090e93a8fe,https://demo.invalid/places/4e0f0984-f108-4933-970b-c69ea1477f4f,1600,1600
20260730,1785451485000000,2026-07-30T22:44:45+00:00,page_view,detail_view,1.0,synthetic-user-036,synthetic-user-036-session-02,4e0f0984-f108-4933-970b-c69ea1477f4f,Saigon Sisters,Restaurants,Restaurants,1,0,0,a63cda67-4022-422d-98a5-26090e93a8fe,https://demo.invalid/places/4e0f0984-f108-4933-970b-c69ea1477f4f,4200,4200
20260730,1785455700000000,2026-07-30T23:55:00+00:00,map-user-action,marker_click,1.5,synthetic-user-044,synthetic-user-044-session-03,493862ce-28cd-4fe3-99ec-ebc8911fa07c,Kasama,Movie & TV Locations; Restaurants,Movie & TV Locations,2,0,0,,https://demo.invalid/places/493862ce-28cd-4fe3-99ec-ebc8911fa07c,1600,1600
20260730,1785455745000000,2026-07-30T23:55:45+00:00,page_view,detail_view,1.0,synthetic-user-044,synthetic-user-044-session-03,493862ce-28cd-4fe3-99ec-ebc8911fa07c,Kasama,Movie & TV Locations; Restaurants,Movie & TV Locations,2,0,0,,https://demo.invalid/places/493862ce-28cd-4fe3-99ec-ebc8911fa07c,4200,4200
20260731,1785456780000000,2026-07-31T00:13:00+00:00,map-user-action,marker_click,1.5,synthetic-user-044,synthetic-user-044-session-03,79a27190-9265-4396-bcca-83b8244de8aa,Cadillac Palace Theatre,Theaters and Music Venues,Theaters and Music Venues,1,0,0,493862ce-28cd-4fe3-99ec-ebc8911fa07c,https://demo.invalid/places/79a27190-9265-4396-bcca-83b8244de8aa,1600,1600
20260731,1785456825000000,2026-07-31T00:13:45+00:00,page_view,detail_view,1.0,synthetic-user-044,synthetic-user-044-session-03,79a27190-9265-4396-bcca-83b8244de8aa,Cadillac Palace Theatre,Theaters and Music Venues,Theaters and Music Venues,1,0,0,493862ce-28cd-4fe3-99ec-ebc8911fa07c,https://demo.invalid/places/79a27190-9265-4396-bcca-83b8244de8aa,4200,4200
20260731,1785457860000000,2026-07-31T00:31:00+00:00,map-user-action,marker_click,1.5,synthetic-user-044,synthetic-user-044-session-03,4c4aaf2e-2e5d-4508-9d4e-42a85223f47d,Ever Restaurant,Movie & TV Locations; Restaurants,Movie & TV Locations,2,0,0,79a27190-9265-4396-bcca-83b8244de8aa,https://demo.invalid/places/4c4aaf2e-2e5d-4508-9d4e-42a85223f47d,1600,1600
20260731,1785457905000000,2026-07-31T00:31:45+00:00,page_view,detail_view,1.0,synthetic-user-044,synthetic-user-044-session-03,4c4aaf2e-2e5d-4508-9d4e-42a85223f47d,Ever Restaurant,Movie & TV Locations; Restaurants,Movie & TV Locations,2,0,0,79a27190-9265-4396-bcca-83b8244de8aa,https://demo.invalid/places/4c4aaf2e-2e5d-4508-9d4e-42a85223f47d,4200,4200
20260731,1785458940000000,2026-07-31T00:49:00+00:00,map-user-action,marker_click,1.5,synthetic-user-044,synthetic-user-044-session-03,cc926fb8-553c-47bc-82e2-16b8e013a2ae,Chicago Fire Department - Engine Co. 18,Movie & TV Locations,Movie & TV Locations,1,0,0,4c4aaf2e-2e5d-4508-9d4e-42a85223f47d,https://demo.invalid/places/cc926fb8-553c-47bc-82e2-16b8e013a2ae,1600,1600
20260731,1785458985000000,2026-07-31T00:49:45+00:00,page_view,detail_view,1.0,synthetic-user-044,synthetic-user-044-session-03,cc926fb8-553c-47bc-82e2-16b8e013a2ae,Chicago Fire Department - Engine Co. 18,Movie & TV Locations,Movie & TV Locations,1,0,0,4c4aaf2e-2e5d-4508-9d4e-42a85223f47d,https://demo.invalid/places/cc926fb8-553c-47bc-82e2-16b8e013a2ae,4200,4200
20260731,1785461160000000,2026-07-31T01:26:00+00:00,map-user-action,marker_click,1.5,synthetic-user-059,synthetic-user-059-session-01,fee6875f-c61c-4d9f-a828-73e3446a3a6c,Museum of Broadcast Communications,HOT SPOTS; Museums,Museums,2,1,0,,https://demo.invalid/places/fee6875f-c61c-4d9f-a828-73e3446a3a6c,1600,1600
20260731,1785461205000000,2026-07-31T01:26:45+00:00,page_view,detail_view,1.0,synthetic-user-059,synthetic-user-059-session-01,fee6875f-c61c-4d9f-a828-73e3446a3a6c,Museum of Broadcast Communications,HOT SPOTS; Museums,Museums,2,1,0,,https://demo.invalid/places/fee6875f-c61c-4d9f-a828-73e3446a3a6c,4200,4200
20260731,1785462240000000,2026-07-31T01:44:00+00:00,map-user-action,marker_click,1.5,synthetic-user-059,synthetic-user-059-session-01,383474ac-5960-410c-8c16-3d9efc04790d,Big Bus Tours Stop 7: Sheraton Grand Chicago,Big Bus Tours Stops,Big Bus Tours Stops,1,0,0,fee6875f-c61c-4d9f-a828-73e3446a3a6c,https://demo.invalid/places/383474ac-5960-410c-8c16-3d9efc04790d,1600,1600
20260731,1785462285000000,2026-07-31T01:44:45+00:00,page_view,detail_view,1.0,synthetic-user-059,synthetic-user-059-session-01,383474ac-5960-410c-8c16-3d9efc04790d,Big Bus Tours Stop 7: Sheraton Grand Chicago,Big Bus Tours Stops,Big Bus Tours Stops,1,0,0,fee6875f-c61c-4d9f-a828-73e3446a3a6c,https://demo.invalid/places/383474ac-5960-410c-8c16-3d9efc04790d,4200,4200
20260731,1785463320000000,2026-07-31T02:02:00+00:00,map-user-action,marker_click,1.5,synthetic-user-059,synthetic-user-059-session-01,6a4649f5-b11a-43e0-af7a-b9cc69837daf,Color Factory,Attractions; HOT SPOTS,Attractions,2,1,0,383474ac-5960-410c-8c16-3d9efc04790d,https://demo.invalid/places/6a4649f5-b11a-43e0-af7a-b9cc69837daf,1600,1600
20260731,1785463365000000,2026-07-31T02:02:45+00:00,page_view,detail_view,1.0,synthetic-user-059,synthetic-user-059-session-01,6a4649f5-b11a-43e0-af7a-b9cc69837daf,Color Factory,Attractions; HOT SPOTS,Attractions,2,1,0,383474ac-5960-410c-8c16-3d9efc04790d,https://demo.invalid/places/6a4649f5-b11a-43e0-af7a-b9cc69837daf,4200,4200
20260731,1785464400000000,2026-07-31T02:20:00+00:00,map-user-action,marker_click,1.5,synthetic-user-059,synthetic-user-059-session-01,9887104e-c3d1-48b3-adfa-cabd5303713d,WNDR Museum,HOT SPOTS; Museums,Museums,2,1,0,6a4649f5-b11a-43e0-af7a-b9cc69837daf,https://demo.invalid/places/9887104e-c3d1-48b3-adfa-cabd5303713d,1600,1600
20260731,1785464445000000,2026-07-31T02:20:45+00:00,page_view,detail_view,1.0,synthetic-user-059,synthetic-user-059-session-01,9887104e-c3d1-48b3-adfa-cabd5303713d,WNDR Museum,HOT SPOTS; Museums,Museums,2,1,0,6a4649f5-b11a-43e0-af7a-b9cc69837daf,https://demo.invalid/places/9887104e-c3d1-48b3-adfa-cabd5303713d,4200,4200
20260731,1785468660000000,2026-07-31T03:31:00+00:00,map-user-action,marker_click,1.5,synthetic-user-067,synthetic-user-067-session-02,afe574c9-23ae-47e7-a407-442c93a17403,City Cruises Chicago,Attractions; HOT SPOTS,Attractions,2,1,0,,https://demo.invalid/places/afe574c9-23ae-47e7-a407-442c93a17403,1600,1600
20260731,1785468705000000,2026-07-31T03:31:45+00:00,page_view,detail_view,1.0,synthetic-user-067,synthetic-user-067-session-02,afe574c9-23ae-47e7-a407-442c93a17403,City Cruises Chicago,Attractions; HOT SPOTS,Attractions,2,1,0,,https://demo.invalid/places/afe574c9-23ae-47e7-a407-442c93a17403,4200,4200
20260731,1785469740000000,2026-07-31T03:49:00+00:00,map-user-action,marker_click,1.5,synthetic-user-067,synthetic-user-067-session-02,b7849405-a2a4-475d-8129-81f9191b3300,Flight Club,Bars; Restaurants,Bars,2,0,0,afe574c9-23ae-47e7-a407-442c93a17403,https://demo.invalid/places/b7849405-a2a4-475d-8129-81f9191b3300,1600,1600
20260731,1785469785000000,2026-07-31T03:49:45+00:00,page_view,detail_view,1.0,synthetic-user-067,synthetic-user-067-session-02,b7849405-a2a4-475d-8129-81f9191b3300,Flight Club,Bars; Restaurants,Bars,2,0,0,afe574c9-23ae-47e7-a407-442c93a17403,https://demo.invalid/places/b7849405-a2a4-475d-8129-81f9191b3300,4200,4200
20260731,1785470820000000,2026-07-31T04:07:00+00:00,map-user-action,marker_click,1.5,synthetic-user-067,synthetic-user-067-session-02,94657afc-0436-421f-b928-de0f464c8351,Emerald Loop,HOT SPOTS; Bars; Restaurants,Bars,3,1,0,b7849405-a2a4-475d-8129-81f9191b3300,https://demo.invalid/places/94657afc-0436-421f-b928-de0f464c8351,1600,1600
20260731,1785470865000000,2026-07-31T04:07:45+00:00,page_view,detail_view,1.0,synthetic-user-067,synthetic-user-067-session-02,94657afc-0436-421f-b928-de0f464c8351,Emerald Loop,HOT SPOTS; Bars; Restaurants,Bars,3,1,0,b7849405-a2a4-475d-8129-81f9191b3300,https://demo.invalid/places/94657afc-0436-421f-b928-de0f464c8351,4200,4200
20260731,1785471900000000,2026-07-31T04:25:00+00:00,map-user-action,marker_click,1.5,synthetic-user-067,synthetic-user-067-session-02,4d32cae3-7157-45d5-9e40-2282b4086a5b,Third Rail Tavern,Bars; Restaurants,Bars,2,0,0,94657afc-0436-421f-b928-de0f464c8351,https://demo.invalid/places/4d32cae3-7157-45d5-9e40-2282b4086a5b,1600,1600
20260731,1785471945000000,2026-07-31T04:25:45+00:00,page_view,detail_view,1.0,synthetic-user-067,synthetic-user-067-session-02,4d32cae3-7157-45d5-9e40-2282b4086a5b,Third Rail Tavern,Bars; Restaurants,Bars,2,0,0,94657afc-0436-421f-b928-de0f464c8351,https://demo.invalid/places/4d32cae3-7157-45d5-9e40-2282b4086a5b,4200,4200
20260731,1785476160000000,2026-07-31T05:36:00+00:00,map-user-action,marker_click,1.5,synthetic-user-075,synthetic-user-075-session-03,4c25e6f0-230a-4ea9-99c0-8ac30a809d4f,Courtyard by Marriott Chicago at Medical District/UIC,Hotels,Hotels,1,0,0,,https://demo.invalid/places/4c25e6f0-230a-4ea9-99c0-8ac30a809d4f,1600,1600
20260731,1785476205000000,2026-07-31T05:36:45+00:00,page_view,detail_view,1.0,synthetic-user-075,synthetic-user-075-session-03,4c25e6f0-230a-4ea9-99c0-8ac30a809d4f,Courtyard by Marriott Chicago at Medical District/UIC,Hotels,Hotels,1,0,0,,https://demo.invalid/places/4c25e6f0-230a-4ea9-99c0-8ac30a809d4f,4200,4200
20260731,1785477240000000,2026-07-31T05:54:00+00:00,map-user-action,marker_click,1.5,synthetic-user-075,synthetic-user-075-session-03,9373e01a-e0dd-4ac4-8b9e-4cef1bd81911,Yolk - South Loop,HOT SPOTS; Restaurants,Restaurants,2,1,0,4c25e6f0-230a-4ea9-99c0-8ac30a809d4f,https://demo.invalid/places/9373e01a-e0dd-4ac4-8b9e-4cef1bd81911,1600,1600
20260731,1785477285000000,2026-07-31T05:54:45+00:00,page_view,detail_view,1.0,synthetic-user-075,synthetic-user-075-session-03,9373e01a-e0dd-4ac4-8b9e-4cef1bd81911,Yolk - South Loop,HOT SPOTS; Restaurants,Restaurants,2,1,0,4c25e6f0-230a-4ea9-99c0-8ac30a809d4f,https://demo.invalid/places/9373e01a-e0dd-4ac4-8b9e-4cef1bd81911,4200,4200
20260731,1785478320000000,2026-07-31T06:12:00+00:00,map-user-action,marker_click,1.5,synthetic-user-075,synthetic-user-075-session-03,f10a7db2-d660-4033-b4f5-7f8e66917c81,Weather Mark Tavern,Restaurants,Restaurants,1,0,0,9373e01a-e0dd-4ac4-8b9e-4cef1bd81911,https://demo.invalid/places/f10a7db2-d660-4033-b4f5-7f8e66917c81,1600,1600
20260731,1785478365000000,2026-07-31T06:12:45+00:00,page_view,detail_view,1.0,synthetic-user-075,synthetic-user-075-session-03,f10a7db2-d660-4033-b4f5-7f8e66917c81,Weather Mark Tavern,Restaurants,Restaurants,1,0,0,9373e01a-e0dd-4ac4-8b9e-4cef1bd81911,https://demo.invalid/places/f10a7db2-d660-4033-b4f5-7f8e66917c81,4200,4200
20260731,1785479400000000,2026-07-31T06:30:00+00:00,map-user-action,marker_click,1.5,synthetic-user-075,synthetic-user-075-session-03,586ae800-1ded-4428-9079-087fcc39aba0,Al's #1 Italian Beef - River North,Restaurants,Restaurants,1,0,0,f10a7db2-d660-4033-b4f5-7f8e66917c81,https://demo.invalid/places/586ae800-1ded-4428-9079-087fcc39aba0,1600,1600
20260731,1785479445000000,2026-07-31T06:30:45+00:00,page_view,detail_view,1.0,synthetic-user-075,synthetic-user-075-session-03,586ae800-1ded-4428-9079-087fcc39aba0,Al's #1 Italian Beef - River North,Restaurants,Restaurants,1,0,0,f10a7db2-d660-4033-b4f5-7f8e66917c81,https://demo.invalid/places/586ae800-1ded-4428-9079-087fcc39aba0,4200,4200
20260731,1785515040000000,2026-07-31T16:24:00+00:00,map-user-action,marker_click,1.5,synthetic-user-003,synthetic-user-003-session-03,f9d8de83-a6ab-46c0-ada9-69975c670ef9,Big Bus Tours Stop 11: River North,Big Bus Tours Stops,Big Bus Tours Stops,1,0,0,,https://demo.invalid/places/f9d8de83-a6ab-46c0-ada9-69975c670ef9,1600,1600
20260731,1785515085000000,2026-07-31T16:24:45+00:00,page_view,detail_view,1.0,synthetic-user-003,synthetic-user-003-session-03,f9d8de83-a6ab-46c0-ada9-69975c670ef9,Big Bus Tours Stop 11: River North,Big Bus Tours Stops,Big Bus Tours Stops,1,0,0,,https://demo.invalid/places/f9d8de83-a6ab-46c0-ada9-69975c670ef9,4200,4200
20260731,1785516120000000,2026-07-31T16:42:00+00:00,map-user-action,marker_click,1.5,synthetic-user-003,synthetic-user-003-session-03,b704aaa2-37b1-4615-8a6c-e5478ff2948b,Big Bus Tours Stop 5: Adler Planetarium,Big Bus Tours Stops,Big Bus Tours Stops,1,0,0,f9d8de83-a6ab-46c0-ada9-69975c670ef9,https://demo.invalid/places/b704aaa2-37b1-4615-8a6c-e5478ff2948b,1600,1600
20260731,1785516165000000,2026-07-31T16:42:45+00:00,page_view,detail_view,1.0,synthetic-user-003,synthetic-user-003-session-03,b704aaa2-37b1-4615-8a6c-e5478ff2948b,Big Bus Tours Stop 5: Adler Planetarium,Big Bus Tours Stops,Big Bus Tours Stops,1,0,0,f9d8de83-a6ab-46c0-ada9-69975c670ef9,https://demo.invalid/places/b704aaa2-37b1-4615-8a6c-e5478ff2948b,4200,4200
20260731,1785517200000000,2026-07-31T17:00:00+00:00,map-user-action,marker_click,1.5,synthetic-user-003,synthetic-user-003-session-03,04262787-4b85-4d95-a301-c7b3b6068a6d,Garrett Popcorn Shops,HOT SPOTS; Shops,Shops,2,1,0,b704aaa2-37b1-4615-8a6c-e5478ff2948b,https://demo.invalid/places/04262787-4b85-4d95-a301-c7b3b6068a6d,1600,1600
20260731,1785517245000000,2026-07-31T17:00:45+00:00,page_view,detail_view,1.0,synthetic-user-003,synthetic-user-003-session-03,04262787-4b85-4d95-a301-c7b3b6068a6d,Garrett Popcorn Shops,HOT SPOTS; Shops,Shops,2,1,0,b704aaa2-37b1-4615-8a6c-e5478ff2948b,https://demo.invalid/places/04262787-4b85-4d95-a301-c7b3b6068a6d,4200,4200
20260731,1785518280000000,2026-07-31T17:18:00+00:00,map-user-action,marker_click,1.5,synthetic-user-003,synthetic-user-003-session-03,0ca4aa52-726e-4bcd-bd91-754da82c23ba,Big Bus Tours Stop 8: Navy Pier,Big Bus Tours Stops,Big Bus Tours Stops,1,0,0,04262787-4b85-4d95-a301-c7b3b6068a6d,https://demo.invalid/places/0ca4aa52-726e-4bcd-bd91-754da82c23ba,1600,1600
20260731,1785518325000000,2026-07-31T17:18:45+00:00,page_view,detail_view,1.0,synthetic-user-003,synthetic-user-003-session-03,0ca4aa52-726e-4bcd-bd91-754da82c23ba,Big Bus Tours Stop 8: Navy Pier,Big Bus Tours Stops,Big Bus Tours Stops,1,0,0,04262787-4b85-4d95-a301-c7b3b6068a6d,https://demo.invalid/places/0ca4aa52-726e-4bcd-bd91-754da82c23ba,4200,4200
20260731,1785520500000000,2026-07-31T17:55:00+00:00,map-user-action,marker_click,1.5,synthetic-user-018,synthetic-user-018-session-01,4563ec56-276b-4e55-b02c-cf4036ae1c96,Greek Islands,Restaurants,Restaurants,1,0,0,,https://demo.invalid/places/4563ec56-276b-4e55-b02c-cf4036ae1c96,1600,1600
20260731,1785520545000000,2026-07-31T17:55:45+00:00,page_view,detail_view,1.0,synthetic-user-018,synthetic-user-018-session-01,4563ec56-276b-4e55-b02c-cf4036ae1c96,Greek Islands,Restaurants,Restaurants,1,0,0,,https://demo.invalid/places/4563ec56-276b-4e55-b02c-cf4036ae1c96,4200,4200
20260731,1785521580000000,2026-07-31T18:13:00+00:00,map-user-action,marker_click,1.5,synthetic-user-018,synthetic-user-018-session-01,2bafb42b-1910-4bdf-a8b6-ebfaebcaf543,Griffin Museum of Science & Industry,Attractions; HOT SPOTS; Museums,Attractions,3,1,0,4563ec56-276b-4e55-b02c-cf4036ae1c96,https://demo.invalid/places/2bafb42b-1910-4bdf-a8b6-ebfaebcaf543,1600,1600
20260731,1785521625000000,2026-07-31T18:13:45+00:00,page_view,detail_view,1.0,synthetic-user-018,synthetic-user-018-session-01,2bafb42b-1910-4bdf-a8b6-ebfaebcaf543,Griffin Museum of Science & Industry,Attractions; HOT SPOTS; Museums,Attractions,3,1,0,4563ec56-276b-4e55-b02c-cf4036ae1c96,https://demo.invalid/places/2bafb42b-1910-4bdf-a8b6-ebfaebcaf543,4200,4200
20260731,1785522660000000,2026-07-31T18:31:00+00:00,map-user-action,marker_click,1.5,synthetic-user-018,synthetic-user-018-session-01,5bb06c4f-bee0-45b7-8b35-c24ceb07bdb2,Billy Goat Tavern (near United Center),Bars; Restaurants,Bars,2,0,0,2bafb42b-1910-4bdf-a8b6-ebfaebcaf543,https://demo.invalid/places/5bb06c4f-bee0-45b7-8b35-c24ceb07bdb2,1600,1600
20260731,1785522705000000,2026-07-31T18:31:45+00:00,page_view,detail_view,1.0,synthetic-user-018,synthetic-user-018-session-01,5bb06c4f-bee0-45b7-8b35-c24ceb07bdb2,Billy Goat Tavern (near United Center),Bars; Restaurants,Bars,2,0,0,2bafb42b-1910-4bdf-a8b6-ebfaebcaf543,https://demo.invalid/places/5bb06c4f-bee0-45b7-8b35-c24ceb07bdb2,4200,4200
20260731,1785523740000000,2026-07-31T18:49:00+00:00,map-user-action,marker_click,1.5,synthetic-user-018,synthetic-user-018-session-01,da057913-9a02-4232-9a7d-c2ea84c453ef,The Old Post Office,Movie & TV Locations,Movie & TV Locations,1,0,0,5bb06c4f-bee0-45b7-8b35-c24ceb07bdb2,https://demo.invalid/places/da057913-9a02-4232-9a7d-c2ea84c453ef,1600,1600
20260731,1785523785000000,2026-07-31T18:49:45+00:00,page_view,detail_view,1.0,synthetic-user-018,synthetic-user-018-session-01,da057913-9a02-4232-9a7d-c2ea84c453ef,The Old Post Office,Movie & TV Locations,Movie & TV Locations,1,0,0,5bb06c4f-bee0-45b7-8b35-c24ceb07bdb2,https://demo.invalid/places/da057913-9a02-4232-9a7d-c2ea84c453ef,4200,4200
20260731,1785528000000000,2026-07-31T20:00:00+00:00,map-user-action,marker_click,1.5,synthetic-user-026,synthetic-user-026-session-02,ae9313a1-734d-4039-9ad3-61b627a9ab2b,Theater of the Mind,Theaters and Music Venues,Theaters and Music Venues,1,0,0,,https://demo.invalid/places/ae9313a1-734d-4039-9ad3-61b627a9ab2b,1600,1600
20260731,1785528045000000,2026-07-31T20:00:45+00:00,page_view,detail_view,1.0,synthetic-user-026,synthetic-user-026-session-02,ae9313a1-734d-4039-9ad3-61b627a9ab2b,Theater of the Mind,Theaters and Music Venues,Theaters and Music Venues,1,0,0,,https://demo.invalid/places/ae9313a1-734d-4039-9ad3-61b627a9ab2b,4200,4200
20260731,1785529080000000,2026-07-31T20:18:00+00:00,map-user-action,marker_click,1.5,synthetic-user-026,synthetic-user-026-session-02,9146e451-276b-4918-b301-7ae41e933810,Chicago Symphony Orchestra,HOT SPOTS; Theaters and Music Venues,Theaters and Music Venues,2,1,0,ae9313a1-734d-4039-9ad3-61b627a9ab2b,https://demo.invalid/places/9146e451-276b-4918-b301-7ae41e933810,1600,1600
20260731,1785529125000000,2026-07-31T20:18:45+00:00,page_view,detail_view,1.0,synthetic-user-026,synthetic-user-026-session-02,9146e451-276b-4918-b301-7ae41e933810,Chicago Symphony Orchestra,HOT SPOTS; Theaters and Music Venues,Theaters and Music Venues,2,1,0,ae9313a1-734d-4039-9ad3-61b627a9ab2b,https://demo.invalid/places/9146e451-276b-4918-b301-7ae41e933810,4200,4200
20260731,1785530160000000,2026-07-31T20:36:00+00:00,map-user-action,marker_click,1.5,synthetic-user-026,synthetic-user-026-session-02,69466b09-ac7c-4b96-b83e-11c91756b7f6,Goodman Theater Center,Theaters and Music Venues,Theaters and Music Venues,1,0,0,9146e451-276b-4918-b301-7ae41e933810,https://demo.invalid/places/69466b09-ac7c-4b96-b83e-11c91756b7f6,1600,1600
20260731,1785530205000000,2026-07-31T20:36:45+00:00,page_view,detail_view,1.0,synthetic-user-026,synthetic-user-026-session-02,69466b09-ac7c-4b96-b83e-11c91756b7f6,Goodman Theater Center,Theaters and Music Venues,Theaters and Music Venues,1,0,0,9146e451-276b-4918-b301-7ae41e933810,https://demo.invalid/places/69466b09-ac7c-4b96-b83e-11c91756b7f6,4200,4200
20260731,1785531240000000,2026-07-31T20:54:00+00:00,map-user-action,marker_click,1.5,synthetic-user-026,synthetic-user-026-session-02,5f80e827-2e15-40f7-b873-1963d407d632,Lyric Opera of Chicago,HOT SPOTS; Theaters and Music Venues,Theaters and Music Venues,2,1,0,69466b09-ac7c-4b96-b83e-11c91756b7f6,https://demo.invalid/places/5f80e827-2e15-40f7-b873-1963d407d632,1600,1600
20260731,1785531285000000,2026-07-31T20:54:45+00:00,page_view,detail_view,1.0,synthetic-user-026,synthetic-user-026-session-02,5f80e827-2e15-40f7-b873-1963d407d632,Lyric Opera of Chicago,HOT SPOTS; Theaters and Music Venues,Theaters and Music Venues,2,1,0,69466b09-ac7c-4b96-b83e-11c91756b7f6,https://demo.invalid/places/5f80e827-2e15-40f7-b873-1963d407d632,4200,4200
20260731,1785535500000000,2026-07-31T22:05:00+00:00,map-user-action,marker_click,1.5,synthetic-user-034,synthetic-user-034-session-03,3fd80f7d-ab09-4088-9796-9571a14a7926,Clark Street in Lincoln Park,HOT SPOTS; Neighborhood Organizations,Neighborhood Organizations,2,1,0,,https://demo.invalid/places/3fd80f7d-ab09-4088-9796-9571a14a7926,1600,1600
20260731,1785535545000000,2026-07-31T22:05:45+00:00,page_view,detail_view,1.0,synthetic-user-034,synthetic-user-034-session-03,3fd80f7d-ab09-4088-9796-9571a14a7926,Clark Street in Lincoln Park,HOT SPOTS; Neighborhood Organizations,Neighborhood Organizations,2,1,0,,https://demo.invalid/places/3fd80f7d-ab09-4088-9796-9571a14a7926,4200,4200
20260731,1785536580000000,2026-07-31T22:23:00+00:00,map-user-action,marker_click,1.5,synthetic-user-034,synthetic-user-034-session-03,6cf9b47c-e237-456a-876d-8ba9028bf56e,Chicago's North Shore,HOT SPOTS; Neighborhood Organizations,Neighborhood Organizations,2,1,0,3fd80f7d-ab09-4088-9796-9571a14a7926,https://demo.invalid/places/6cf9b47c-e237-456a-876d-8ba9028bf56e,1600,1600
20260731,1785536625000000,2026-07-31T22:23:45+00:00,page_view,detail_view,1.0,synthetic-user-034,synthetic-user-034-session-03,6cf9b47c-e237-456a-876d-8ba9028bf56e,Chicago's North Shore,HOT SPOTS; Neighborhood Organizations,Neighborhood Organizations,2,1,0,3fd80f7d-ab09-4088-9796-9571a14a7926,https://demo.invalid/places/6cf9b47c-e237-456a-876d-8ba9028bf56e,4200,4200
20260731,1785537660000000,2026-07-31T22:41:00+00:00,map-user-action,marker_click,1.5,synthetic-user-034,synthetic-user-034-session-03,e3dd7225-82a0-4930-919c-e9a20d3df3db,Bally's Casino,Attractions,Attractions,1,0,0,6cf9b47c-e237-456a-876d-8ba9028bf56e,https://demo.invalid/places/e3dd7225-82a0-4930-919c-e9a20d3df3db,1600,1600
20260731,1785537705000000,2026-07-31T22:41:45+00:00,page_view,detail_view,1.0,synthetic-user-034,synthetic-user-034-session-03,e3dd7225-82a0-4930-919c-e9a20d3df3db,Bally's Casino,Attractions,Attractions,1,0,0,6cf9b47c-e237-456a-876d-8ba9028bf56e,https://demo.invalid/places/e3dd7225-82a0-4930-919c-e9a20d3df3db,4200,4200
20260731,1785538740000000,2026-07-31T22:59:00+00:00,map-user-action,marker_click,1.5,synthetic-user-034,synthetic-user-034-session-03,e3221d57-924a-4709-b0e6-4e5f13c5cc37,Corcoran's Grill & Pub,Restaurants,Restaurants,1,0,0,e3dd7225-82a0-4930-919c-e9a20d3df3db,https://demo.invalid/places/e3221d57-924a-4709-b0e6-4e5f13c5cc37,1600,1600
20260731,1785538785000000,2026-07-31T22:59:45+00:00,page_view,detail_view,1.0,synthetic-user-034,synthetic-user-034-session-03,e3221d57-924a-4709-b0e6-4e5f13c5cc37,Corcoran's Grill & Pub,Restaurants,Restaurants,1,0,0,e3dd7225-82a0-4930-919c-e9a20d3df3db,https://demo.invalid/places/e3221d57-924a-4709-b0e6-4e5f13c5cc37,4200,4200
20260731,1785540960000000,2026-07-31T23:36:00+00:00,map-user-action,marker_click,1.5,synthetic-user-049,synthetic-user-049-session-01,94382a2a-4917-44d0-ab63-ce6237df694d,Hampton Inn & Suites Chicago Medical District UIC,Hotels,Hotels,1,0,0,,https://demo.invalid/places/94382a2a-4917-44d0-ab63-ce6237df694d,1600,1600
20260731,1785541005000000,2026-07-31T23:36:45+00:00,page_view,detail_view,1.0,synthetic-user-049,synthetic-user-049-session-01,94382a2a-4917-44d0-ab63-ce6237df694d,Hampton Inn & Suites Chicago Medical District UIC,Hotels,Hotels,1,0,0,,https://demo.invalid/places/94382a2a-4917-44d0-ab63-ce6237df694d,4200,4200
20260731,1785542040000000,2026-07-31T23:54:00+00:00,map-user-action,marker_click,1.5,synthetic-user-049,synthetic-user-049-session-01,122a12f9-cf54-4983-9787-64633fc79b15,Big Bus Tours Stop 4: Hilton Chicago & Grant Park,Big Bus Tours Stops,Big Bus Tours Stops,1,0,0,94382a2a-4917-44d0-ab63-ce6237df694d,https://demo.invalid/places/122a12f9-cf54-4983-9787-64633fc79b15,1600,1600
20260731,1785542085000000,2026-07-31T23:54:45+00:00,page_view,detail_view,1.0,synthetic-user-049,synthetic-user-049-session-01,122a12f9-cf54-4983-9787-64633fc79b15,Big Bus Tours Stop 4: Hilton Chicago & Grant Park,Big Bus Tours Stops,Big Bus Tours Stops,1,0,0,94382a2a-4917-44d0-ab63-ce6237df694d,https://demo.invalid/places/122a12f9-cf54-4983-9787-64633fc79b15,4200,4200
20260801,1785543120000000,2026-08-01T00:12:00+00:00,map-user-action,marker_click,1.5,synthetic-user-049,synthetic-user-049-session-01,daec936e-ce9f-472c-9764-fca57ed8fdc8,Rosebud Taylor Street,Restaurants,Restaurants,1,0,0,122a12f9-cf54-4983-9787-64633fc79b15,https://demo.invalid/places/daec936e-ce9f-472c-9764-fca57ed8fdc8,1600,1600
20260801,1785543165000000,2026-08-01T00:12:45+00:00,page_view,detail_view,1.0,synthetic-user-049,synthetic-user-049-session-01,daec936e-ce9f-472c-9764-fca57ed8fdc8,Rosebud Taylor Street,Restaurants,Restaurants,1,0,0,122a12f9-cf54-4983-9787-64633fc79b15,https://demo.invalid/places/daec936e-ce9f-472c-9764-fca57ed8fdc8,4200,4200
20260801,1785544200000000,2026-08-01T00:30:00+00:00,map-user-action,marker_click,1.5,synthetic-user-049,synthetic-user-049-session-01,0b1bab11-a4df-488e-b6b3-b2ffadc71bc3,Roll Up,HOT SPOTS; Restaurants,Restaurants,2,1,0,daec936e-ce9f-472c-9764-fca57ed8fdc8,https://demo.invalid/places/0b1bab11-a4df-488e-b6b3-b2ffadc71bc3,1600,1600
20260801,1785544245000000,2026-08-01T00:30:45+00:00,page_view,detail_view,1.0,synthetic-user-049,synthetic-user-049-session-01,0b1bab11-a4df-488e-b6b3-b2ffadc71bc3,Roll Up,HOT SPOTS; Restaurants,Restaurants,2,1,0,daec936e-ce9f-472c-9764-fca57ed8fdc8,https://demo.invalid/places/0b1bab11-a4df-488e-b6b3-b2ffadc71bc3,4200,4200
20260801,1785548460000000,2026-08-01T01:41:00+00:00,map-user-action,marker_click,1.5,synthetic-user-057,synthetic-user-057-session-02,3940b0f9-eb88-4682-9d1b-0335dd3bde13,Arlo,Hotels,Hotels,1,0,0,,https://demo.invalid/places/3940b0f9-eb88-4682-9d1b-0335dd3bde13,1600,1600
20260801,1785548505000000,2026-08-01T01:41:45+00:00,page_view,detail_view,1.0,synthetic-user-057,synthetic-user-057-session-02,3940b0f9-eb88-4682-9d1b-0335dd3bde13,Arlo,Hotels,Hotels,1,0,0,,https://demo.invalid/places/3940b0f9-eb88-4682-9d1b-0335dd3bde13,4200,4200
20260801,1785549540000000,2026-08-01T01:59:00+00:00,map-user-action,marker_click,1.5,synthetic-user-057,synthetic-user-057-session-02,0ca4aa52-726e-4bcd-bd91-754da82c23ba,Big Bus Tours Stop 8: Navy Pier,Big Bus Tours Stops,Big Bus Tours Stops,1,0,0,3940b0f9-eb88-4682-9d1b-0335dd3bde13,https://demo.invalid/places/0ca4aa52-726e-4bcd-bd91-754da82c23ba,1600,1600
20260801,1785549585000000,2026-08-01T01:59:45+00:00,page_view,detail_view,1.0,synthetic-user-057,synthetic-user-057-session-02,0ca4aa52-726e-4bcd-bd91-754da82c23ba,Big Bus Tours Stop 8: Navy Pier,Big Bus Tours Stops,Big Bus Tours Stops,1,0,0,3940b0f9-eb88-4682-9d1b-0335dd3bde13,https://demo.invalid/places/0ca4aa52-726e-4bcd-bd91-754da82c23ba,4200,4200
20260801,1785550620000000,2026-08-01T02:17:00+00:00,map-user-action,marker_click,1.5,synthetic-user-057,synthetic-user-057-session-02,94382a2a-4917-44d0-ab63-ce6237df694d,Hampton Inn & Suites Chicago Medical District UIC,Hotels,Hotels,1,0,0,0ca4aa52-726e-4bcd-bd91-754da82c23ba,https://demo.invalid/places/94382a2a-4917-44d0-ab63-ce6237df694d,1600,1600
20260801,1785550665000000,2026-08-01T02:17:45+00:00,page_view,detail_view,1.0,synthetic-user-057,synthetic-user-057-session-02,94382a2a-4917-44d0-ab63-ce6237df694d,Hampton Inn & Suites Chicago Medical District UIC,Hotels,Hotels,1,0,0,0ca4aa52-726e-4bcd-bd91-754da82c23ba,https://demo.invalid/places/94382a2a-4917-44d0-ab63-ce6237df694d,4200,4200
20260801,1785551700000000,2026-08-01T02:35:00+00:00,map-user-action,marker_click,1.5,synthetic-user-057,synthetic-user-057-session-02,8e8e448e-fe9d-43ff-8550-f301f9b79dad,Courtyard by Marriott,Hotels,Hotels,1,0,0,94382a2a-4917-44d0-ab63-ce6237df694d,https://demo.invalid/places/8e8e448e-fe9d-43ff-8550-f301f9b79dad,1600,1600
20260801,1785551745000000,2026-08-01T02:35:45+00:00,page_view,detail_view,1.0,synthetic-user-057,synthetic-user-057-session-02,8e8e448e-fe9d-43ff-8550-f301f9b79dad,Courtyard by Marriott,Hotels,Hotels,1,0,0,94382a2a-4917-44d0-ab63-ce6237df694d,https://demo.invalid/places/8e8e448e-fe9d-43ff-8550-f301f9b79dad,4200,4200
20260801,1785555960000000,2026-08-01T03:46:00+00:00,map-user-action,marker_click,1.5,synthetic-user-065,synthetic-user-065-session-03,9146e451-276b-4918-b301-7ae41e933810,Chicago Symphony Orchestra,HOT SPOTS; Theaters and Music Venues,Theaters and Music Venues,2,1,0,,https://demo.invalid/places/9146e451-276b-4918-b301-7ae41e933810,1600,1600
20260801,1785556005000000,2026-08-01T03:46:45+00:00,page_view,detail_view,1.0,synthetic-user-065,synthetic-user-065-session-03,9146e451-276b-4918-b301-7ae41e933810,Chicago Symphony Orchestra,HOT SPOTS; Theaters and Music Venues,Theaters and Music Venues,2,1,0,,https://demo.invalid/places/9146e451-276b-4918-b301-7ae41e933810,4200,4200
20260801,1785557040000000,2026-08-01T04:04:00+00:00,map-user-action,marker_click,1.5,synthetic-user-065,synthetic-user-065-session-03,7f27b473-2df0-4bfa-a7f5-f41117322754,Huntington Bank Pavilion,Theaters and Music Venues,Theaters and Music Venues,1,0,0,9146e451-276b-4918-b301-7ae41e933810,https://demo.invalid/places/7f27b473-2df0-4bfa-a7f5-f41117322754,1600,1600
20260801,1785557085000000,2026-08-01T04:04:45+00:00,page_view,detail_view,1.0,synthetic-user-065,synthetic-user-065-session-03,7f27b473-2df0-4bfa-a7f5-f41117322754,Huntington Bank Pavilion,Theaters and Music Venues,Theaters and Music Venues,1,0,0,9146e451-276b-4918-b301-7ae41e933810,https://demo.invalid/places/7f27b473-2df0-4bfa-a7f5-f41117322754,4200,4200
20260801,1785558120000000,2026-08-01T04:22:00+00:00,map-user-action,marker_click,1.5,synthetic-user-065,synthetic-user-065-session-03,e6a80f79-2925-4aee-8227-97e097ca91b6,Club Quarters,Hotels,Hotels,1,0,0,7f27b473-2df0-4bfa-a7f5-f41117322754,https://demo.invalid/places/e6a80f79-2925-4aee-8227-97e097ca91b6,1600,1600
20260801,1785558165000000,2026-08-01T04:22:45+00:00,page_view,detail_view,1.0,synthetic-user-065,synthetic-user-065-session-03,e6a80f79-2925-4aee-8227-97e097ca91b6,Club Quarters,Hotels,Hotels,1,0,0,7f27b473-2df0-4bfa-a7f5-f41117322754,https://demo.invalid/places/e6a80f79-2925-4aee-8227-97e097ca91b6,4200,4200
20260801,1785559200000000,2026-08-01T04:40:00+00:00,map-user-action,marker_click,1.5,synthetic-user-065,synthetic-user-065-session-03,fa1c3882-f5b6-4eb5-82dd-241817ee014d,Art Institute of Chicago,Attractions; Museums,Attractions,2,0,0,e6a80f79-2925-4aee-8227-97e097ca91b6,https://demo.invalid/places/fa1c3882-f5b6-4eb5-82dd-241817ee014d,1600,1600
20260801,1785559245000000,2026-08-01T04:40:45+00:00,page_view,detail_view,1.0,synthetic-user-065,synthetic-user-065-session-03,fa1c3882-f5b6-4eb5-82dd-241817ee014d,Art Institute of Chicago,Attractions; Museums,Attractions,2,0,0,e6a80f79-2925-4aee-8227-97e097ca91b6,https://demo.invalid/places/fa1c3882-f5b6-4eb5-82dd-241817ee014d,4200,4200
20260801,1785561420000000,2026-08-01T05:17:00+00:00,map-user-action,marker_click,1.5,synthetic-user-080,synthetic-user-080-session-01,fa1c3882-f5b6-4eb5-82dd-241817ee014d,Art Institute of Chicago,Attractions; Museums,Attractions,2,0,0,,https://demo.invalid/places/fa1c3882-f5b6-4eb5-82dd-241817ee014d,1600,1600
20260801,1785561465000000,2026-08-01T05:17:45+00:00,page_view,detail_view,1.0,synthetic-user-080,synthetic-user-080-session-01,fa1c3882-f5b6-4eb5-82dd-241817ee014d,Art Institute of Chicago,Attractions; Museums,Attractions,2,0,0,,https://demo.invalid/places/fa1c3882-f5b6-4eb5-82dd-241817ee014d,4200,4200
20260801,1785562500000000,2026-08-01T05:35:00+00:00,map-user-action,marker_click,1.5,synthetic-user-080,synthetic-user-080-session-01,149e5b06-fafe-45a5-987f-0a2ee647f8d2,Selva,Bars,Bars,1,0,0,fa1c3882-f5b6-4eb5-82dd-241817ee014d,https://demo.invalid/places/149e5b06-fafe-45a5-987f-0a2ee647f8d2,1600,1600
20260801,1785562545000000,2026-08-01T05:35:45+00:00,page_view,detail_view,1.0,synthetic-user-080,synthetic-user-080-session-01,149e5b06-fafe-45a5-987f-0a2ee647f8d2,Selva,Bars,Bars,1,0,0,fa1c3882-f5b6-4eb5-82dd-241817ee014d,https://demo.invalid/places/149e5b06-fafe-45a5-987f-0a2ee647f8d2,4200,4200
20260801,1785563580000000,2026-08-01T05:53:00+00:00,map-user-action,marker_click,1.5,synthetic-user-080,synthetic-user-080-session-01,94657afc-0436-421f-b928-de0f464c8351,Emerald Loop,HOT SPOTS; Bars; Restaurants,Bars,3,1,0,149e5b06-fafe-45a5-987f-0a2ee647f8d2,https://demo.invalid/places/94657afc-0436-421f-b928-de0f464c8351,1600,1600
20260801,1785563625000000,2026-08-01T05:53:45+00:00,page_view,detail_view,1.0,synthetic-user-080,synthetic-user-080-session-01,94657afc-0436-421f-b928-de0f464c8351,Emerald Loop,HOT SPOTS; Bars; Restaurants,Bars,3,1,0,149e5b06-fafe-45a5-987f-0a2ee647f8d2,https://demo.invalid/places/94657afc-0436-421f-b928-de0f464c8351,4200,4200
20260801,1785564660000000,2026-08-01T06:11:00+00:00,map-user-action,marker_click,1.5,synthetic-user-080,synthetic-user-080-session-01,de2fb87e-f914-4639-8d38-1b8792583d21,10pin Bowling Lounge,HOT SPOTS; Bars; Restaurants,Bars,3,1,0,94657afc-0436-421f-b928-de0f464c8351,https://demo.invalid/places/de2fb87e-f914-4639-8d38-1b8792583d21,1600,1600
20260801,1785564705000000,2026-08-01T06:11:45+00:00,page_view,detail_view,1.0,synthetic-user-080,synthetic-user-080-session-01,de2fb87e-f914-4639-8d38-1b8792583d21,10pin Bowling Lounge,HOT SPOTS; Bars; Restaurants,Bars,3,1,0,94657afc-0436-421f-b928-de0f464c8351,https://demo.invalid/places/de2fb87e-f914-4639-8d38-1b8792583d21,4200,4200
