config,ndcg,sim,popularity,item_collab,user_collab,trending,session
random,0.25593,0.406,0.409,0.101,0.063,0.02,0.001
random,0.255719,0.37,0.416,0.104,0.057,0.049,0.004
random,0.255192,0.305,0.527,0.05,0.058,0.01,0.05
random,0.253922,0.282,0.602,0.081,0.01,0.009,0.017
random,0.251544,0.359,0.485,0.047,0.059,0.001,0.049
random,0.251491,0.331,0.56,0.018,0.011,0.032,0.048
random,0.251216,0.315,0.509,0.096,0.048,0.005,0.027
random,0.25073,0.189,0.22,0.069,0.448,0.067,0.007
random,0.250538,0.331,0.568,0.021,0.038,0.019,0.023
random,0.250282,0.299,0.512,0.003,0.064,0.048,0.075
random,0.249289,0.265,0.527,0.003,0.124,0.062,0.019
random,0.248972,0.292,0.637,0.034,0.012,0.025,0.0
random,0.248859,0.279,0.417,0.079,0.071,0.111,0.042
random,0.248256,0.354,0.434,0.074,0.0,0.073,0.066
random,0.248143,0.281,0.222,0.071,0.368,0.034,0.024
random,0.247975,0.276,0.44,0.007,0.145,0.042,0.089
random,0.247923,0.277,0.446,0.076,0.135,0.05,0.016
random,0.247788,0.328,0.467,0.136,0.038,0.02,0.011
random,0.247756,0.304,0.249,0.092,0.35,0.001,0.004
random,0.247547,0.244,0.545,0.022,0.101,0.038,0.049
random,0.247425,0.367,0.435,0.026,0.02,0.059,0.093
random,0.247218,0.41,0.465,0.006,0.076,0.008,0.035
random,0.247198,0.401,0.524,0.005,0.054,0.0,0.016
random,0.246635,0.23,0.174,0.078,0.471,0.033,0.015
random,0.246229,0.441,0.513,0.025,0.01,0.011,0.0
random,0.24622,0.371,0.367,0.119,0.13,0.01,0.003
random,0.246057,0.212,0.154,0.073,0.489,0.049,0.023
random,0.245934,0.226,0.684,0.01,0.009,0.002,0.069
random,0.245739,0.249,0.166,0.065,0.482,0.033,0.005
random,0.245629,0.239,0.463,0.132,0.002,0.113,0.051
random,0.245238,0.24,0.124,0.025,0.491,0.029,0.092
random,0.245061,0.112,0.26,0.122,0.485,0.018,0.002
random,0.244915,0.277,0.534,0.0,0.093,0.0,0.095
random,0.244914,0.193,0.128,0.096,0.559,0.021,0.003
random,0.244716,0.32,0.419,0.093,0.005,0.115,0.048
random,0.2444,0.278,0.43,0.101,0.143,0.02,0.029
random,0.244264,0.084,0.025,0.025,0.782,0.06,0.024
random,0.244138,0.245,0.161,0.128,0.454,0.009,0.003
random,0.244107,0.295,0.456,0.139,0.096,0.004,0.01
random,0.243965,0.259,0.469,0.062,0.188,0.011,0.011
random,0.24373,0.234,0.163,0.092,0.456,0.005,0.05
random,0.243657,0.247,0.498,0.138,0.019,0.073,0.024
random,0.243445,0.122,0.025,0.022,0.78,0.011,0.04
random,0.243403,0.222,0.106,0.143,0.505,0.01,0.014
random,0.243383,0.165,0.285,0.035,0.361,0.104,0.05
random,0.243237,0.121,0.057,0.055,0.758,0.0,0.009
random,0.242985,0.136,0.212,0.073,0.432,0.076,0.072
random,0.242946,0.369,0.46,0.06,0.013,0.009,0.09
random,0.242935,0.203,0.444,0.072,0.232,0.027,0.023
random,0.242728,0.312,0.396,0.019,0.039,0.056,0.177
random,0.242582,0.307,0.322,0.089,0.185,0.048,0.048
random,0.242435,0.225,0.399,0.047,0.106,0.096,0.126
random,0.242379,0.172,0.25,0.015,0.497,0.001,0.065
random,0.242257,0.187,0.239,0.099,0.364,0.03,0.081
random,0.242172,0.216,0.496,0.023,0.155,0.033,0.077
random,0.24217,0.478,0.451,0.0,0.039,0.009,0.022
random,0.242164,0.167,0.192,0.113,0.468,0.0,0.06
random,0.242066,0.162,0.636,0.103,0.04,0.03,0.029
random,0.24201,0.258,0.351,0.01,0.28,0.044,0.058
random,0.242002,0.15,0.085,0.03,0.641,0.023,0.072
random,0.241685,0.229,0.438,0.124,0.057,0.126,0.027
random,0.241591,0.202,0.135,0.011,0.496,0.068,0.087
random,0.241501,0.275,0.315,0.111,0.232,0.058,0.009
random,0.241468,0.18,0.113,0.063,0.612,0.022,0.01
random,0.241402,0.379,0.409,0.043,0.064,0.1,0.004
random,0.241399,0.137,0.311,0.077,0.417,0.033,0.026
random,0.241361,0.229,0.258,0.021,0.466,0.025,0.001
random,0.241341,0.368,0.444,0.166,0.019,0.002,0.001
random,0.241256,0.055,0.001,0.025,0.857,0.044,0.017
random,0.241227,0.348,0.2,0.103,0.337,0.005,0.007
random,0.241157,0.27,0.406,0.102,0.146,0.025,0.051
random,0.240987,0.251,0.491,0.035,0.022,0.115,0.086
random,0.240933,0.232,0.209,0.004,0.485,0.011,0.059
random,0.240901,0.359,0.324,0.113,0.103,0.052,0.05
random,0.24083,0.258,0.434,0.002,0.261,0.006,0.039
random,0.24079,0.143,0.231,0.06,0.5,0.003,0.062
random,0.240778,0.13,0.091,0.071,0.58,0.053,0.075
random,0.240608,0.289,0.373,0.087,0.133,0.043,0.074
random,0.240519,0.117,0.074,0.031,0.688,0.05,0.041
random,0.240422,0.382,0.291,0.136,0.169,0.018,0.004
random,0.240354,0.353,0.407,0.012,0.111,0.077,0.04
random,0.240336,0.218,0.595,0.071,0.007,0.097,0.012
random,0.240257,0.135,0.015,0.021,0.708,0.03,0.091
random,0.240121,0.26,0.286,0.04,0.373,0.014,0.027
random,0.240068,0.215,0.329,0.041,0.268,0.083,0.064
random,0.239896,0.266,0.03,0.12,0.517,0.009,0.058
random,0.239878,0.364,0.453,0.105,0.006,0.0,0.072
random,0.239858,0.15,0.193,0.034,0.579,0.001,0.042
random,0.239812,0.344,0.447,0.054,0.028,0.018,0.108
random,0.239802,0.196,0.001,0.027,0.724,0.009,0.044
random,0.239773,0.244,0.405,0.024,0.232,0.089,0.007
random,0.23974,0.22,0.115,0.005,0.596,0.001,0.063
random,0.239666,0.334,0.244,0.057,0.271,0.015,0.08
random,0.239494,0.186,0.005,0.098,0.635,0.011,0.064
random,0.239474,0.174,0.01,0.034,0.755,0.009,0.018
random,0.239462,0.168,0.081,0.004,0.566,0.078,0.102
random,0.239457,0.341,0.138,0.087,0.403,0.006,0.024
random,0.239367,0.243,0.384,0.143,0.14,0.078,0.011
random,0.239334,0.261,0.295,0.036,0.355,0.037,0.016
random,0.239286,0.127,0.029,0.022,0.648,0.034,0.139
random,0.238932,0.148,0.176,0.079,0.512,0.027,0.058
random,0.23891,0.288,0.025,0.018,0.517,0.049,0.103
random,0.23886,0.176,0.037,0.087,0.538,0.068,0.095
random,0.238828,0.333,0.365,0.076,0.036,0.05,0.14
random,0.238807,0.144,0.117,0.014,0.598,0.053,0.074
random,0.238747,0.251,0.021,0.132,0.535,0.035,0.027
random,0.238732,0.173,0.624,0.076,0.031,0.042,0.054
random,0.238698,0.238,0.523,0.002,0.043,0.045,0.151
random,0.238677,0.27,0.128,0.079,0.41,0.045,0.069
random,0.238408,0.297,0.181,0.014,0.432,0.0,0.075
random,0.238381,0.261,0.116,0.113,0.388,0.06,0.062
random,0.23832,0.157,0.246,0.163,0.402,0.031,0.0
random,0.238225,0.337,0.343,0.005,0.219,0.012,0.083
random,0.23822,0.075,0.147,0.058,0.607,0.094,0.018
random,0.23801,0.163,0.504,0.044,0.204,0.024,0.061
random,0.23797,0.391,0.457,0.0,0.042,0.006,0.104
random,0.237957,0.318,0.237,0.152,0.193,0.089,0.012
random,0.23791,0.192,0.029,0.051,0.513,0.073,0.142
random,0.237899,0.148,0.026,0.106,0.63,0.082,0.008
random,0.237805,0.114,0.088,0.019,0.629,0.057,0.094
random,0.237723,0.248,0.41,0.006,0.094,0.064,0.177
random,0.237707,0.351,0.284,0.041,0.23,0.01,0.084
random,0.237627,0.291,0.176,0.092,0.33,0.049,0.062
random,0.237572,0.179,0.333,0.149,0.208,0.093,0.036
random,0.237421,0.309,0.42,0.032,0.048,0.112,0.079
random,0.237354,0.249,0.286,0.023,0.333,0.099,0.009
random,0.237349,0.199,0.467,0.004,0.288,0.034,0.008
random,0.237339,0.185,0.572,0.055,0.074,0.044,0.07
random,0.237264,0.23,0.004,0.136,0.589,0.01,0.031
random,0.237255,0.184,0.031,0.089,0.549,0.009,0.138
random,0.237191,0.267,0.001,0.137,0.539,0.056,0.001
random,0.237007,0.228,0.509,0.058,0.062,0.107,0.036
random,0.236896,0.163,0.407,0.126,0.21,0.047,0.047
random,0.23686,0.304,0.371,0.029,0.184,0.098,0.014
random,0.236825,0.168,0.059,0.105,0.561,0.08,0.027
random,0.236792,0.302,0.034,0.014,0.538,0.005,0.108
random,0.236778,0.242,0.246,0.02,0.393,0.074,0.026
random,0.236773,0.223,0.416,0.137,0.029,0.141,0.053
random,0.236639,0.36,0.275,0.064,0.259,0.017,0.025
random,0.236618,0.123,0.111,0.077,0.592,0.0,0.098
random,0.236569,0.105,0.064,0.093,0.622,0.106,0.011
random,0.2365,0.127,0.169,0.079,0.443,0.071,0.111
random,0.236465,0.305,0.331,0.037,0.178,0.028,0.12
random,0.236447,0.221,0.244,0.021,0.372,0.112,0.03
random,0.236369,0.207,0.489,0.19,0.108,0.001,0.004
random,0.236362,0.337,0.008,0.018,0.422,0.066,0.148
random,0.23633,0.213,0.519,0.064,0.006,0.05,0.147
random,0.2363,0.4,0.142,0.038,0.32,0.006,0.094
random,0.236242,0.419,0.333,0.029,0.021,0.131,0.067
random,0.236133,0.24,0.112,0.078,0.427,0.084,0.059
random,0.236128,0.132,0.129,0.003,0.599,0.006,0.132
random,0.236101,0.27,0.459,0.007,0.002,0.006,0.256
random,0.2361,0.314,0.037,0.1,0.466,0.001,0.082
random,0.236034,0.339,0.326,0.001,0.14,0.048,0.145
random,0.23593,0.11,0.231,0.092,0.449,0.001,0.117
random,0.235894,0.384,0.367,0.01,0.001,0.098,0.139
random,0.235857,0.127,0.014,0.001,0.843,0.013,0.002
random,0.235856,0.316,0.161,0.0,0.356,0.018,0.148
random,0.235752,0.365,0.303,0.054,0.184,0.013,0.081
random,0.235738,0.06,0.002,0.002,0.818,0.066,0.051
random,0.235646,0.636,0.309,0.039,0.014,0.002,0.0
random,0.235489,0.129,0.283,0.041,0.31,0.121,0.116
random,0.235455,0.137,0.006,0.112,0.674,0.013,0.058
random,0.235426,0.314,0.161,0.019,0.356,0.041,0.108
random,0.235404,0.199,0.474,0.041,0.138,0.146,0.002
random,0.235369,0.203,0.344,0.014,0.245,0.139,0.056
random,0.235278,0.466,0.266,0.109,0.092,0.061,0.006
random,0.235271,0.15,0.005,0.076,0.637,0.004,0.129
random,0.235262,0.191,0.417,0.165,0.168,0.055,0.003
random,0.235145,0.55,0.363,0.015,0.053,0.015,0.005
random,0.235141,0.401,0.341,0.005,0.094,0.003,0.155
random,0.235132,0.314,0.111,0.041,0.356,0.064,0.113
random,0.235038,0.263,0.371,0.085,0.053,0.169,0.06
random,0.235002,0.25,0.407,0.047,0.103,0.051,0.142
random,0.234978,0.394,0.039,0.02,0.4,0.004,0.143
random,0.234956,0.13,0.014,0.001,0.764,0.061,0.03
random,0.234942,0.157,0.088,0.008,0.681,0.052,0.014
random,0.234787,0.143,0.095,0.002,0.632,0.075,0.051
random,0.234778,0.352,0.059,0.038,0.415,0.003,0.133
random,0.23469,0.318,0.242,0.106,0.184,0.086,0.064
random,0.234596,0.522,0.346,0.105,0.009,0.001,0.017
random,0.234532,0.414,0.291,0.157,0.124,0.009,0.006
random,0.23449,0.233,0.013,0.11,0.495,0.101,0.048
random,0.234468,0.19,0.304,0.001,0.371,0.079,0.054
random,0.234342,0.509,0.338,0.003,0.092,0.053,0.005
random,0.234187,0.246,0.399,0.169,0.106,0.073,0.007
random,0.234162,0.196,0.636,0.01,0.008,0.01,0.139
random,0.23394,0.36,0.453,0.001,0.011,0.139,0.036
random,0.233774,0.239,0.195,0.112,0.254,0.119,0.08
random,0.233706,0.251,0.478,0.203,0.062,0.001,0.005
random,0.233628,0.383,0.075,0.063,0.423,0.043,0.012
random,0.233628,0.193,0.319,0.085,0.19,0.137,0.077
random,0.233551,0.359,0.338,0.184,0.104,0.013,0.003
random,0.233532,0.329,0.213,0.082,0.32,0.053,0.001
random,0.233384,0.092,0.197,0.039,0.6,0.003,0.069
random,0.233303,0.082,0.2,0.034,0.631,0.01,0.043
random,0.233291,0.413,0.329,0.078,0.015,0.052,0.113
random,0.233248,0.354,0.002,0.153,0.47,0.005,0.016
random,0.233016,0.174,0.314,0.033,0.332,0.125,0.022
random,0.23301,0.278,0.081,0.017,0.528,0.053,0.044
random,0.232988,0.168,0.111,0.137,0.447,0.132,0.006
random,0.232912,0.112,0.026,0.104,0.679,0.004,0.075
random,0.232907,0.236,0.283,0.01,0.283,0.114,0.075
random,0.232895,0.686,0.241,0.061,0.007,0.001,0.002
random,0.232867,0.258,0.334,0.078,0.122,0.155,0.053
random,0.232714,0.313,0.474,0.01,0.07,0.131,0.002
random,0.232652,0.218,0.231,0.128,0.217,0.159,0.048
random,0.232569,0.277,0.107,0.109,0.332,0.109,0.066
random,0.232507,0.281,0.06,0.15,0.427,0.042,0.041
random,0.232491,0.197,0.434,0.015,0.34,0.007,0.007
random,0.232467,0.235,0.258,0.026,0.171,0.141,0.169
random,0.232464,0.214,0.221,0.145,0.278,0.14,0.002
random,0.232441,0.276,0.113,0.012,0.55,0.024,0.026
random,0.232432,0.225,0.11,0.045,0.357,0.067,0.195
random,0.232402,0.213,0.362,0.059,0.169,0.16,0.037
random,0.232386,0.149,0.422,0.068,0.255,0.091,0.016
random,0.232326,0.259,0.46,0.072,0.045,0.029,0.134
random,0.232294,0.258,0.022,0.099,0.5,0.098,0.024
random,0.232273,0.176,0.077,0.071,0.462,0.108,0.106
random,0.23214,0.063,0.126,0.046,0.62,0.094,0.05
random,0.232122,0.127,0.281,0.121,0.343,0.072,0.056
random,0.232095,0.291,0.196,0.126,0.238,0.062,0.088
random,0.232039,0.362,0.28,0.08,0.21,0.046,0.024
random,0.231992,0.247,0.003,0.111,0.468,0.142,0.029
random,0.231965,0.336,0.042,0.076,0.463,0.082,0.002
random,0.231948,0.128,0.167,0.099,0.46,0.028,0.117
random,0.231899,0.492,0.303,0.045,0.156,0.001,0.004
random,0.231881,0.521,0.26,0.047,0.119,0.048,0.005
random,0.231871,0.307,0.018,0.055,0.537,0.071,0.012
random,0.231754,0.169,0.188,0.025,0.392,0.138,0.089
random,0.231713,0.473,0.255,0.125,0.086,0.008,0.053
random,0.231624,0.314,0.052,0.051,0.402,0.048,0.133
random,0.23158,0.124,0.346,0.025,0.387,0.028,0.089
random,0.231567,0.324,0.411,0.015,0.086,0.154,0.01
random,0.231498,0.383,0.061,0.178,0.299,0.059,0.019
random,0.231446,0.313,0.129,0.114,0.352,0.067,0.025
random,0.231433,0.287,0.193,0.054,0.283,0.122,0.061
random,0.231343,0.19,0.068,0.009,0.703,0.026,0.003
random,0.231337,0.376,0.082,0.009,0.46,0.044,0.029
random,0.23127,0.677,0.16,0.047,0.011,0.068,0.038
random,0.231248,0.468,0.104,0.206,0.163,0.056,0.003
random,0.231096,0.258,0.344,0.036,0.138,0.186,0.039
random,0.231066,0.428,0.168,0.108,0.234,0.027,0.035
random,0.231065,0.313,0.273,0.011,0.329,0.073,0.001
random,0.231018,0.194,0.467,0.183,0.046,0.058,0.052
random,0.230961,0.548,0.302,0.02,0.127,0.001,0.002
random,0.230858,0.744,0.002,0.039,0.191,0.023,0.002
random,0.230822,0.679,0.001,0.004,0.297,0.011,0.009
random,0.230781,0.54,0.267,0.042,0.062,0.028,0.06
random,0.23076,0.177,0.381,0.166,0.06,0.203,0.015
random,0.230723,0.267,0.387,0.177,0.072,0.066,0.031
random,0.230711,0.068,0.023,0.147,0.742,0.002,0.018
random,0.230703,0.146,0.028,0.042,0.672,0.102,0.01
random,0.230672,0.364,0.349,0.033,0.128,0.071,0.055
random,0.230671,0.531,0.366,0.015,0.029,0.052,0.008
random,0.230661,0.19,0.451,0.098,0.176,0.012,0.072
random,0.230608,0.389,0.052,0.015,0.439,0.01,0.095
random,0.230509,0.382,0.287,0.08,0.221,0.002,0.029
random,0.230502,0.328,0.094,0.167,0.372,0.026,0.014
random,0.230468,0.294,0.107,0.142,0.293,0.121,0.044
random,0.230435,0.166,0.294,0.038,0.322,0.145,0.037
random,0.230309,0.174,0.153,0.23,0.355,0.087,0.002
random,0.230304,0.199,0.02,0.003,0.456,0.094,0.228
random,0.230265,0.307,0.064,0.174,0.371,0.081,0.003
random,0.230247,0.84,0.006,0.015,0.079,0.03,0.03
random,0.230241,0.399,0.251,0.053,0.27,0.016,0.011
random,0.230231,0.35,0.054,0.189,0.26,0.145,0.002
random,0.23004,0.206,0.068,0.009,0.51,0.138,0.069
random,0.23,0.276,0.101,0.048,0.402,0.005,0.168
random,0.229996,0.324,0.114,0.141,0.275,0.09,0.056
random,0.229917,0.46,0.253,0.106,0.135,0.033,0.013
random,0.229914,0.298,0.395,0.219,0.009,0.009,0.07
random,0.229904,0.185,0.372,0.048,0.191,0.085,0.119
random,0.229899,0.206,0.494,0.013,0.176,0.104,0.007
random,0.229872,0.68,0.104,0.069,0.099,0.047,0.001
random,0.229861,0.514,0.01,0.032,0.375,0.006,0.063
random,0.229858,0.405,0.024,0.156,0.278,0.118,0.019
random,0.229841,0.15,0.023,0.023,0.511,0.116,0.177
random,0.229833,0.162,0.049,0.2,0.575,0.0,0.014
random,0.229806,0.619,0.217,0.081,0.031,0.035,0.017
random,0.22977,0.162,0.548,0.113,0.07,0.006,0.101
random,0.229766,0.283,0.051,0.11,0.39,0.125,0.041
random,0.229725,0.397,0.03,0.025,0.295,0.079,0.174
random,0.229604,0.364,0.026,0.034,0.511,0.052,0.012
random,0.229571,0.079,0.07,0.13,0.646,0.054,0.02
random,0.229557,0.246,0.197,0.097,0.284,0.149,0.027
random,0.229542,0.327,0.298,0.031,0.156,0.146,0.042
random,0.229499,0.198,0.445,0.007,0.056,0.142,0.152
random,0.229499,0.388,0.022,0.088,0.348,0.069,0.085
random,0.229498,0.273,0.421,0.218,0.024,0.0,0.064
random,0.22944,0.15,0.28,0.03,0.28,0.092,0.168
random,0.229402,0.397,0.339,0.037,0.076,0.008,0.143
random,0.22936,0.331,0.113,0.161,0.329,0.025,0.042
random,0.22931,0.691,0.044,0.072,0.181,0.011,0.002
random,0.229262,0.176,0.714,0.074,0.023,0.001,0.013
random,0.229188,0.282,0.07,0.265,0.299,0.052,0.032
random,0.229175,0.053,0.091,0.053,0.718,0.007,0.078
random,0.229095,0.159,0.347,0.069,0.225,0.073,0.126
random,0.229083,0.281,0.111,0.227,0.265,0.074,0.041
random,0.229005,0.504,0.365,0.004,0.038,0.005,0.084
random,0.228851,0.088,0.058,0.153,0.628,0.074,0.0
random,0.228841,0.231,0.159,0.064,0.27,0.089,0.188
random,0.228818,0.212,0.147,0.138,0.284,0.097,0.123
random,0.228807,0.28,0.358,0.122,0.117,0.038,0.086
random,0.228797,0.202,0.174,0.069,0.238,0.196,0.12
random,0.228766,0.339,0.327,0.047,0.136,0.006,0.145
random,0.228458,0.408,0.242,0.041,0.293,0.006,0.009
random,0.22842,0.282,0.044,0.096,0.24,0.204,0.133
random,0.228337,0.252,0.073,0.191,0.366,0.089,0.029
random,0.228299,0.465,0.007,0.038,0.438,0.011,0.042
random,0.228195,0.447,0.044,0.004,0.39,0.022,0.093
random,0.228172,0.334,0.02,0.152,0.216,0.165,0.113
random,0.228127,0.274,0.103,0.094,0.221,0.189,0.119
random,0.228077,0.586,0.136,0.069,0.085,0.073,0.05
random,0.228067,0.297,0.043,0.218,0.396,0.041,0.006
random,0.228062,0.136,0.365,0.02,0.295,0.059,0.125
random,0.228049,0.306,0.184,0.177,0.16,0.126,0.048
random,0.228011,0.679,0.104,0.017,0.152,0.019,0.029
random,0.227925,0.515,0.355,0.005,0.004,0.034,0.087
random,0.227918,0.445,0.193,0.155,0.19,0.008,0.009
random,0.227843,0.264,0.267,0.019,0.148,0.127,0.175
random,0.227835,0.258,0.057,0.178,0.369,0.101,0.036
random,0.22776,0.463,0.22,0.077,0.093,0.017,0.13
random,0.227702,0.403,0.002,0.139,0.351,0.028,0.077
random,0.227699,0.244,0.423,0.006,0.113,0.001,0.213
random,0.227683,0.077,0.144,0.104,0.513,0.115,0.046
random,0.227671,0.693,0.028,0.057,0.158,0.049,0.016
random,0.227592,0.44,0.146,0.048,0.302,0.055,0.009
random,0.227571,0.158,0.232,0.057,0.324,0.061,0.168
random,0.227442,0.356,0.087,0.161,0.276,0.102,0.018
random,0.227426,0.461,0.19,0.032,0.086,0.095,0.136
random,0.227425,0.427,0.059,0.078,0.279,0.05,0.106
random,0.227403,0.4,0.313,0.008,0.117,0.09,0.072
random,0.227399,0.123,0.467,0.072,0.179,0.034,0.126
random,0.22737,0.694,0.101,0.038,0.011,0.153,0.004
random,0.227363,0.442,0.016,0.127,0.317,0.08,0.018
random,0.227319,0.431,0.019,0.025,0.24,0.092,0.193
random,0.227221,0.187,0.112,0.003,0.346,0.106,0.247
random,0.22722,0.23,0.03,0.058,0.55,0.119,0.014
random,0.227205,0.209,0.432,0.109,0.143,0.025,0.082
random,0.227202,0.145,0.425,0.253,0.126,0.007,0.045
random,0.227077,0.473,0.047,0.086,0.239,0.077,0.078
random,0.227029,0.15,0.377,0.143,0.165,0.161,0.005
random,0.226996,0.266,0.358,0.157,0.139,0.006,0.075
random,0.226983,0.71,0.119,0.034,0.037,0.075,0.024
random,0.226982,0.229,0.027,0.209,0.414,0.102,0.019
random,0.226977,0.207,0.171,0.073,0.183,0.163,0.203
random,0.226977,0.334,0.047,0.198,0.323,0.097,0.001
random,0.22693,0.133,0.543,0.113,0.009,0.134,0.068
random,0.226913,0.234,0.071,0.159,0.346,0.107,0.082
random,0.226882,0.202,0.139,0.263,0.341,0.052,0.003
random,0.226836,0.323,0.141,0.081,0.246,0.023,0.186
random,0.226794,0.312,0.074,0.078,0.205,0.215,0.115
random,0.226759,0.353,0.056,0.16,0.195,0.159,0.077
random,0.226689,0.221,0.195,0.229,0.324,0.0,0.03
content_heavy,0.226689,0.5,0.15,0.1,0.1,0.05,0.1
random,0.226625,0.584,0.112,0.03,0.069,0.1,0.106
random,0.226598,0.205,0.345,0.096,0.206,0.006,0.142
random,0.226598,0.134,0.007,0.119,0.6,0.013,0.128
random,0.226474,0.501,0.111,0.063,0.127,0.086,0.112
random,0.22647,0.568,0.0,0.059,0.157,0.034,0.181
random,0.226437,0.205,0.141,0.189,0.286,0.13,0.049
random,0.226379,0.779,0.001,0.019,0.102,0.087,0.011
random,0.226372,0.239,0.333,0.062,0.174,0.017,0.174
random,0.226322,0.285,0.047,0.073,0.304,0.171,0.12
random,0.226319,0.62,0.122,0.086,0.068,0.064,0.041
random,0.226296,0.61,0.224,0.001,0.107,0.035,0.023
random,0.226287,0.049,0.081,0.126,0.692,0.04,0.012
random,0.226282,0.344,0.053,0.07,0.322,0.134,0.077
random,0.226261,0.234,0.431,0.131,0.089,0.021,0.094
random,0.226252,0.444,0.329,0.146,0.02,0.037,0.024
random,0.226236,0.481,0.278,0.052,0.045,0.116,0.028
random,0.22623,0.291,0.096,0.016,0.416,0.143,0.037
random,0.226206,0.309,0.083,0.239,0.304,0.054,0.012
random,0.226204,0.296,0.168,0.021,0.271,0.13,0.113
random,0.226162,0.507,0.022,0.078,0.333,0.001,0.06
random,0.226155,0.248,0.294,0.046,0.172,0.073,0.167
random,0.226145,0.143,0.176,0.158,0.411,0.03,0.083
random,0.226137,0.545,0.026,0.138,0.196,0.088,0.007
random,0.226135,0.657,0.049,0.003,0.102,0.096,0.094
random,0.226074,0.263,0.002,0.026,0.271,0.194,0.245
random,0.226073,0.153,0.634,0.004,0.054,0.045,0.11
random,0.226058,0.697,0.066,0.083,0.087,0.062,0.006
random,0.226035,0.346,0.002,0.168,0.266,0.061,0.157
random,0.225977,0.211,0.353,0.118,0.017,0.2,0.101
random,0.225969,0.408,0.354,0.03,0.063,0.136,0.009
random,0.225962,0.478,0.219,0.005,0.175,0.115,0.009
random,0.225921,0.369,0.259,0.047,0.215,0.064,0.046
random,0.225907,0.357,0.318,0.206,0.077,0.0,0.041
random,0.225757,0.302,0.22,0.023,0.232,0.151,0.073
random,0.225732,0.372,0.22,0.062,0.21,0.002,0.134
random,0.225709,0.417,0.24,0.009,0.273,0.016,0.045
random,0.225685,0.426,0.19,0.117,0.165,0.022,0.079
random,0.225661,0.724,0.039,0.071,0.082,0.08,0.005
random,0.22564,0.41,0.006,0.005,0.491,0.084,0.004
random,0.22562,0.277,0.039,0.017,0.441,0.022,0.204
random,0.225585,0.593,0.084,0.059,0.112,0.023,0.128
random,0.225564,0.511,0.003,0.002,0.369,0.003,0.112
random,0.225548,0.611,0.119,0.044,0.148,0.065,0.014
random,0.225486,0.037,0.027,0.108,0.781,0.037,0.01
random,0.225484,0.184,0.065,0.009,0.613,0.113,0.016
random,0.225477,0.248,0.375,0.016,0.086,0.035,0.239
random,0.225462,0.254,0.294,0.061,0.176,0.047,0.167
random,0.225449,0.194,0.304,0.076,0.228,0.041,0.157
random,0.225449,0.257,0.075,0.022,0.476,0.137,0.034
random,0.225428,0.252,0.015,0.066,0.366,0.113,0.188
random,0.225416,0.063,0.121,0.001,0.79,0.003,0.021
random,0.225372,0.181,0.291,0.105,0.242,0.028,0.152
random,0.225336,0.238,0.048,0.074,0.464,0.002,0.175
random,0.225328,0.157,0.068,0.008,0.628,0.125,0.015
random,0.225319,0.366,0.061,0.113,0.278,0.077,0.105
random,0.225309,0.456,0.016,0.049,0.185,0.136,0.158
random,0.225284,0.323,0.331,0.197,0.014,0.135,0.001
random,0.225263,0.16,0.478,0.214,0.118,0.029,0.001
random,0.22526,0.336,0.19,0.069,0.108,0.135,0.162
random,0.225255,0.311,0.163,0.208,0.157,0.125,0.036
random,0.225228,0.357,0.321,0.035,0.045,0.191,0.05
random,0.225199,0.13,0.068,0.079,0.476,0.11,0.137
random,0.225168,0.314,0.389,0.247,0.015,0.001,0.034
random,0.22513,0.684,0.005,0.057,0.181,0.067,0.005
random,0.225124,0.208,0.371,0.114,0.066,0.188,0.053
random,0.225115,0.484,0.206,0.013,0.027,0.101,0.167
random,0.225057,0.262,0.381,0.028,0.031,0.203,0.094
random,0.225045,0.64,0.009,0.002,0.277,0.071,0.002
random,0.225008,0.778,0.115,0.021,0.051,0.0,0.035
random,0.224975,0.546,0.275,0.046,0.015,0.025,0.094
random,0.224962,0.281,0.001,0.093,0.304,0.197,0.123
random,0.224946,0.344,0.094,0.008,0.327,0.041,0.186
random,0.224906,0.227,0.109,0.085,0.278,0.124,0.177
random,0.224883,0.089,0.12,0.159,0.558,0.046,0.028
random,0.224826,0.391,0.354,0.071,0.013,0.002,0.17
random,0.224812,0.347,0.387,0.19,0.003,0.004,0.069
random,0.224761,0.43,0.079,0.212,0.232,0.001,0.046
random,0.224756,0.177,0.533,0.09,0.044,0.028,0.127
random,0.224752,0.441,0.061,0.37,0.07,0.001,0.057
random,0.224749,0.378,0.334,0.141,0.025,0.05,0.072
random,0.224727,0.275,0.028,0.015,0.326,0.146,0.211
random,0.224602,0.111,0.136,0.158,0.455,0.073,0.067
random,0.224532,0.175,0.375,0.248,0.191,0.007,0.004
random,0.224524,0.296,0.099,0.045,0.275,0.082,0.203
random,0.224516,0.553,0.191,0.066,0.181,0.003,0.007
random,0.224488,0.292,0.101,0.002,0.474,0.118,0.013
random,0.224484,0.292,0.033,0.234,0.324,0.021,0.096
random,0.224444,0.434,0.089,0.161,0.173,0.089,0.054
random,0.224374,0.267,0.019,0.036,0.367,0.089,0.222
random,0.22434,0.501,0.268,0.005,0.027,0.189,0.009
random,0.224319,0.4,0.009,0.008,0.306,0.037,0.241
random,0.224301,0.346,0.252,0.054,0.215,0.117,0.016
random,0.22425,0.421,0.21,0.059,0.221,0.002,0.087
random,0.224211,0.246,0.202,0.001,0.254,0.062,0.236
random,0.224197,0.249,0.183,0.13,0.148,0.159,0.132
random,0.224185,0.088,0.109,0.19,0.589,0.001,0.023
random,0.224179,0.144,0.516,0.005,0.119,0.03,0.186
random,0.224097,0.514,0.208,0.077,0.055,0.033,0.113
random,0.224089,0.425,0.111,0.027,0.16,0.064,0.214
random,0.224081,0.287,0.361,0.178,0.008,0.103,0.063
random,0.224045,0.586,0.23,0.003,0.081,0.02,0.08
random,0.224043,0.155,0.403,0.069,0.099,0.185,0.089
random,0.224023,0.042,0.173,0.142,0.633,0.007,0.003
random,0.224019,0.374,0.087,0.02,0.151,0.145,0.223
random,0.223883,0.265,0.096,0.022,0.427,0.153,0.038
random,0.22386,0.471,0.111,0.006,0.342,0.036,0.034
random,0.223856,0.313,0.306,0.02,0.009,0.156,0.196
random,0.223824,0.17,0.071,0.074,0.37,0.135,0.18
random,0.223783,0.221,0.162,0.02,0.304,0.197,0.096
random,0.223741,0.418,0.194,0.191,0.132,0.027,0.038
random,0.223678,0.307,0.199,0.024,0.299,0.123,0.048
random,0.223655,0.293,0.197,0.068,0.243,0.155,0.044
random,0.223643,0.248,0.159,0.261,0.189,0.117,0.026
random,0.223588,0.422,0.282,0.01,0.197,0.072,0.016
random,0.223562,0.37,0.105,0.015,0.241,0.122,0.146
random,0.223485,0.361,0.106,0.098,0.288,0.038,0.109
random,0.223456,0.153,0.161,0.114,0.308,0.123,0.14
random,0.223432,0.302,0.057,0.031,0.476,0.128,0.007
random,0.223431,0.356,0.391,0.169,0.006,0.02,0.059
random,0.223423,0.684,0.008,0.003,0.186,0.019,0.1
random,0.223408,0.209,0.071,0.123,0.401,0.048,0.148
random,0.223406,0.721,0.009,0.051,0.133,0.008,0.077
random,0.223381,0.539,0.217,0.08,0.049,0.016,0.099
random,0.223339,0.226,0.083,0.059,0.395,0.178,0.059
random,0.223259,0.341,0.105,0.12,0.137,0.224,0.073
random,0.223238,0.182,0.703,0.101,0.004,0.008,0.002
random,0.223201,0.309,0.412,0.202,0.019,0.034,0.024
random,0.223194,0.518,0.025,0.05,0.314,0.011,0.082
random,0.223174,0.488,0.176,0.154,0.097,0.011,0.075
random,0.223082,0.426,0.098,0.155,0.209,0.003,0.108
random,0.223078,0.391,0.077,0.209,0.283,0.009,0.031
random,0.223009,0.517,0.224,0.066,0.027,0.142,0.024
random,0.223002,0.613,0.069,0.004,0.165,0.131,0.018
random,0.222963,0.25,0.288,0.05,0.213,0.192,0.007
random,0.222878,0.068,0.011,0.011,0.715,0.059,0.137
random,0.222825,0.585,0.119,0.201,0.082,0.001,0.012
random,0.222755,0.468,0.008,0.047,0.358,0.108,0.01
random,0.222747,0.644,0.076,0.006,0.121,0.059,0.094
random,0.222702,0.299,0.189,0.001,0.35,0.16,0.0
random,0.222672,0.23,0.384,0.203,0.042,0.115,0.026
random,0.222642,0.319,0.014,0.001,0.5,0.143,0.023
random,0.222632,0.478,0.012,0.159,0.202,0.109,0.041
random,0.222627,0.229,0.075,0.192,0.279,0.186,0.039
random,0.222607,0.371,0.074,0.063,0.146,0.185,0.16
random,0.222606,0.43,0.215,0.104,0.191,0.045,0.014
random,0.222553,0.19,0.316,0.202,0.222,0.0,0.069
random,0.22255,0.443,0.18,0.003,0.216,0.15,0.009
random,0.222541,0.275,0.001,0.13,0.285,0.205,0.103
random,0.22251,0.189,0.499,0.014,0.047,0.185,0.067
random,0.22246,0.555,0.092,0.013,0.244,0.004,0.093
random,0.222457,0.359,0.182,0.287,0.058,0.044,0.07
random,0.222453,0.435,0.014,0.058,0.334,0.001,0.159
random,0.222435,0.28,0.035,0.0,0.327,0.109,0.248
random,0.222418,0.321,0.0,0.025,0.48,0.156,0.019
random,0.222395,0.231,0.138,0.037,0.309,0.057,0.228
random,0.222389,0.539,0.122,0.096,0.086,0.014,0.142
random,0.222338,0.514,0.101,0.034,0.291,0.036,0.024
random,0.222267,0.601,0.088,0.117,0.104,0.004,0.086
random,0.222249,0.558,0.01,0.028,0.277,0.08,0.047
random,0.222242,0.305,0.228,0.075,0.085,0.196,0.111
random,0.222237,0.599,0.037,0.134,0.098,0.034,0.099
random,0.222215,0.332,0.235,0.067,0.09,0.106,0.17
random,0.2222,0.541,0.087,0.002,0.214,0.142,0.015
random,0.222191,0.609,0.201,0.023,0.004,0.126,0.037
random,0.222168,0.353,0.147,0.286,0.008,0.033,0.175
random,0.222159,0.525,0.007,0.002,0.284,0.101,0.082
random,0.222158,0.046,0.004,0.039,0.742,0.065,0.104
random,0.222157,0.352,0.018,0.049,0.299,0.072,0.209
random,0.222137,0.582,0.043,0.03,0.19,0.143,0.013
random,0.222136,0.24,0.391,0.198,0.07,0.029,0.073
random,0.222121,0.434,0.075,0.134,0.034,0.038,0.284
random,0.22204,0.31,0.414,0.099,0.025,0.004,0.148
random,0.222022,0.465,0.029,0.064,0.213,0.202,0.026
random,0.221985,0.604,0.021,0.228,0.125,0.019,0.003
random,0.221976,0.406,0.096,0.286,0.043,0.009,0.16
random,0.221953,0.214,0.406,0.076,0.083,0.015,0.206
random,0.221947,0.256,0.14,0.083,0.249,0.218,0.055
random,0.221945,0.264,0.078,0.066,0.307,0.09,0.195
random,0.221937,0.322,0.008,0.144,0.221,0.197,0.108
random,0.221903,0.529,0.013,0.003,0.208,0.034,0.214
random,0.221898,0.272,0.005,0.166,0.398,0.021,0.138
random,0.221886,0.928,0.03,0.004,0.008,0.005,0.025
random,0.221872,0.481,0.012,0.413,0.068,0.006,0.021
random,0.221787,0.177,0.578,0.017,0.047,0.085,0.095
random,0.221756,0.263,0.028,0.158,0.309,0.222,0.021
random,0.221708,0.257,0.232,0.176,0.205,0.026,0.104
random,0.221678,0.351,0.154,0.06,0.293,0.123,0.019
random,0.221647,0.369,0.062,0.178,0.223,0.029,0.14
random,0.221635,0.374,0.001,0.081,0.292,0.027,0.224
random,0.221631,0.526,0.132,0.007,0.17,0.082,0.084
random,0.221624,0.352,0.022,0.173,0.28,0.058,0.115
random,0.22157,0.185,0.217,0.021,0.282,0.042,0.253
random,0.221562,0.363,0.006,0.061,0.284,0.086,0.199
random,0.221545,0.333,0.131,0.01,0.382,0.108,0.036
random,0.221518,0.742,0.055,0.008,0.001,0.186,0.008
random,0.221518,0.32,0.051,0.108,0.378,0.003,0.14
random,0.221465,0.195,0.276,0.221,0.183,0.08,0.045
random,0.221456,0.382,0.166,0.125,0.13,0.148,0.048
random,0.221406,0.242,0.017,0.03,0.483,0.19,0.038
random,0.221399,0.392,0.047,0.333,0.03,0.001,0.198
random,0.221381,0.132,0.55,0.099,0.119,0.094,0.006
random,0.221328,0.455,0.194,0.096,0.16,0.002,0.094
random,0.221324,0.302,0.341,0.128,0.03,0.048,0.15
random,0.221226,0.514,0.097,0.088,0.242,0.035,0.024
random,0.221211,0.696,0.048,0.073,0.053,0.128,0.002
random,0.221205,0.289,0.014,0.293,0.293,0.096,0.016
random,0.221174,0.207,0.021,0.115,0.453,0.185,0.018
random,0.22116,0.677,0.01,0.034,0.133,0.029,0.117
random,0.221154,0.394,0.175,0.117,0.136,0.171,0.008
random,0.221141,0.169,0.32,0.125,0.172,0.074,0.14
random,0.221125,0.369,0.168,0.091,0.178,0.188,0.005
random,0.22103,0.373,0.21,0.191,0.048,0.051,0.127
random,0.220958,0.42,0.197,0.007,0.28,0.003,0.093
random,0.220956,0.227,0.151,0.061,0.184,0.182,0.196
random,0.220873,0.214,0.287,0.013,0.211,0.004,0.272
random,0.220865,0.532,0.046,0.067,0.283,0.001,0.072
random,0.220856,0.651,0.042,0.072,0.063,0.131,0.04
random,0.220852,0.395,0.181,0.005,0.194,0.037,0.189
random,0.220842,0.147,0.196,0.152,0.24,0.14,0.125
random,0.220834,0.115,0.525,0.084,0.163,0.035,0.078
random,0.220806,0.292,0.06,0.043,0.415,0.17,0.02
random,0.220798,0.406,0.066,0.163,0.008,0.023,0.335
random,0.220744,0.768,0.042,0.021,0.045,0.112,0.011
random,0.220729,0.595,0.134,0.072,0.006,0.138,0.056
random,0.220687,0.512,0.173,0.074,0.146,0.004,0.091
random,0.220672,0.654,0.08,0.044,0.056,0.129,0.038
random,0.220652,0.188,0.378,0.007,0.168,0.023,0.236
random,0.220577,0.313,0.189,0.035,0.217,0.007,0.238
random,0.220571,0.562,0.164,0.071,0.009,0.175,0.019
random,0.220568,0.655,0.01,0.027,0.154,0.019,0.135
random,0.220559,0.277,0.253,0.067,0.086,0.208,0.11
random,0.220558,0.376,0.259,0.049,0.034,0.069,0.212
random,0.220553,0.351,0.0,0.249,0.044,0.072,0.285
random,0.220533,0.172,0.359,0.1,0.117,0.01,0.241
random,0.220529,0.324,0.274,0.037,0.1,0.17,0.096
random,0.220523,0.159,0.625,0.08,0.053,0.045,0.039
random,0.220517,0.522,0.014,0.054,0.194,0.076,0.141
random,0.220514,0.368,0.1,0.289,0.047,0.034,0.162
random,0.220513,0.135,0.151,0.008,0.445,0.159,0.102
random,0.220498,0.309,0.08,0.402,0.103,0.105,0.0
random,0.22047,0.704,0.013,0.001,0.077,0.059,0.146
random,0.220438,0.328,0.316,0.23,0.097,0.002,0.027
random,0.220401,0.479,0.185,0.313,0.006,0.0,0.016
random,0.220385,0.065,0.023,0.0,0.681,0.01,0.221
random,0.220348,0.048,0.053,0.065,0.682,0.029,0.123
random,0.220317,0.599,0.001,0.115,0.228,0.018,0.039
random,0.220301,0.255,0.219,0.467,0.04,0.01,0.01
random,0.220299,0.231,0.363,0.07,0.001,0.024,0.311
random,0.220291,0.353,0.137,0.022,0.219,0.01,0.26
random,0.220282,0.411,0.1,0.339,0.148,0.001,0.001
random,0.220265,0.315,0.174,0.162,0.04,0.05,0.259
random,0.22025,0.43,0.309,0.085,0.0,0.04,0.137
random,0.220225,0.664,0.253,0.025,0.0,0.0,0.058
random,0.220216,0.6,0.22,0.001,0.017,0.097,0.065
random,0.220209,0.493,0.071,0.16,0.04,0.06,0.176
random,0.220182,0.485,0.061,0.014,0.146,0.08,0.215
random,0.220168,0.318,0.017,0.027,0.352,0.041,0.246
random,0.220118,0.081,0.047,0.115,0.593,0.062,0.102
random,0.220102,0.267,0.046,0.072,0.362,0.024,0.228
random,0.220077,0.356,0.101,0.195,0.134,0.158,0.055
random,0.220067,0.609,0.101,0.018,0.124,0.147,0.0
random,0.220051,0.127,0.194,0.01,0.327,0.18,0.162
random,0.220032,0.468,0.048,0.122,0.17,0.183,0.008
random,0.220028,0.106,0.249,0.223,0.366,0.05,0.007
random,0.220013,0.296,0.28,0.003,0.037,0.183,0.2
random,0.22001,0.366,0.003,0.21,0.068,0.033,0.321
random,0.219994,0.575,0.004,0.011,0.144,0.038,0.228
random,0.219951,0.216,0.28,0.097,0.194,0.001,0.213
random,0.219942,0.479,0.208,0.016,0.099,0.0,0.198
random,0.219938,0.559,0.043,0.006,0.179,0.011,0.202
random,0.219934,0.609,0.198,0.138,0.018,0.019,0.018
random,0.21993,0.493,0.023,0.243,0.159,0.003,0.078
random,0.219912,0.421,0.047,0.194,0.159,0.141,0.039
random,0.219908,0.436,0.193,0.0,0.171,0.05,0.15
random,0.219883,0.204,0.318,0.393,0.022,0.049,0.014
random,0.219855,0.467,0.08,0.177,0.151,0.073,0.053
random,0.219817,0.426,0.249,0.028,0.147,0.06,0.09
random,0.219812,0.288,0.01,0.172,0.295,0.038,0.197
random,0.2198,0.344,0.327,0.111,0.024,0.001,0.193
random,0.219776,0.257,0.003,0.226,0.273,0.238,0.004
random,0.21972,0.084,0.33,0.19,0.385,0.01,0.001
random,0.219688,0.192,0.031,0.038,0.465,0.015,0.259
random,0.219686,0.397,0.121,0.182,0.017,0.051,0.231
random,0.219631,0.407,0.208,0.141,0.047,0.189,0.007
random,0.219613,0.556,0.045,0.031,0.212,0.057,0.098
random,0.219607,0.297,0.048,0.113,0.285,0.004,0.253
random,0.219607,0.379,0.139,0.219,0.001,0.014,0.248
random,0.219585,0.23,0.375,0.008,0.038,0.201,0.147
random,0.219584,0.275,0.016,0.006,0.274,0.233,0.196
random,0.219571,0.513,0.207,0.197,0.023,0.011,0.049
random,0.219522,0.179,0.375,0.0,0.117,0.112,0.217
random,0.21951,0.274,0.013,0.101,0.266,0.169,0.177
random,0.219497,0.711,0.037,0.097,0.03,0.116,0.009
random,0.219486,0.466,0.167,0.037,0.12,0.075,0.135
random,0.219485,0.509,0.21,0.0,0.214,0.018,0.048
random,0.219474,0.239,0.319,0.18,0.033,0.011,0.218
random,0.219436,0.434,0.199,0.076,0.026,0.17,0.095
random,0.219422,0.531,0.187,0.018,0.026,0.213,0.025
random,0.219385,0.613,0.233,0.008,0.018,0.009,0.12
random,0.219381,0.266,0.353,0.106,0.021,0.128,0.126
random,0.219329,0.209,0.072,0.116,0.274,0.169,0.159
random,0.219321,0.279,0.187,0.322,0.044,0.03,0.139
random,0.219308,0.456,0.028,0.018,0.135,0.115,0.247
random,0.219304,0.513,0.103,0.253,0.114,0.017,0.0
random,0.219271,0.283,0.056,0.178,0.306,0.005,0.172
random,0.219212,0.219,0.4,0.147,0.003,0.031,0.2
random,0.219206,0.419,0.234,0.195,0.03,0.007,0.116
random,0.2192,0.501,0.177,0.034,0.2,0.073,0.015
random,0.219185,0.614,0.086,0.227,0.038,0.0,0.035
random,0.219172,0.248,0.006,0.28,0.327,0.136,0.003
random,0.219124,0.816,0.004,0.017,0.047,0.086,0.029
random,0.219104,0.209,0.001,0.122,0.359,0.128,0.181
random,0.219098,0.563,0.006,0.016,0.126,0.174,0.115
random,0.219084,0.503,0.093,0.069,0.088,0.033,0.214
random,0.219058,0.411,0.055,0.221,0.027,0.096,0.19
random,0.219006,0.469,0.202,0.012,0.055,0.038,0.224
random,0.218933,0.358,0.094,0.232,0.007,0.041,0.267
random,0.218921,0.032,0.049,0.068,0.719,0.057,0.075
random,0.218915,0.658,0.108,0.179,0.016,0.007,0.031
random,0.218905,0.444,0.043,0.186,0.072,0.009,0.246
random,0.218886,0.795,0.011,0.006,0.071,0.005,0.111
random,0.218861,0.123,0.046,0.156,0.458,0.137,0.079
random,0.218855,0.718,0.036,0.016,0.051,0.142,0.037
random,0.218824,0.608,0.008,0.215,0.098,0.021,0.049
random,0.218816,0.081,0.017,0.003,0.66,0.0,0.238
random,0.21879,0.5,0.028,0.185,0.031,0.152,0.103
random,0.218773,0.209,0.007,0.015,0.366,0.206,0.197
random,0.218761,0.618,0.143,0.041,0.075,0.007,0.116
random,0.218761,0.04,0.026,0.002,0.744,0.018,0.17
random,0.218755,0.124,0.028,0.161,0.543,0.072,0.073
random,0.218752,0.382,0.111,0.294,0.179,0.027,0.006
random,0.218741,0.627,0.06,0.01,0.109,0.145,0.048
random,0.218689,0.566,0.129,0.147,0.049,0.097,0.012
random,0.218638,0.53,0.09,0.015,0.123,0.14,0.102
random,0.218627,0.667,0.024,0.259,0.002,0.001,0.047
random,0.218569,0.065,0.084,0.18,0.53,0.13,0.011
random,0.218553,0.179,0.295,0.286,0.219,0.004,0.017
random,0.218551,0.624,0.238,0.003,0.006,0.008,0.121
random,0.218497,0.634,0.118,0.187,0.007,0.001,0.054
content_only_ish,0.21849,0.85,0.05,0.0,0.0,0.05,0.05
random,0.218486,0.705,0.009,0.062,0.002,0.159,0.063
random,0.218463,0.286,0.183,0.123,0.012,0.076,0.321
random,0.218441,0.223,0.011,0.071,0.307,0.171,0.217
random,0.218422,0.131,0.322,0.184,0.137,0.174,0.051
random,0.218411,0.515,0.159,0.007,0.145,0.084,0.09
random,0.21841,0.346,0.07,0.476,0.014,0.02,0.073
random,0.218404,0.486,0.253,0.173,0.016,0.011,0.061
sim+session,0.218379,0.45,0.1,0.1,0.05,0.05,0.25
random,0.218374,0.54,0.03,0.042,0.276,0.014,0.097
random,0.218337,0.412,0.168,0.212,0.002,0.047,0.158
random,0.218307,0.387,0.288,0.165,0.005,0.0,0.154
random,0.218273,0.242,0.407,0.167,0.012,0.01,0.162
random,0.218247,0.599,0.066,0.021,0.042,0.009,0.263
random,0.218224,0.244,0.243,0.304,0.034,0.12,0.056
random,0.218213,0.689,0.013,0.103,0.099,0.0,0.096
random,0.218208,0.266,0.322,0.032,0.073,0.233,0.074
random,0.218189,0.37,0.201,0.041,0.207,0.179,0.001
random,0.218186,0.171,0.089,0.001,0.412,0.04,0.288
random,0.218101,0.459,0.131,0.286,0.001,0.028,0.094
random,0.218065,0.278,0.211,0.384,0.02,0.025,0.081
random,0.21806,0.503,0.071,0.023,0.094,0.123,0.186
random,0.218045,0.155,0.295,0.339,0.161,0.013,0.038
random,0.21803,0.209,0.325,0.254,0.072,0.086,0.053
random,0.218028,0.574,0.085,0.194,0.012,0.108,0.028
random,0.218026,0.312,0.261,0.233,0.054,0.035,0.104
random,0.218019,0.582,0.168,0.061,0.022,0.003,0.164
random,0.218001,0.336,0.243,0.106,0.15,0.006,0.158
random,0.217972,0.679,0.085,0.189,0.02,0.002,0.025
random,0.217934,0.079,0.24,0.061,0.418,0.126,0.076
random,0.217931,0.594,0.049,0.173,0.029,0.0,0.155
random,0.217931,0.655,0.119,0.194,0.021,0.003,0.008
random,0.217915,0.276,0.101,0.266,0.245,0.048,0.063
random,0.217912,0.559,0.003,0.107,0.153,0.018,0.16
random,0.21791,0.162,0.095,0.187,0.407,0.035,0.114
random,0.217908,0.303,0.078,0.042,0.33,0.199,0.048
random,0.217895,0.341,0.056,0.28,0.104,0.033,0.186
random,0.217876,0.236,0.284,0.123,0.045,0.218,0.094
random,0.217875,0.205,0.418,0.151,0.073,0.006,0.147
random,0.217862,0.38,0.152,0.167,0.054,0.024,0.224
random,0.21784,0.389,0.195,0.005,0.207,0.2,0.005
random,0.217836,0.429,0.091,0.279,0.123,0.018,0.059
random,0.217836,0.447,0.078,0.013,0.121,0.058,0.283
random,0.217831,0.493,0.219,0.013,0.074,0.199,0.001
random,0.217829,0.458,0.198,0.173,0.035,0.029,0.108
random,0.217827,0.47,0.027,0.397,0.031,0.071,0.004
random,0.217824,0.427,0.172,0.209,0.045,0.005,0.141
random,0.217793,0.383,0.011,0.054,0.198,0.213,0.139
random,0.217773,0.624,0.038,0.059,0.181,0.009,0.089
random,0.217771,0.383,0.043,0.273,0.253,0.003,0.045
random,0.217764,0.417,0.082,0.224,0.199,0.006,0.071
random,0.21774,0.155,0.554,0.072,0.008,0.136,0.075
random,0.217722,0.597,0.006,0.133,0.107,0.068,0.09
random,0.217625,0.473,0.061,0.041,0.189,0.218,0.017
random,0.217597,0.375,0.022,0.076,0.288,0.199,0.04
random,0.217593,0.308,0.301,0.005,0.077,0.152,0.158
random,0.217579,0.174,0.073,0.056,0.446,0.218,0.034
random,0.21755,0.189,0.309,0.356,0.123,0.022,0.001
random,0.217537,0.138,0.109,0.104,0.447,0.028,0.174
random,0.217505,0.32,0.025,0.025,0.193,0.146,0.291
random,0.217496,0.453,0.059,0.285,0.087,0.007,0.108
random,0.217478,0.563,0.079,0.118,0.002,0.113,0.125
random,0.217469,0.271,0.24,0.016,0.105,0.21,0.159
random,0.217451,0.598,0.067,0.028,0.172,0.017,0.118
random,0.217418,0.074,0.13,0.166,0.464,0.145,0.019
random,0.217404,0.647,0.002,0.013,0.126,0.01,0.202
random,0.21739,0.563,0.211,0.14,0.003,0.011,0.072
random,0.217373,0.557,0.006,0.321,0.042,0.005,0.069
random,0.217367,0.187,0.312,0.162,0.072,0.096,0.172
random,0.217362,0.321,0.033,0.076,0.344,0.193,0.032
random,0.217293,0.459,0.044,0.241,0.181,0.019,0.057
random,0.217293,0.2,0.506,0.002,0.014,0.042,0.236
random,0.217283,0.334,0.251,0.208,0.032,0.17,0.005
random,0.217266,0.333,0.077,0.436,0.016,0.007,0.131
random,0.217253,0.116,0.607,0.191,0.035,0.033,0.019
random,0.21725,0.322,0.212,0.277,0.065,0.048,0.076
random,0.217247,0.07,0.272,0.106,0.429,0.0,0.122
random,0.217197,0.187,0.193,0.054,0.174,0.162,0.229
random,0.217183,0.474,0.004,0.011,0.156,0.12,0.235
random,0.217162,0.269,0.04,0.044,0.409,0.011,0.228
random,0.217154,0.697,0.018,0.056,0.001,0.211,0.016
random,0.217151,0.509,0.034,0.017,0.297,0.001,0.144
random,0.217149,0.355,0.047,0.14,0.003,0.108,0.347
random,0.217131,0.464,0.012,0.391,0.003,0.111,0.02
random,0.217109,0.28,0.276,0.029,0.052,0.219,0.144
random,0.217096,0.428,0.0,0.146,0.043,0.077,0.305
random,0.217095,0.216,0.261,0.048,0.166,0.009,0.3
random,0.217058,0.704,0.04,0.055,0.059,0.084,0.059
random,0.217014,0.649,0.092,0.0,0.107,0.003,0.149
random,0.216978,0.12,0.028,0.135,0.572,0.0,0.145
random,0.216932,0.393,0.208,0.273,0.028,0.077,0.021
random,0.216915,0.364,0.112,0.118,0.011,0.052,0.343
random,0.216892,0.284,0.076,0.022,0.177,0.246,0.196
random,0.216865,0.588,0.012,0.044,0.142,0.084,0.13
random,0.216839,0.317,0.267,0.103,0.025,0.204,0.084
random,0.216826,0.376,0.1,0.128,0.145,0.099,0.153
random,0.216808,0.146,0.513,0.104,0.0,0.088,0.148
random,0.216794,0.301,0.023,0.015,0.355,0.2,0.106
random,0.216778,0.442,0.085,0.046,0.191,0.229,0.008
random,0.216777,0.187,0.025,0.041,0.359,0.171,0.216
random,0.216771,0.237,0.336,0.004,0.123,0.003,0.297
random,0.216737,0.114,0.01,0.271,0.6,0.0,0.005
random,0.216721,0.344,0.006,0.245,0.011,0.09,0.304
random,0.216704,0.301,0.01,0.061,0.208,0.172,0.247
random,0.216695,0.188,0.239,0.137,0.197,0.088,0.152
random,0.216673,0.389,0.31,0.026,0.003,0.01,0.262
random,0.216673,0.556,0.042,0.148,0.011,0.004,0.239
random,0.216649,0.569,0.133,0.223,0.018,0.022,0.034
random,0.216632,0.394,0.075,0.369,0.011,0.069,0.082
random,0.216621,0.387,0.121,0.246,0.004,0.203,0.038
random,0.216618,0.339,0.273,0.065,0.088,0.231,0.005
random,0.216618,0.455,0.047,0.0,0.191,0.002,0.305
random,0.216616,0.433,0.217,0.001,0.084,0.209,0.055
random,0.21656,0.415,0.084,0.246,0.007,0.138,0.111
random,0.216527,0.392,0.005,0.298,0.213,0.003,0.09
random,0.216518,0.388,0.074,0.056,0.168,0.074,0.241
random,0.216489,0.205,0.316,0.269,0.06,0.094,0.057
random,0.21647,0.438,0.045,0.207,0.124,0.134,0.052
random,0.216463,0.173,0.409,0.353,0.002,0.006,0.058
random,0.216463,0.192,0.393,0.194,0.013,0.07,0.139
random,0.216435,0.339,0.186,0.233,0.079,0.062,0.1
random,0.216433,0.086,0.426,0.007,0.368,0.035,0.078
random,0.216421,0.563,0.001,0.066,0.157,0.214,0.0
random,0.216421,0.093,0.376,0.029,0.297,0.06,0.146
random,0.216413,0.184,0.426,0.136,0.013,0.087,0.155
random,0.216411,0.105,0.442,0.014,0.336,0.042,0.06
random,0.216383,0.215,0.234,0.0,0.196,0.038,0.316
random,0.216355,0.125,0.028,0.055,0.492,0.116,0.184
random,0.216355,0.521,0.183,0.033,0.023,0.061,0.179
random,0.216337,0.232,0.037,0.35,0.366,0.006,0.009
random,0.216292,0.104,0.217,0.064,0.344,0.108,0.162
random,0.216224,0.537,0.008,0.236,0.046,0.154,0.018
random,0.216222,0.188,0.305,0.037,0.176,0.01,0.283
random,0.216214,0.387,0.164,0.141,0.006,0.087,0.215
random,0.21619,0.56,0.086,0.032,0.003,0.174,0.143
random,0.216179,0.673,0.073,0.152,0.009,0.086,0.007
random,0.21616,0.085,0.114,0.19,0.49,0.088,0.032
random,0.21615,0.538,0.049,0.167,0.101,0.035,0.11
random,0.216141,0.3,0.295,0.084,0.035,0.287,0.0
random,0.216105,0.317,0.079,0.291,0.014,0.003,0.296
random,0.216098,0.412,0.073,0.146,0.144,0.095,0.129
random,0.216083,0.595,0.095,0.09,0.011,0.034,0.175
random,0.216067,0.23,0.372,0.39,0.004,0.005,0.0
random,0.216015,0.23,0.163,0.172,0.163,0.235,0.038
random,0.216015,0.264,0.329,0.351,0.019,0.019,0.017
random,0.216004,0.264,0.114,0.382,0.023,0.036,0.181
random,0.216003,0.156,0.569,0.011,0.021,0.012,0.231
random,0.21599,0.364,0.116,0.085,0.093,0.141,0.201
random,0.215981,0.404,0.167,0.153,0.126,0.028,0.121
random,0.21598,0.343,0.132,0.086,0.018,0.088,0.333
random,0.215978,0.338,0.202,0.112,0.06,0.169,0.12
random,0.215974,0.476,0.081,0.067,0.014,0.164,0.199
random,0.21596,0.336,0.039,0.41,0.092,0.092,0.03
random,0.215911,0.113,0.406,0.106,0.186,0.133,0.056
random,0.215868,0.683,0.011,0.121,0.026,0.098,0.061
random,0.215848,0.256,0.308,0.081,0.011,0.185,0.158
random,0.215845,0.052,0.096,0.12,0.613,0.117,0.001
random,0.215839,0.18,0.412,0.149,0.01,0.128,0.12
random,0.215831,0.441,0.241,0.037,0.056,0.002,0.223
random,0.215779,0.562,0.094,0.141,0.01,0.029,0.163
random,0.215715,0.309,0.05,0.214,0.062,0.068,0.297
random,0.215703,0.753,0.017,0.007,0.099,0.012,0.112
random,0.215696,0.566,0.125,0.049,0.035,0.21,0.015
random,0.215664,0.224,0.189,0.344,0.08,0.102,0.061
random,0.215662,0.667,0.013,0.057,0.027,0.1,0.137
random,0.21566,0.324,0.065,0.397,0.194,0.019,0.001
random,0.215641,0.331,0.062,0.017,0.183,0.054,0.352
random,0.215583,0.456,0.028,0.146,0.055,0.073,0.242
random,0.215577,0.348,0.085,0.517,0.003,0.01,0.037
random,0.21557,0.185,0.418,0.151,0.009,0.034,0.203
random,0.215561,0.451,0.147,0.019,0.138,0.154,0.091
random,0.21553,0.197,0.129,0.308,0.355,0.004,0.007
random,0.215504,0.16,0.062,0.231,0.325,0.146,0.076
random,0.215502,0.557,0.158,0.151,0.011,0.096,0.028
random,0.215494,0.08,0.003,0.153,0.649,0.002,0.112
random,0.215488,0.311,0.144,0.285,0.024,0.007,0.229
random,0.215488,0.458,0.01,0.07,0.064,0.075,0.324
random,0.215467,0.203,0.323,0.178,0.157,0.003,0.136
random,0.215462,0.412,0.093,0.457,0.003,0.026,0.01
random,0.215456,0.215,0.33,0.196,0.058,0.024,0.177
random,0.215437,0.455,0.108,0.24,0.119,0.065,0.013
random,0.215424,0.447,0.085,0.012,0.094,0.098,0.265
random,0.21541,0.316,0.007,0.422,0.157,0.096,0.001
random,0.215392,0.365,0.071,0.407,0.089,0.055,0.013
random,0.21539,0.272,0.073,0.326,0.012,0.033,0.284
random,0.215363,0.312,0.071,0.178,0.042,0.015,0.382
random,0.21535,0.23,0.02,0.3,0.342,0.087,0.021
random,0.215328,0.212,0.099,0.241,0.34,0.018,0.089
random,0.215324,0.09,0.0,0.238,0.595,0.033,0.043
random,0.215241,0.54,0.027,0.006,0.095,0.192,0.141
random,0.215241,0.409,0.001,0.116,0.012,0.049,0.413
random,0.215235,0.572,0.105,0.302,0.002,0.016,0.004
random,0.215224,0.284,0.021,0.002,0.405,0.023,0.265
random,0.215222,0.351,0.0,0.131,0.01,0.078,0.43
random,0.215203,0.111,0.523,0.013,0.206,0.03,0.117
random,0.215188,0.399,0.249,0.089,0.005,0.178,0.079
random,0.215179,0.152,0.129,0.236,0.276,0.147,0.06
random,0.21516,0.581,0.0,0.363,0.021,0.025,0.009
random,0.215131,0.406,0.064,0.238,0.108,0.007,0.178
random,0.215131,0.52,0.06,0.317,0.096,0.003,0.004
random,0.2151,0.171,0.511,0.113,0.002,0.004,0.201
random,0.215083,0.228,0.403,0.048,0.026,0.004,0.291
random,0.215065,0.532,0.001,0.001,0.278,0.023,0.164
random,0.215058,0.677,0.034,0.142,0.084,0.054,0.008
random,0.215045,0.653,0.005,0.204,0.026,0.008,0.104
random,0.215014,0.26,0.045,0.412,0.1,0.047,0.136
random,0.215005,0.223,0.051,0.118,0.321,0.041,0.246
random,0.214957,0.473,0.022,0.112,0.062,0.09,0.24
random,0.214918,0.299,0.091,0.217,0.022,0.067,0.303
random,0.214911,0.547,0.064,0.067,0.003,0.121,0.198
random,0.214884,0.11,0.536,0.23,0.106,0.016,0.002
random,0.214874,0.592,0.038,0.018,0.009,0.049,0.294
random,0.214871,0.232,0.37,0.309,0.02,0.061,0.009
random,0.214857,0.485,0.13,0.141,0.001,0.106,0.136
random,0.214849,0.141,0.0,0.289,0.441,0.125,0.004
random,0.214812,0.806,0.009,0.093,0.047,0.036,0.011
random,0.214809,0.326,0.082,0.002,0.273,0.214,0.103
random,0.214798,0.171,0.019,0.291,0.319,0.12,0.08
random,0.214792,0.229,0.054,0.053,0.379,0.246,0.038
random,0.214787,0.391,0.232,0.203,0.008,0.088,0.079
random,0.214781,0.347,0.01,0.172,0.001,0.155,0.316
random,0.214727,0.292,0.207,0.176,0.011,0.115,0.199
random,0.214718,0.602,0.044,0.186,0.018,0.025,0.125
random,0.214701,0.354,0.023,0.102,0.032,0.058,0.432
random,0.214669,0.024,0.117,0.173,0.672,0.001,0.014
random,0.214648,0.443,0.118,0.195,0.069,0.004,0.171
random,0.214635,0.348,0.006,0.007,0.214,0.252,0.172
random,0.214616,0.303,0.298,0.207,0.019,0.076,0.097
random,0.214607,0.616,0.004,0.036,0.086,0.01,0.248
random,0.214533,0.382,0.15,0.063,0.002,0.053,0.349
random,0.214491,0.38,0.1,0.189,0.072,0.055,0.203
random,0.214488,0.46,0.183,0.049,0.028,0.116,0.163
random,0.214484,0.029,0.073,0.144,0.688,0.026,0.04
random,0.214462,0.442,0.044,0.146,0.006,0.015,0.347
random,0.21445,0.598,0.19,0.103,0.037,0.005,0.068
random,0.214432,0.45,0.14,0.097,0.088,0.007,0.218
random,0.214417,0.342,0.25,0.17,0.04,0.001,0.197
random,0.214405,0.646,0.025,0.168,0.043,0.085,0.034
random,0.21439,0.201,0.122,0.002,0.252,0.238,0.185
random,0.214381,0.185,0.268,0.222,0.041,0.197,0.088
random,0.214368,0.205,0.224,0.13,0.191,0.072,0.178
random,0.214322,0.139,0.102,0.123,0.419,0.197,0.02
random,0.214311,0.354,0.049,0.172,0.161,0.103,0.16
random,0.214292,0.378,0.076,0.085,0.261,0.0,0.201
random,0.214289,0.271,0.034,0.428,0.184,0.0,0.083
random,0.214251,0.19,0.022,0.038,0.43,0.047,0.273
random,0.214225,0.371,0.033,0.443,0.103,0.026,0.024
random,0.214206,0.657,0.037,0.047,0.041,0.209,0.009
random,0.214189,0.548,0.032,0.041,0.161,0.218,0.001
random,0.214184,0.166,0.0,0.369,0.43,0.025,0.01
random,0.214169,0.09,0.06,0.0,0.742,0.103,0.004
random,0.214153,0.289,0.175,0.236,0.016,0.04,0.245
random,0.214123,0.371,0.232,0.004,0.128,0.155,0.111
random,0.214115,0.149,0.307,0.004,0.137,0.148,0.254
random,0.214098,0.272,0.087,0.489,0.143,0.006,0.003
random,0.214093,0.599,0.168,0.078,0.055,0.003,0.097
random,0.214086,0.31,0.126,0.173,0.078,0.045,0.268
random,0.214075,0.384,0.088,0.104,0.133,0.232,0.059
random,0.214074,0.167,0.613,0.001,0.16,0.008,0.051
random,0.214034,0.289,0.112,0.459,0.095,0.003,0.042
random,0.214022,0.464,0.039,0.261,0.013,0.205,0.017
random,0.214002,0.202,0.286,0.115,0.017,0.195,0.185
random,0.213986,0.383,0.176,0.049,0.081,0.15,0.161
random,0.213966,0.298,0.355,0.002,0.005,0.213,0.127
random,0.213957,0.271,0.237,0.083,0.136,0.018,0.254
random,0.213951,0.233,0.0,0.222,0.246,0.244,0.056
random,0.213947,0.391,0.083,0.499,0.007,0.016,0.004
random,0.213942,0.795,0.085,0.006,0.018,0.003,0.093
random,0.213917,0.247,0.123,0.45,0.053,0.008,0.119
random,0.213841,0.229,0.09,0.149,0.209,0.151,0.171
random,0.213826,0.171,0.381,0.02,0.104,0.057,0.266
random,0.21382,0.245,0.345,0.036,0.007,0.098,0.27
random,0.21381,0.263,0.203,0.042,0.156,0.012,0.324
random,0.213797,0.216,0.214,0.159,0.103,0.081,0.228
random,0.213774,0.177,0.352,0.366,0.028,0.028,0.048
random,0.213765,0.509,0.051,0.273,0.023,0.044,0.099
random,0.213759,0.045,0.186,0.153,0.504,0.054,0.059
random,0.213739,0.129,0.512,0.036,0.006,0.176,0.141
random,0.213732,0.119,0.46,0.213,0.141,0.0,0.067
random,0.213684,0.286,0.006,0.365,0.2,0.139,0.003
random,0.213681,0.328,0.052,0.36,0.152,0.005,0.102
random,0.213671,0.565,0.004,0.054,0.06,0.007,0.311
random,0.21367,0.436,0.072,0.221,0.021,0.104,0.147
random,0.213668,0.144,0.202,0.102,0.224,0.164,0.165
random,0.213625,0.346,0.069,0.235,0.034,0.151,0.164
random,0.213609,0.455,0.0,0.114,0.074,0.121,0.236
random,0.213582,0.711,0.049,0.089,0.077,0.014,0.059
random,0.213582,0.361,0.033,0.099,0.035,0.138,0.333
random,0.213574,0.244,0.165,0.085,0.197,0.007,0.302
random,0.213545,0.211,0.225,0.023,0.088,0.195,0.258
random,0.213538,0.838,0.053,0.003,0.013,0.01,0.083
random,0.213518,0.057,0.321,0.174,0.385,0.03,0.033
random,0.213514,0.621,0.02,0.037,0.078,0.078,0.166
random,0.213504,0.187,0.159,0.144,0.239,0.223,0.048
random,0.213504,0.123,0.239,0.288,0.183,0.124,0.042
random,0.213495,0.32,0.157,0.273,0.103,0.098,0.048
random,0.213495,0.149,0.198,0.15,0.185,0.108,0.21
random,0.21347,0.227,0.076,0.456,0.099,0.026,0.115
random,0.213454,0.345,0.158,0.245,0.048,0.081,0.122
random,0.213444,0.721,0.005,0.028,0.023,0.094,0.13
random,0.21344,0.201,0.262,0.006,0.124,0.205,0.201
random,0.21341,0.539,0.081,0.052,0.032,0.008,0.288
random,0.213399,0.273,0.263,0.286,0.078,0.011,0.089
random,0.213391,0.592,0.048,0.222,0.059,0.013,0.065
random,0.213352,0.725,0.135,0.098,0.001,0.037,0.004
random,0.213305,0.3,0.068,0.112,0.195,0.09,0.234
random,0.213298,0.616,0.109,0.026,0.043,0.017,0.19
random,0.213285,0.729,0.02,0.114,0.039,0.079,0.019
random,0.213276,0.187,0.092,0.476,0.152,0.086,0.008
random,0.213274,0.367,0.056,0.068,0.108,0.191,0.21
random,0.213237,0.459,0.118,0.046,0.087,0.039,0.252
random,0.213221,0.325,0.071,0.302,0.111,0.155,0.036
random,0.213209,0.151,0.219,0.293,0.199,0.106,0.031
random,0.2132,0.298,0.187,0.205,0.121,0.065,0.125
random,0.213176,0.157,0.6,0.086,0.054,0.092,0.011
random,0.213171,0.387,0.014,0.081,0.002,0.142,0.373
random,0.213158,0.587,0.21,0.053,0.016,0.002,0.132
random,0.213147,0.577,0.026,0.081,0.007,0.191,0.119
random,0.213143,0.389,0.025,0.288,0.131,0.038,0.129
random,0.213143,0.543,0.186,0.057,0.003,0.06,0.152
random,0.213054,0.452,0.006,0.326,0.117,0.011,0.089
random,0.213031,0.267,0.271,0.103,0.043,0.103,0.212
random,0.213026,0.427,0.098,0.134,0.084,0.002,0.255
random,0.213008,0.473,0.024,0.343,0.021,0.11,0.028
random,0.213,0.099,0.024,0.253,0.546,0.033,0.044
random,0.212972,0.31,0.21,0.245,0.019,0.192,0.024
random,0.212908,0.629,0.039,0.085,0.044,0.06,0.142
random,0.212908,0.244,0.17,0.149,0.148,0.115,0.174
random,0.212893,0.296,0.004,0.407,0.181,0.084,0.028
random,0.212893,0.757,0.077,0.103,0.032,0.012,0.019
random,0.212886,0.251,0.167,0.406,0.095,0.068,0.013
random,0.212846,0.301,0.154,0.012,0.227,0.233,0.072
random,0.212845,0.221,0.255,0.398,0.062,0.031,0.033
random,0.21283,0.138,0.001,0.235,0.483,0.124,0.019
random,0.212796,0.334,0.335,0.028,0.013,0.221,0.068
random,0.212771,0.202,0.17,0.195,0.211,0.102,0.119
random,0.212769,0.396,0.075,0.076,0.07,0.057,0.325
random,0.212763,0.468,0.035,0.043,0.014,0.132,0.308
random,0.212752,0.744,0.038,0.056,0.006,0.147,0.009
random,0.212739,0.449,0.123,0.185,0.007,0.088,0.148
random,0.212738,0.424,0.161,0.122,0.007,0.067,0.218
random,0.212705,0.342,0.259,0.0,0.071,0.252,0.076
random,0.212668,0.2,0.214,0.099,0.102,0.209,0.176
random,0.212667,0.46,0.017,0.318,0.14,0.016,0.05
random,0.212666,0.309,0.115,0.128,0.022,0.034,0.392
random,0.212655,0.496,0.068,0.131,0.016,0.0,0.29
random,0.212627,0.323,0.013,0.291,0.167,0.05,0.155
random,0.212621,0.122,0.142,0.185,0.437,0.02,0.095
random,0.21258,0.294,0.012,0.276,0.026,0.044,0.347
random,0.212527,0.097,0.335,0.052,0.465,0.042,0.009
random,0.212526,0.105,0.469,0.068,0.145,0.129,0.085
random,0.212501,0.318,0.173,0.259,0.033,0.156,0.061
random,0.212486,0.389,0.042,0.247,0.0,0.175,0.148
random,0.212466,0.179,0.171,0.101,0.281,0.025,0.244
random,0.212458,0.236,0.047,0.458,0.137,0.098,0.025
random,0.212435,0.327,0.036,0.17,0.129,0.052,0.287
random,0.212432,0.421,0.015,0.349,0.103,0.047,0.065
random,0.212409,0.311,0.037,0.008,0.254,0.0,0.39
random,0.212347,0.068,0.469,0.066,0.352,0.018,0.027
random,0.212343,0.423,0.007,0.119,0.166,0.095,0.19
random,0.212328,0.26,0.084,0.599,0.001,0.05,0.007
random,0.212324,0.484,0.049,0.263,0.022,0.167,0.016
random,0.212323,0.364,0.038,0.053,0.282,0.245,0.018
random,0.212319,0.118,0.207,0.082,0.373,0.018,0.203
random,0.212307,0.553,0.007,0.188,0.121,0.113,0.017
random,0.212253,0.645,0.025,0.048,0.01,0.109,0.164
random,0.212241,0.121,0.047,0.33,0.447,0.052,0.002
random,0.21224,0.26,0.206,0.367,0.058,0.045,0.063
random,0.212204,0.525,0.029,0.121,0.003,0.107,0.215
random,0.212146,0.215,0.091,0.396,0.234,0.031,0.033
random,0.212134,0.439,0.047,0.049,0.046,0.008,0.412
random,0.212092,0.413,0.013,0.318,0.077,0.105,0.073
random,0.212057,0.799,0.014,0.087,0.043,0.006,0.051
random,0.212048,0.435,0.117,0.014,0.112,0.24,0.082
random,0.212046,0.672,0.037,0.016,0.078,0.181,0.015
random,0.212036,0.189,0.439,0.2,0.001,0.021,0.15
random,0.212035,0.387,0.228,0.105,0.032,0.08,0.168
random,0.212032,0.317,0.089,0.404,0.121,0.003,0.065
random,0.212028,0.318,0.087,0.002,0.299,0.236,0.058
random,0.212024,0.108,0.495,0.152,0.059,0.04,0.146
random,0.212023,0.499,0.155,0.06,0.012,0.024,0.25
random,0.211971,0.107,0.061,0.313,0.378,0.086,0.055
random,0.211944,0.616,0.027,0.039,0.075,0.178,0.065
random,0.211906,0.329,0.001,0.217,0.186,0.113,0.154
random,0.211889,0.378,0.02,0.011,0.015,0.064,0.511
random,0.211883,0.447,0.108,0.063,0.004,0.048,0.331
random,0.211825,0.121,0.434,0.046,0.096,0.059,0.244
random,0.211815,0.363,0.016,0.155,0.07,0.123,0.274
random,0.211802,0.283,0.021,0.406,0.176,0.09,0.024
random,0.211799,0.091,0.268,0.234,0.375,0.012,0.021
random,0.211786,0.376,0.077,0.046,0.0,0.254,0.247
random,0.211781,0.106,0.45,0.052,0.31,0.061,0.02
random,0.211737,0.28,0.049,0.0,0.398,0.27,0.002
random,0.2117,0.361,0.128,0.048,0.06,0.12,0.283
random,0.211677,0.26,0.022,0.487,0.116,0.091,0.023
random,0.211672,0.349,0.014,0.041,0.011,0.135,0.451
random,0.211661,0.06,0.289,0.201,0.381,0.05,0.019
random,0.211555,0.51,0.055,0.041,0.001,0.05,0.344
random,0.21155,0.679,0.024,0.178,0.012,0.063,0.046
random,0.211514,0.3,0.126,0.209,0.069,0.004,0.293
random,0.21148,0.742,0.007,0.001,0.016,0.02,0.214
random,0.211454,0.302,0.088,0.382,0.135,0.002,0.091
random,0.211434,0.455,0.014,0.108,0.17,0.246,0.006
random,0.21141,0.483,0.103,0.028,0.072,0.21,0.104
random,0.211338,0.159,0.42,0.183,0.027,0.026,0.185
random,0.211306,0.247,0.172,0.319,0.205,0.055,0.003
random,0.211239,0.142,0.028,0.061,0.413,0.179,0.177
random,0.211229,0.036,0.045,0.115,0.655,0.006,0.143
random,0.21121,0.335,0.002,0.331,0.116,0.04,0.176
random,0.211189,0.307,0.063,0.129,0.071,0.183,0.247
random,0.211171,0.168,0.017,0.228,0.375,0.109,0.103
random,0.211161,0.243,0.033,0.078,0.364,0.281,0.002
random,0.211158,0.084,0.004,0.16,0.55,0.079,0.123
random,0.211157,0.412,0.125,0.247,0.067,0.071,0.078
random,0.211117,0.29,0.083,0.177,0.026,0.153,0.271
random,0.211093,0.12,0.532,0.084,0.124,0.074,0.065
random,0.211085,0.329,0.229,0.071,0.0,0.01,0.361
random,0.211083,0.385,0.167,0.075,0.089,0.013,0.273
random,0.211082,0.278,0.174,0.193,0.027,0.053,0.276
random,0.210928,0.176,0.023,0.081,0.353,0.202,0.165
random,0.210924,0.087,0.391,0.068,0.279,0.002,0.173
random,0.210903,0.513,0.137,0.086,0.079,0.18,0.005
random,0.210891,0.394,0.046,0.128,0.099,0.198,0.134
random,0.210874,0.167,0.241,0.011,0.129,0.135,0.318
random,0.210854,0.47,0.039,0.059,0.015,0.066,0.351
random,0.21085,0.125,0.127,0.016,0.35,0.128,0.255
random,0.210831,0.447,0.162,0.129,0.054,0.206,0.002
random,0.210813,0.297,0.154,0.358,0.095,0.019,0.076
random,0.21074,0.352,0.108,0.121,0.016,0.24,0.163
random,0.210708,0.196,0.72,0.01,0.052,0.016,0.006
random,0.210692,0.364,0.092,0.168,0.107,0.096,0.173
random,0.210686,0.284,0.148,0.342,0.127,0.016,0.083
random,0.210685,0.259,0.006,0.489,0.071,0.082,0.094
random,0.21067,0.673,0.071,0.004,0.025,0.033,0.194
random,0.210652,0.524,0.047,0.024,0.084,0.032,0.289
random,0.210614,0.374,0.099,0.089,0.108,0.053,0.277
random,0.210556,0.2,0.066,0.096,0.248,0.163,0.226
random,0.21051,0.534,0.008,0.251,0.092,0.077,0.037
random,0.210485,0.268,0.04,0.077,0.188,0.231,0.196
random,0.210446,0.251,0.032,0.373,0.136,0.133,0.075
random,0.21043,0.832,0.05,0.057,0.006,0.013,0.04
random,0.210428,0.105,0.281,0.171,0.346,0.014,0.083
random,0.210412,0.132,0.009,0.017,0.448,0.157,0.237
random,0.210394,0.432,0.099,0.152,0.025,0.24,0.051
random,0.210391,0.352,0.13,0.07,0.179,0.264,0.004
random,0.210353,0.321,0.127,0.257,0.048,0.172,0.074
random,0.210336,0.244,0.061,0.334,0.07,0.064,0.226
random,0.210303,0.457,0.015,0.12,0.154,0.082,0.171
random,0.210253,0.948,0.005,0.01,0.002,0.0,0.035
random,0.210247,0.231,0.006,0.58,0.161,0.015,0.007
random,0.210246,0.321,0.114,0.168,0.113,0.089,0.195
random,0.210245,0.058,0.207,0.063,0.605,0.062,0.005
random,0.210216,0.524,0.014,0.078,0.0,0.159,0.224
random,0.210195,0.012,0.145,0.151,0.622,0.046,0.025
random,0.210163,0.478,0.054,0.012,0.011,0.138,0.307
random,0.210131,0.24,0.0,0.378,0.214,0.129,0.038
random,0.210128,0.201,0.433,0.244,0.005,0.016,0.101
random,0.210126,0.074,0.492,0.079,0.306,0.038,0.011
random,0.210111,0.164,0.175,0.059,0.231,0.141,0.231
random,0.210097,0.885,0.004,0.002,0.0,0.082,0.028
random,0.210082,0.342,0.004,0.226,0.153,0.138,0.136
random,0.210072,0.086,0.394,0.037,0.399,0.013,0.072
random,0.21007,0.202,0.273,0.086,0.039,0.222,0.178
random,0.210066,0.168,0.129,0.076,0.328,0.002,0.297
random,0.210063,0.383,0.103,0.105,0.021,0.208,0.18
random,0.210028,0.102,0.207,0.182,0.279,0.07,0.16
random,0.209954,0.343,0.099,0.106,0.016,0.196,0.239
random,0.209951,0.082,0.25,0.163,0.395,0.028,0.082
random,0.209939,0.246,0.325,0.002,0.001,0.036,0.39
random,0.209938,0.44,0.101,0.001,0.184,0.26,0.014
random,0.209922,0.054,0.274,0.055,0.488,0.021,0.107
random,0.209877,0.006,0.103,0.174,0.646,0.047,0.024
random,0.209802,0.206,0.296,0.077,0.073,0.025,0.323
random,0.209787,0.252,0.063,0.29,0.199,0.18,0.016
random,0.209786,0.28,0.169,0.018,0.079,0.227,0.228
random,0.209779,0.415,0.022,0.05,0.166,0.056,0.291
random,0.209745,0.22,0.059,0.258,0.147,0.134,0.182
random,0.209736,0.19,0.346,0.276,0.03,0.003,0.156
random,0.209699,0.388,0.185,0.008,0.027,0.029,0.363
random,0.209684,0.127,0.566,0.085,0.008,0.0,0.213
random,0.20968,0.128,0.29,0.124,0.176,0.012,0.269
random,0.209642,0.138,0.313,0.067,0.172,0.002,0.307
random,0.209583,0.428,0.109,0.111,0.005,0.239,0.108
random,0.209577,0.04,0.184,0.245,0.475,0.045,0.011
random,0.209575,0.303,0.096,0.072,0.122,0.154,0.252
random,0.20956,0.396,0.019,0.249,0.055,0.133,0.148
random,0.209556,0.083,0.37,0.001,0.37,0.054,0.123
random,0.209545,0.118,0.517,0.23,0.015,0.111,0.009
random,0.209542,0.178,0.455,0.064,0.018,0.237,0.048
random,0.209533,0.028,0.258,0.169,0.464,0.001,0.08
random,0.209491,0.312,0.075,0.182,0.152,0.043,0.236
random,0.209475,0.323,0.002,0.321,0.098,0.048,0.208
random,0.209474,0.179,0.161,0.305,0.179,0.049,0.127
random,0.209461,0.553,0.059,0.034,0.0,0.063,0.291
random,0.209454,0.102,0.447,0.1,0.107,0.155,0.089
random,0.209446,0.279,0.152,0.258,0.116,0.046,0.149
random,0.209445,0.084,0.175,0.341,0.321,0.044,0.035
random,0.209437,0.179,0.031,0.12,0.302,0.206,0.162
random,0.209427,0.207,0.253,0.411,0.043,0.067,0.019
random,0.209422,0.208,0.014,0.128,0.253,0.167,0.231
random,0.209355,0.11,0.213,0.176,0.233,0.222,0.045
random,0.209317,0.067,0.166,0.015,0.668,0.07,0.013
random,0.209316,0.242,0.129,0.158,0.087,0.207,0.177
random,0.209313,0.546,0.027,0.252,0.092,0.08,0.004
random,0.209262,0.595,0.039,0.088,0.045,0.076,0.157
random,0.20925,0.074,0.427,0.103,0.226,0.018,0.153
random,0.209238,0.32,0.175,0.25,0.007,0.144,0.104
random,0.209238,0.536,0.008,0.067,0.0,0.26,0.129
random,0.209229,0.079,0.483,0.214,0.084,0.124,0.016
random,0.209229,0.182,0.078,0.249,0.193,0.125,0.174
random,0.209224,0.185,0.15,0.0,0.274,0.236,0.156
random,0.209184,0.422,0.114,0.052,0.045,0.079,0.288
random,0.209166,0.009,0.02,0.11,0.711,0.07,0.08
random,0.20916,0.126,0.436,0.067,0.125,0.179,0.067
random,0.2091,0.22,0.291,0.284,0.005,0.119,0.081
random,0.209061,0.301,0.23,0.14,0.079,0.049,0.201
random,0.209051,0.015,0.105,0.007,0.667,0.006,0.201
random,0.209039,0.196,0.111,0.387,0.131,0.148,0.027
random,0.208996,0.126,0.09,0.331,0.325,0.103,0.024
random,0.208958,0.21,0.307,0.233,0.033,0.078,0.14
random,0.208931,0.894,0.006,0.062,0.005,0.004,0.029
random,0.208924,0.21,0.287,0.19,0.001,0.266,0.046
random,0.208828,0.128,0.486,0.247,0.057,0.009,0.072
random,0.208784,0.235,0.037,0.347,0.238,0.122,0.021
random,0.208764,0.221,0.256,0.305,0.016,0.015,0.188
random,0.208738,0.14,0.007,0.037,0.489,0.051,0.275
random,0.208724,0.118,0.226,0.2,0.307,0.075,0.073
random,0.208665,0.081,0.452,0.025,0.235,0.033,0.173
random,0.208614,0.257,0.176,0.306,0.19,0.002,0.069
random,0.208603,0.177,0.164,0.351,0.285,0.001,0.021
random,0.208573,0.118,0.552,0.053,0.021,0.057,0.199
random,0.208539,0.188,0.102,0.436,0.223,0.012,0.04
random,0.208527,0.268,0.257,0.227,0.009,0.153,0.085
random,0.20852,0.211,0.032,0.372,0.135,0.126,0.123
random,0.208492,0.062,0.004,0.221,0.522,0.096,0.095
random,0.208488,0.331,0.184,0.117,0.094,0.02,0.253
random,0.208487,0.185,0.215,0.167,0.078,0.152,0.204
random,0.208478,0.249,0.306,0.073,0.033,0.104,0.235
random,0.208448,0.196,0.231,0.286,0.084,0.199,0.005
random,0.20844,0.157,0.244,0.051,0.109,0.166,0.274
random,0.208427,0.227,0.223,0.212,0.147,0.004,0.188
random,0.208322,0.071,0.216,0.234,0.299,0.101,0.079
random,0.208284,0.365,0.158,0.023,0.027,0.168,0.26
random,0.208276,0.474,0.014,0.036,0.041,0.057,0.378
random,0.208247,0.777,0.062,0.097,0.003,0.039,0.023
random,0.208209,0.088,0.31,0.001,0.48,0.068,0.052
random,0.208176,0.228,0.262,0.044,0.054,0.088,0.324
random,0.20817,0.207,0.027,0.484,0.13,0.136,0.017
random,0.208157,0.224,0.014,0.378,0.274,0.037,0.072
random,0.208116,0.31,0.071,0.146,0.014,0.042,0.417
random,0.208089,0.18,0.004,0.136,0.319,0.246,0.116
random,0.208085,0.383,0.181,0.014,0.011,0.091,0.321
random,0.208064,0.02,0.041,0.153,0.624,0.099,0.064
random,0.208042,0.26,0.201,0.199,0.098,0.221,0.021
random,0.208037,0.261,0.246,0.01,0.083,0.258,0.142
random,0.207933,0.451,0.002,0.001,0.171,0.014,0.361
random,0.207923,0.392,0.189,0.057,0.002,0.241,0.12
random,0.207922,0.125,0.013,0.008,0.431,0.189,0.236
random,0.207911,0.321,0.079,0.052,0.281,0.263,0.005
random,0.207883,0.416,0.038,0.016,0.03,0.098,0.402
random,0.207855,0.292,0.008,0.487,0.016,0.032,0.165
random,0.207848,0.411,0.001,0.002,0.1,0.12,0.366
random,0.207807,0.2,0.303,0.357,0.036,0.069,0.035
random,0.207792,0.308,0.117,0.229,0.183,0.004,0.159
random,0.207753,0.219,0.119,0.248,0.12,0.148,0.146
random,0.207708,0.066,0.378,0.011,0.4,0.006,0.14
random,0.207699,0.041,0.343,0.191,0.361,0.044,0.02
random,0.207679,0.21,0.221,0.253,0.09,0.097,0.129
random,0.207678,0.231,0.233,0.135,0.01,0.009,0.381
random,0.207631,0.121,0.342,0.159,0.138,0.167,0.073
random,0.207623,0.367,0.014,0.38,0.002,0.034,0.202
random,0.207565,0.243,0.165,0.331,0.032,0.131,0.097
random,0.207514,0.357,0.013,0.291,0.049,0.241,0.049
random,0.207477,0.629,0.028,0.03,0.018,0.238,0.056
random,0.207475,0.308,0.19,0.121,0.153,0.001,0.227
random,0.207428,0.059,0.084,0.069,0.506,0.119,0.163
random,0.207387,0.13,0.115,0.23,0.309,0.055,0.161
random,0.207361,0.262,0.01,0.447,0.125,0.042,0.114
random,0.207353,0.207,0.142,0.419,0.074,0.012,0.145
random,0.20733,0.182,0.26,0.014,0.067,0.201,0.276
random,0.207307,0.543,0.027,0.046,0.008,0.233,0.144
random,0.207281,0.172,0.037,0.364,0.318,0.042,0.068
random,0.207279,0.281,0.011,0.239,0.077,0.06,0.332
random,0.207263,0.535,0.021,0.036,0.126,0.26,0.023
random,0.207235,0.146,0.001,0.268,0.345,0.173,0.066
random,0.207169,0.478,0.006,0.041,0.004,0.089,0.382
random,0.207165,0.071,0.024,0.053,0.559,0.132,0.162
random,0.207135,0.387,0.062,0.094,0.114,0.004,0.338
random,0.207131,0.262,0.001,0.312,0.167,0.062,0.195
random,0.207074,0.085,0.267,0.294,0.175,0.163,0.017
random,0.207,0.27,0.154,0.122,0.042,0.049,0.362
random,0.206994,0.074,0.194,0.114,0.374,0.128,0.116
random,0.206928,0.247,0.03,0.235,0.303,0.01,0.174
random,0.206855,0.112,0.177,0.41,0.256,0.032,0.013
random,0.206841,0.373,0.084,0.13,0.118,0.264,0.031
random,0.206727,0.084,0.09,0.074,0.46,0.105,0.186
random,0.20672,0.157,0.286,0.364,0.079,0.071,0.042
random,0.20671,0.168,0.376,0.29,0.049,0.006,0.111
random,0.206681,0.218,0.002,0.55,0.123,0.081,0.025
random,0.206602,0.034,0.089,0.003,0.588,0.0,0.285
random,0.206597,0.061,0.016,0.047,0.594,0.027,0.254
random,0.206591,0.331,0.004,0.359,0.292,0.001,0.012
random,0.206584,0.353,0.013,0.451,0.01,0.146,0.027
random,0.206583,0.607,0.008,0.053,0.016,0.245,0.07
random,0.206485,0.155,0.052,0.117,0.316,0.204,0.155
random,0.206481,0.029,0.217,0.297,0.317,0.12,0.02
random,0.206422,0.059,0.312,0.081,0.333,0.055,0.16
random,0.206385,0.232,0.172,0.363,0.059,0.108,0.065
random,0.206381,0.153,0.345,0.42,0.039,0.036,0.006
random,0.206336,0.045,0.233,0.119,0.416,0.076,0.112
random,0.206327,0.118,0.461,0.262,0.034,0.095,0.029
random,0.206267,0.165,0.57,0.006,0.167,0.079,0.013
random,0.206266,0.325,0.006,0.0,0.197,0.065,0.407
random,0.206199,0.097,0.38,0.269,0.203,0.042,0.009
random,0.206183,0.064,0.002,0.185,0.622,0.018,0.109
random,0.206125,0.279,0.075,0.138,0.153,0.049,0.306
random,0.206083,0.328,0.002,0.274,0.001,0.25,0.145
random,0.206047,0.098,0.497,0.016,0.094,0.004,0.291
random,0.206032,0.12,0.525,0.015,0.083,0.082,0.174
random,0.205996,0.073,0.079,0.0,0.544,0.003,0.3
random,0.205988,0.105,0.201,0.078,0.344,0.053,0.22
random,0.205966,0.136,0.022,0.247,0.388,0.115,0.091
random,0.205954,0.529,0.006,0.133,0.009,0.283,0.04
random,0.205952,0.114,0.054,0.322,0.401,0.035,0.073
random,0.205934,0.064,0.293,0.036,0.565,0.033,0.01
random,0.20585,0.047,0.35,0.018,0.496,0.0,0.089
random,0.205827,0.17,0.185,0.082,0.206,0.233,0.124
random,0.205819,0.39,0.025,0.263,0.122,0.196,0.004
random,0.205816,0.331,0.104,0.016,0.057,0.212,0.28
random,0.205802,0.15,0.332,0.235,0.031,0.214,0.039
random,0.205782,0.369,0.203,0.014,0.007,0.287,0.121
random,0.205763,0.307,0.102,0.119,0.043,0.144,0.284
random,0.205707,0.097,0.578,0.165,0.129,0.004,0.026
random,0.205654,0.47,0.022,0.052,0.154,0.297,0.005
random,0.205654,0.235,0.165,0.243,0.013,0.121,0.224
random,0.205634,0.203,0.002,0.219,0.174,0.237,0.164
random,0.205625,0.209,0.031,0.36,0.21,0.014,0.176
random,0.205604,0.258,0.09,0.419,0.001,0.141,0.09
random,0.205566,0.403,0.032,0.027,0.102,0.019,0.415
random,0.205544,0.126,0.317,0.157,0.108,0.226,0.065
random,0.205537,0.24,0.104,0.281,0.107,0.068,0.2
random,0.20553,0.341,0.136,0.126,0.101,0.023,0.274
random,0.205395,0.209,0.024,0.191,0.196,0.126,0.253
random,0.205382,0.021,0.137,0.016,0.549,0.018,0.259
random,0.205338,0.103,0.245,0.155,0.253,0.042,0.202
random,0.205312,0.277,0.012,0.092,0.165,0.09,0.364
random,0.205306,0.268,0.137,0.115,0.029,0.083,0.368
random,0.205282,0.475,0.042,0.046,0.03,0.223,0.185
random,0.205269,0.023,0.25,0.201,0.376,0.121,0.028
random,0.205216,0.233,0.112,0.138,0.098,0.14,0.279
random,0.205212,0.291,0.007,0.501,0.001,0.074,0.126
random,0.205211,0.218,0.018,0.249,0.087,0.317,0.111
random,0.205178,0.263,0.067,0.239,0.006,0.256,0.169
random,0.205148,0.401,0.156,0.0,0.097,0.262,0.085
random,0.205132,0.168,0.013,0.358,0.266,0.192,0.003
random,0.205113,0.43,0.037,0.023,0.152,0.269,0.089
random,0.205095,0.191,0.254,0.221,0.022,0.028,0.284
random,0.205094,0.324,0.018,0.036,0.218,0.284,0.119
random,0.205087,0.636,0.022,0.042,0.005,0.286,0.009
random,0.205077,0.09,0.089,0.184,0.341,0.027,0.269
random,0.205059,0.117,0.379,0.099,0.05,0.215,0.139
random,0.205001,0.147,0.452,0.108,0.018,0.067,0.208
random,0.204993,0.08,0.362,0.012,0.252,0.05,0.245
random,0.20489,0.098,0.404,0.04,0.177,0.038,0.244
random,0.20488,0.117,0.34,0.002,0.095,0.105,0.342
random,0.204855,0.302,0.04,0.119,0.166,0.288,0.084
random,0.204815,0.165,0.294,0.339,0.042,0.06,0.099
random,0.20481,0.221,0.026,0.251,0.239,0.083,0.181
random,0.204808,0.324,0.121,0.007,0.085,0.009,0.453
random,0.204807,0.378,0.0,0.182,0.105,0.208,0.126
random,0.204785,0.226,0.008,0.182,0.134,0.194,0.257
random,0.204764,0.242,0.069,0.235,0.097,0.106,0.251
random,0.20475,0.357,0.028,0.137,0.097,0.241,0.141
random,0.20474,0.064,0.147,0.15,0.395,0.142,0.102
random,0.20466,0.128,0.048,0.172,0.35,0.083,0.219
random,0.204649,0.116,0.085,0.02,0.443,0.064,0.273
random,0.204614,0.192,0.096,0.091,0.273,0.017,0.331
random,0.204595,0.333,0.09,0.012,0.1,0.013,0.453
random,0.204582,0.364,0.112,0.255,0.029,0.23,0.011
random,0.204554,0.264,0.043,0.122,0.141,0.161,0.269
random,0.204533,0.321,0.003,0.117,0.092,0.005,0.462
random,0.204524,0.403,0.005,0.182,0.11,0.166,0.135
random,0.204521,0.07,0.038,0.303,0.46,0.126,0.003
random,0.204495,0.177,0.062,0.075,0.242,0.249,0.196
random,0.204483,0.273,0.101,0.04,0.095,0.178,0.313
random,0.204482,0.067,0.002,0.135,0.524,0.142,0.13
random,0.204461,0.195,0.0,0.123,0.312,0.067,0.302
random,0.2044,0.267,0.093,0.441,0.009,0.148,0.042
random,0.204388,0.241,0.107,0.24,0.096,0.27,0.045
random,0.204363,0.106,0.1,0.258,0.292,0.18,0.063
random,0.204358,0.107,0.127,0.23,0.288,0.074,0.173
random,0.204292,0.164,0.456,0.023,0.007,0.062,0.287
random,0.204292,0.192,0.025,0.119,0.316,0.076,0.272
random,0.204249,0.169,0.422,0.036,0.074,0.222,0.077
random,0.204229,0.342,0.065,0.0,0.147,0.063,0.383
random,0.2042,0.084,0.276,0.13,0.273,0.169,0.068
random,0.204195,0.189,0.155,0.117,0.159,0.102,0.279
random,0.204149,0.173,0.011,0.234,0.306,0.06,0.217
random,0.204138,0.296,0.134,0.058,0.049,0.288,0.174
random,0.204136,0.202,0.056,0.66,0.029,0.016,0.036
random,0.204112,0.385,0.001,0.184,0.038,0.291,0.102
random,0.204053,0.207,0.021,0.001,0.234,0.224,0.313
random,0.204037,0.428,0.052,0.008,0.11,0.011,0.391
random,0.204015,0.06,0.03,0.033,0.539,0.068,0.27
random,0.203985,0.084,0.004,0.274,0.355,0.112,0.172
random,0.203949,0.579,0.015,0.024,0.019,0.269,0.094
random,0.203912,0.247,0.217,0.011,0.078,0.034,0.412
random,0.203897,0.289,0.006,0.097,0.214,0.278,0.116
random,0.203852,0.341,0.024,0.131,0.056,0.263,0.185
random,0.203839,0.478,0.076,0.088,0.064,0.266,0.028
random,0.203818,0.109,0.538,0.079,0.158,0.113,0.003
random,0.203803,0.022,0.151,0.195,0.453,0.106,0.074
random,0.203784,0.22,0.0,0.227,0.154,0.212,0.186
random,0.20365,0.467,0.048,0.007,0.03,0.054,0.394
random,0.203636,0.197,0.281,0.115,0.007,0.264,0.135
random,0.203611,0.103,0.023,0.331,0.35,0.188,0.005
random,0.203565,0.112,0.42,0.001,0.381,0.06,0.025
random,0.203556,0.2,0.222,0.115,0.004,0.258,0.201
random,0.203539,0.563,0.023,0.073,0.053,0.228,0.061
random,0.203502,0.068,0.353,0.191,0.232,0.143,0.013
random,0.203465,0.102,0.005,0.051,0.544,0.0,0.297
random,0.203446,0.035,0.337,0.337,0.219,0.035,0.037
random,0.203437,0.244,0.046,0.201,0.262,0.04,0.207
random,0.203357,0.064,0.625,0.147,0.151,0.013,0.0
random,0.203357,0.264,0.012,0.046,0.255,0.3,0.123
random,0.203318,0.06,0.246,0.228,0.311,0.064,0.092
random,0.20331,0.158,0.145,0.274,0.274,0.002,0.147
random,0.203283,0.259,0.034,0.311,0.084,0.248,0.064
random,0.203251,0.076,0.536,0.077,0.194,0.034,0.083
random,0.203238,0.196,0.072,0.476,0.105,0.037,0.114
random,0.203234,0.257,0.03,0.303,0.085,0.244,0.081
random,0.203233,0.324,0.022,0.11,0.194,0.049,0.302
random,0.203197,0.042,0.129,0.133,0.567,0.122,0.007
random,0.203142,0.147,0.008,0.543,0.234,0.048,0.02
random,0.203139,0.321,0.101,0.004,0.242,0.317,0.015
random,0.203134,0.109,0.551,0.106,0.062,0.165,0.008
random,0.203113,0.081,0.524,0.101,0.02,0.126,0.148
random,0.203093,0.032,0.12,0.277,0.359,0.004,0.208
random,0.203073,0.001,0.039,0.06,0.649,0.001,0.25
random,0.203015,0.147,0.103,0.453,0.143,0.153,0.002
random,0.203003,0.003,0.149,0.38,0.29,0.169,0.009
random,0.202996,0.199,0.225,0.177,0.057,0.278,0.064
random,0.202977,0.377,0.14,0.033,0.155,0.283,0.01
random,0.202956,0.124,0.01,0.211,0.375,0.152,0.128
random,0.202944,0.146,0.311,0.102,0.07,0.208,0.163
random,0.202878,0.079,0.347,0.002,0.571,0.0,0.0
random,0.202857,0.27,0.06,0.069,0.058,0.154,0.389
random,0.202817,0.357,0.006,0.025,0.123,0.032,0.457
random,0.202813,0.163,0.098,0.415,0.237,0.0,0.087
random,0.202798,0.151,0.216,0.162,0.219,0.006,0.245
random,0.202785,0.117,0.059,0.519,0.212,0.09,0.003
random,0.202735,0.192,0.29,0.031,0.032,0.003,0.452
random,0.202733,0.16,0.108,0.226,0.201,0.136,0.168
random,0.202698,0.427,0.053,0.001,0.001,0.294,0.224
random,0.202676,0.204,0.214,0.01,0.082,0.225,0.265
random,0.202676,0.266,0.247,0.003,0.022,0.14,0.323
random,0.202627,0.36,0.007,0.017,0.118,0.025,0.474
random,0.202624,0.194,0.073,0.347,0.122,0.237,0.028
random,0.202608,0.131,0.744,0.05,0.006,0.006,0.064
random,0.202603,0.217,0.048,0.546,0.018,0.103,0.069
random,0.202555,0.137,0.767,0.084,0.002,0.008,0.002
random,0.202499,0.264,0.031,0.065,0.139,0.136,0.364
random,0.202494,0.136,0.401,0.002,0.33,0.131,0.0
random,0.202494,0.057,0.268,0.179,0.316,0.139,0.041
random,0.202424,0.02,0.211,0.297,0.392,0.07,0.01
random,0.202361,0.212,0.158,0.335,0.063,0.218,0.015
random,0.202339,0.049,0.302,0.064,0.534,0.002,0.048
random,0.202295,0.084,0.011,0.389,0.386,0.066,0.063
random,0.202293,0.282,0.116,0.169,0.005,0.248,0.18
random,0.202277,0.068,0.218,0.226,0.275,0.016,0.197
random,0.202259,0.463,0.023,0.139,0.003,0.292,0.081
random,0.202246,0.044,0.258,0.265,0.252,0.109,0.073
random,0.202165,0.114,0.675,0.174,0.004,0.03,0.003
random,0.202106,0.079,0.105,0.213,0.415,0.018,0.171
random,0.202105,0.113,0.26,0.378,0.206,0.018,0.024
random,0.202103,0.24,0.174,0.071,0.12,0.033,0.362
random,0.202102,0.168,0.134,0.001,0.237,0.137,0.321
random,0.202101,0.086,0.067,0.414,0.353,0.068,0.012
random,0.202066,0.153,0.035,0.419,0.138,0.109,0.147
random,0.202051,0.484,0.024,0.011,0.173,0.304,0.003
random,0.20205,0.337,0.024,0.178,0.069,0.285,0.106
random,0.202042,0.15,0.116,0.073,0.289,0.042,0.33
random,0.20201,0.09,0.085,0.223,0.426,0.021,0.156
random,0.202006,0.295,0.091,0.157,0.076,0.21,0.171
random,0.201989,0.151,0.035,0.219,0.28,0.06,0.255
random,0.201984,0.213,0.044,0.562,0.009,0.095,0.076
random,0.201983,0.33,0.019,0.382,0.009,0.247,0.014
random,0.20198,0.084,0.174,0.401,0.279,0.056,0.006
random,0.201949,0.187,0.06,0.521,0.015,0.014,0.204
random,0.201922,0.32,0.045,0.214,0.016,0.326,0.079
random,0.201898,0.229,0.029,0.295,0.191,0.0,0.256
random,0.201876,0.043,0.087,0.261,0.574,0.016,0.019
random,0.201844,0.274,0.073,0.184,0.059,0.284,0.126
random,0.201838,0.302,0.009,0.389,0.028,0.166,0.106
random,0.201836,0.165,0.056,0.168,0.344,0.08,0.187
random,0.201815,0.322,0.008,0.405,0.026,0.225,0.014
random,0.201807,0.047,0.143,0.051,0.47,0.041,0.247
random,0.201791,0.103,0.076,0.44,0.306,0.073,0.0
random,0.201741,0.06,0.131,0.357,0.265,0.182,0.006
random,0.201739,0.113,0.354,0.097,0.115,0.038,0.283
random,0.201712,0.134,0.269,0.115,0.146,0.212,0.125
random,0.20171,0.189,0.014,0.311,0.253,0.007,0.227
random,0.201698,0.047,0.245,0.29,0.413,0.002,0.003
random,0.201682,0.045,0.199,0.004,0.57,0.02,0.162
random,0.201682,0.249,0.039,0.193,0.067,0.214,0.239
random,0.201679,0.312,0.036,0.037,0.117,0.046,0.453
random,0.201659,0.222,0.064,0.62,0.066,0.0,0.028
random,0.201632,0.131,0.011,0.476,0.301,0.072,0.009
random,0.201584,0.132,0.009,0.59,0.211,0.046,0.011
random,0.201578,0.196,0.103,0.281,0.132,0.235,0.053
random,0.201576,0.09,0.02,0.309,0.511,0.006,0.064
random,0.201571,0.192,0.117,0.146,0.145,0.187,0.214
random,0.201563,0.377,0.086,0.026,0.005,0.221,0.284
random,0.201531,0.155,0.288,0.217,0.012,0.168,0.159
random,0.201502,0.138,0.184,0.0,0.175,0.131,0.373
random,0.201466,0.286,0.004,0.245,0.001,0.044,0.421
random,0.201441,0.112,0.095,0.438,0.197,0.064,0.095
random,0.20143,0.315,0.031,0.022,0.118,0.202,0.312
random,0.201423,0.244,0.013,0.212,0.133,0.087,0.312
random,0.20138,0.015,0.182,0.185,0.471,0.01,0.136
random,0.201366,0.107,0.511,0.261,0.019,0.044,0.057
random,0.201364,0.106,0.462,0.323,0.093,0.001,0.014
random,0.201356,0.292,0.004,0.219,0.0,0.087,0.398
random,0.201354,0.163,0.068,0.146,0.259,0.101,0.263
random,0.201309,0.223,0.006,0.437,0.148,0.183,0.003
random,0.201304,0.165,0.261,0.115,0.112,0.046,0.302
random,0.201293,0.067,0.234,0.251,0.257,0.099,0.091
random,0.201264,0.243,0.06,0.379,0.085,0.17,0.062
random,0.201244,0.199,0.042,0.073,0.269,0.274,0.143
random,0.201157,0.211,0.217,0.062,0.007,0.046,0.458
random,0.201127,0.086,0.339,0.265,0.215,0.014,0.082
random,0.201109,0.07,0.247,0.442,0.172,0.015,0.054
random,0.201105,0.055,0.086,0.363,0.472,0.021,0.003
random,0.201068,0.347,0.005,0.131,0.168,0.045,0.305
random,0.201038,0.021,0.059,0.414,0.458,0.018,0.03
random,0.201004,0.2,0.015,0.085,0.19,0.238,0.272
random,0.200996,0.258,0.114,0.11,0.008,0.055,0.456
random,0.200971,0.021,0.337,0.262,0.277,0.085,0.018
random,0.200953,0.016,0.125,0.432,0.365,0.044,0.019
random,0.20094,0.083,0.377,0.351,0.078,0.063,0.048
random,0.200933,0.296,0.014,0.074,0.009,0.029,0.579
random,0.200929,0.131,0.504,0.125,0.017,0.003,0.219
random,0.200921,0.116,0.035,0.313,0.226,0.093,0.218
random,0.200892,0.044,0.124,0.199,0.367,0.011,0.254
random,0.200879,0.131,0.133,0.452,0.25,0.033,0.0
random,0.200879,0.287,0.148,0.0,0.055,0.023,0.487
random,0.200876,0.27,0.141,0.044,0.114,0.063,0.368
random,0.200855,0.245,0.003,0.332,0.081,0.239,0.1
random,0.200839,0.1,0.042,0.079,0.518,0.0,0.261
random,0.200839,0.139,0.031,0.393,0.248,0.046,0.143
random,0.200823,0.048,0.137,0.052,0.479,0.029,0.255
current(论文),0.200795,0.22,0.15,0.18,0.2,0.05,0.2
random,0.200784,0.171,0.208,0.494,0.044,0.021,0.063
random,0.200779,0.217,0.094,0.533,0.009,0.061,0.086
random,0.200754,0.171,0.091,0.203,0.225,0.28,0.029
random,0.200721,0.315,0.015,0.091,0.088,0.148,0.343
random,0.20072,0.449,0.002,0.004,0.114,0.286,0.145
random,0.200679,0.456,0.111,0.025,0.009,0.285,0.114
random,0.200667,0.306,0.006,0.32,0.018,0.159,0.191
random,0.200647,0.456,0.035,0.026,0.011,0.271,0.2
random,0.200635,0.178,0.058,0.001,0.51,0.204,0.05
random,0.200605,0.197,0.243,0.08,0.002,0.229,0.249
random,0.200597,0.151,0.201,0.016,0.23,0.015,0.388
random,0.200582,0.595,0.001,0.044,0.036,0.276,0.047
random,0.200578,0.278,0.059,0.109,0.218,0.319,0.016
random,0.200502,0.132,0.333,0.453,0.065,0.002,0.016
random,0.20046,0.286,0.011,0.317,0.283,0.026,0.077
random,0.200365,0.029,0.243,0.413,0.3,0.015,0.001
random,0.200345,0.195,0.147,0.367,0.04,0.005,0.246
random,0.200273,0.082,0.054,0.234,0.399,0.154,0.076
random,0.200266,0.059,0.279,0.05,0.214,0.107,0.292
random,0.200257,0.003,0.018,0.005,0.625,0.0,0.348
random,0.20022,0.141,0.044,0.189,0.373,0.002,0.251
random,0.200161,0.261,0.013,0.395,0.298,0.023,0.01
random,0.200134,0.322,0.018,0.026,0.2,0.013,0.422
random,0.200129,0.138,0.093,0.112,0.353,0.039,0.265
random,0.200129,0.139,0.319,0.026,0.067,0.17,0.279
random,0.2001,0.238,0.091,0.258,0.033,0.07,0.31
random,0.200076,0.275,0.236,0.053,0.0,0.297,0.139
random,0.200054,0.129,0.024,0.007,0.304,0.206,0.331
random,0.200044,0.047,0.239,0.016,0.505,0.039,0.153
random,0.199997,0.048,0.177,0.151,0.37,0.112,0.142
random,0.199991,0.176,0.049,0.399,0.08,0.113,0.183
random,0.199989,0.024,0.159,0.207,0.515,0.071,0.024
random,0.199976,0.061,0.208,0.37,0.224,0.135,0.001
random,0.199932,0.414,0.063,0.045,0.052,0.27,0.155
random,0.199904,0.032,0.056,0.134,0.356,0.059,0.364
random,0.199892,0.046,0.374,0.148,0.393,0.036,0.003
random,0.19988,0.291,0.184,0.094,0.043,0.312,0.076
random,0.199841,0.225,0.126,0.352,0.027,0.194,0.075
random,0.199822,0.235,0.193,0.019,0.08,0.148,0.324
random,0.199802,0.21,0.002,0.077,0.3,0.288,0.123
random,0.199792,0.161,0.021,0.167,0.399,0.061,0.192
random,0.199784,0.108,0.062,0.001,0.314,0.199,0.316
random,0.199771,0.296,0.017,0.026,0.003,0.056,0.602
random,0.199768,0.126,0.115,0.244,0.237,0.017,0.262
random,0.199768,0.045,0.014,0.23,0.582,0.027,0.102
random,0.199728,0.055,0.001,0.212,0.536,0.08,0.116
random,0.199728,0.047,0.256,0.299,0.291,0.02,0.087
random,0.199725,0.051,0.304,0.085,0.285,0.092,0.183
random,0.199657,0.405,0.003,0.054,0.001,0.249,0.288
random,0.199654,0.021,0.131,0.24,0.484,0.007,0.117
random,0.199574,0.018,0.022,0.147,0.693,0.111,0.01
random,0.199539,0.115,0.244,0.147,0.178,0.057,0.259
random,0.199535,0.325,0.006,0.443,0.041,0.18,0.006
random,0.199512,0.354,0.05,0.047,0.168,0.313,0.068
random,0.199485,0.077,0.456,0.086,0.231,0.007,0.143
random,0.199464,0.22,0.001,0.586,0.028,0.021,0.144
random,0.199462,0.011,0.033,0.159,0.554,0.061,0.182
random,0.19945,0.031,0.056,0.351,0.371,0.017,0.172
random,0.199391,0.37,0.013,0.055,0.18,0.318,0.064
random,0.199391,0.222,0.063,0.379,0.05,0.223,0.063
random,0.199373,0.095,0.551,0.086,0.11,0.128,0.03
random,0.199331,0.156,0.101,0.203,0.252,0.026,0.262
random,0.199317,0.05,0.45,0.251,0.211,0.039,0.0
random,0.199309,0.193,0.079,0.061,0.269,0.01,0.388
random,0.199267,0.37,0.004,0.042,0.189,0.303,0.092
random,0.19926,0.233,0.006,0.31,0.121,0.033,0.297
random,0.199244,0.111,0.483,0.249,0.001,0.131,0.025
random,0.199174,0.214,0.106,0.186,0.007,0.269,0.218
random,0.199161,0.082,0.107,0.136,0.36,0.06,0.254
random,0.199114,0.054,0.13,0.159,0.435,0.058,0.164
random,0.199086,0.12,0.231,0.051,0.21,0.087,0.301
random,0.199073,0.263,0.041,0.246,0.129,0.269,0.052
random,0.199065,0.206,0.112,0.356,0.109,0.005,0.212
random,0.199057,0.134,0.118,0.233,0.249,0.265,0.001
random,0.198934,0.081,0.175,0.052,0.397,0.029,0.266
random,0.198932,0.15,0.042,0.2,0.426,0.004,0.178
random,0.198877,0.028,0.032,0.352,0.431,0.04,0.116
random,0.198874,0.157,0.023,0.481,0.119,0.073,0.147
random,0.198857,0.265,0.112,0.059,0.061,0.097,0.405
random,0.198836,0.133,0.059,0.444,0.18,0.146,0.038
random,0.198825,0.163,0.227,0.182,0.017,0.253,0.158
random,0.198807,0.036,0.205,0.241,0.355,0.033,0.13
random,0.198807,0.305,0.078,0.23,0.092,0.245,0.051
random,0.198777,0.408,0.041,0.187,0.044,0.265,0.054
random,0.198752,0.237,0.081,0.196,0.148,0.268,0.069
random,0.198709,0.138,0.053,0.009,0.236,0.21,0.354
random,0.198699,0.09,0.025,0.389,0.416,0.0,0.08
random,0.198683,0.084,0.278,0.462,0.127,0.042,0.008
random,0.198637,0.139,0.007,0.365,0.298,0.121,0.07
random,0.198615,0.068,0.192,0.469,0.158,0.102,0.012
random,0.198581,0.454,0.079,0.005,0.0,0.324,0.137
random,0.198566,0.028,0.413,0.216,0.232,0.005,0.106
random,0.198478,0.208,0.005,0.0,0.296,0.046,0.445
random,0.198445,0.282,0.007,0.303,0.032,0.347,0.029
random,0.198435,0.127,0.244,0.451,0.086,0.056,0.036
random,0.19841,0.281,0.018,0.367,0.002,0.315,0.017
random,0.198374,0.09,0.066,0.449,0.296,0.089,0.009
random,0.19837,0.114,0.316,0.424,0.091,0.037,0.017
random,0.198366,0.067,0.233,0.056,0.252,0.157,0.234
random,0.19834,0.362,0.038,0.28,0.043,0.276,0.001
random,0.198247,0.018,0.166,0.304,0.4,0.024,0.087
random,0.198223,0.223,0.099,0.107,0.128,0.251,0.192
random,0.19821,0.01,0.224,0.255,0.47,0.002,0.039
random,0.198172,0.071,0.079,0.058,0.424,0.092,0.276
random,0.198146,0.007,0.098,0.413,0.39,0.049,0.042
random,0.198091,0.113,0.469,0.004,0.002,0.117,0.295
random,0.19807,0.057,0.06,0.308,0.548,0.0,0.027
random,0.19806,0.05,0.207,0.131,0.343,0.123,0.145
random,0.198038,0.235,0.056,0.075,0.095,0.171,0.368
random,0.197983,0.002,0.068,0.267,0.626,0.002,0.035
random,0.19797,0.281,0.096,0.031,0.045,0.246,0.301
random,0.197961,0.18,0.155,0.161,0.112,0.199,0.193
random,0.197905,0.187,0.03,0.557,0.011,0.019,0.196
random,0.197856,0.01,0.108,0.196,0.556,0.121,0.009
random,0.197852,0.032,0.053,0.213,0.422,0.005,0.275
random,0.197823,0.082,0.111,0.495,0.148,0.155,0.009
random,0.197816,0.079,0.164,0.502,0.146,0.091,0.019
random,0.197797,0.072,0.105,0.063,0.434,0.076,0.249
random,0.197795,0.164,0.117,0.046,0.217,0.092,0.363
random,0.197778,0.109,0.141,0.415,0.126,0.07,0.139
random,0.197765,0.049,0.18,0.441,0.249,0.072,0.009
random,0.197747,0.286,0.004,0.047,0.092,0.064,0.507
random,0.197736,0.066,0.347,0.444,0.136,0.0,0.006
random,0.197721,0.106,0.042,0.326,0.203,0.141,0.182
random,0.197695,0.057,0.0,0.097,0.701,0.135,0.01
random,0.197645,0.099,0.16,0.157,0.277,0.142,0.166
random,0.197633,0.169,0.237,0.15,0.041,0.184,0.219
random,0.197631,0.128,0.001,0.226,0.475,0.003,0.167
random,0.197568,0.178,0.02,0.248,0.145,0.179,0.229
random,0.197536,0.092,0.005,0.335,0.282,0.093,0.194
random,0.19748,0.247,0.053,0.107,0.105,0.09,0.399
random,0.197479,0.042,0.068,0.108,0.463,0.128,0.191
random,0.197464,0.093,0.092,0.428,0.146,0.134,0.107
random,0.197389,0.093,0.101,0.098,0.32,0.065,0.324
random,0.19737,0.219,0.16,0.089,0.013,0.008,0.511
random,0.197352,0.075,0.343,0.134,0.297,0.127,0.025
random,0.197322,0.152,0.298,0.285,0.001,0.247,0.017
random,0.197301,0.134,0.351,0.329,0.037,0.013,0.137
random,0.197295,0.171,0.184,0.234,0.127,0.052,0.232
random,0.197291,0.151,0.056,0.281,0.193,0.095,0.224
random,0.197291,0.149,0.042,0.277,0.114,0.148,0.27
random,0.197277,0.072,0.005,0.153,0.513,0.022,0.235
random,0.197258,0.183,0.148,0.405,0.047,0.194,0.024
random,0.197251,0.084,0.106,0.032,0.306,0.18,0.292
random,0.197245,0.006,0.056,0.341,0.405,0.003,0.189
random,0.197239,0.283,0.097,0.005,0.081,0.108,0.427
random,0.197237,0.221,0.055,0.218,0.108,0.281,0.117
random,0.197226,0.08,0.233,0.01,0.273,0.09,0.315
random,0.197185,0.065,0.227,0.245,0.244,0.002,0.217
random,0.19718,0.186,0.164,0.346,0.006,0.082,0.215
random,0.197165,0.39,0.083,0.142,0.075,0.268,0.043
random,0.197161,0.221,0.007,0.596,0.014,0.069,0.094
random,0.19712,0.055,0.127,0.23,0.331,0.159,0.098
random,0.197075,0.092,0.419,0.01,0.172,0.074,0.232
random,0.197011,0.084,0.145,0.005,0.39,0.0,0.377
random,0.196996,0.069,0.185,0.429,0.273,0.033,0.012
random,0.196948,0.088,0.025,0.346,0.322,0.138,0.082
random,0.196863,0.255,0.001,0.404,0.038,0.184,0.119
random,0.196859,0.244,0.159,0.004,0.146,0.019,0.428
random,0.196857,0.229,0.031,0.473,0.053,0.012,0.203
random,0.196851,0.274,0.367,0.005,0.0,0.299,0.055
random,0.196842,0.126,0.715,0.017,0.067,0.0,0.075
random,0.196837,0.099,0.009,0.088,0.459,0.11,0.236
random,0.196815,0.082,0.364,0.327,0.124,0.007,0.095
random,0.196797,0.182,0.31,0.021,0.006,0.046,0.435
random,0.19675,0.237,0.11,0.229,0.032,0.095,0.297
random,0.196744,0.371,0.08,0.032,0.046,0.261,0.21
random,0.196712,0.059,0.151,0.141,0.27,0.068,0.312
random,0.196695,0.21,0.037,0.563,0.024,0.166,0.0
random,0.196648,0.113,0.015,0.491,0.242,0.0,0.138
random,0.196643,0.181,0.155,0.294,0.061,0.279,0.03
random,0.196606,0.073,0.047,0.026,0.43,0.119,0.305
random,0.196601,0.321,0.171,0.014,0.019,0.304,0.171
random,0.196558,0.106,0.011,0.331,0.176,0.097,0.281
random,0.196519,0.048,0.212,0.399,0.168,0.158,0.016
random,0.196401,0.186,0.084,0.262,0.14,0.223,0.105
random,0.196379,0.285,0.006,0.269,0.011,0.177,0.253
random,0.196372,0.25,0.233,0.011,0.017,0.268,0.221
random,0.196368,0.175,0.117,0.113,0.168,0.106,0.321
random,0.196352,0.0,0.255,0.278,0.311,0.009,0.147
random,0.19633,0.136,0.162,0.603,0.014,0.01,0.075
random,0.196317,0.212,0.124,0.013,0.171,0.027,0.454
random,0.196291,0.113,0.028,0.393,0.177,0.135,0.154
random,0.196275,0.146,0.37,0.033,0.041,0.029,0.381
random,0.196274,0.124,0.401,0.273,0.01,0.147,0.045
random,0.196265,0.023,0.044,0.379,0.364,0.167,0.024
random,0.196222,0.023,0.196,0.256,0.347,0.165,0.013
random,0.196211,0.116,0.463,0.089,0.022,0.045,0.265
random,0.196167,0.089,0.03,0.174,0.405,0.168,0.135
random,0.196152,0.277,0.219,0.192,0.001,0.307,0.004
random,0.196152,0.029,0.065,0.332,0.371,0.001,0.202
random,0.196142,0.17,0.019,0.292,0.12,0.006,0.393
random,0.196139,0.309,0.033,0.038,0.168,0.048,0.404
random,0.196128,0.285,0.011,0.075,0.168,0.016,0.444
random,0.196096,0.076,0.5,0.117,0.175,0.032,0.101
random,0.196067,0.108,0.242,0.288,0.135,0.036,0.191
random,0.196056,0.282,0.004,0.027,0.117,0.145,0.425
random,0.196022,0.066,0.079,0.471,0.261,0.076,0.047
random,0.196017,0.083,0.373,0.267,0.085,0.0,0.192
random,0.196009,0.3,0.015,0.196,0.169,0.293,0.028
random,0.195997,0.056,0.483,0.17,0.222,0.006,0.063
random,0.19592,0.02,0.366,0.293,0.26,0.014,0.048
random,0.195806,0.318,0.014,0.204,0.152,0.297,0.015
random,0.195792,0.067,0.295,0.099,0.368,0.124,0.046
random,0.195782,0.025,0.165,0.407,0.253,0.064,0.086
random,0.195777,0.157,0.23,0.539,0.008,0.062,0.004
random,0.195766,0.08,0.006,0.157,0.52,0.026,0.21
random,0.195753,0.061,0.5,0.429,0.002,0.0,0.007
random,0.195734,0.136,0.003,0.111,0.472,0.224,0.054
random,0.195728,0.033,0.022,0.459,0.244,0.067,0.176
random,0.195688,0.138,0.048,0.456,0.184,0.002,0.173
random,0.195683,0.062,0.019,0.605,0.304,0.003,0.007
random,0.195681,0.094,0.066,0.007,0.379,0.131,0.323
random,0.195672,0.021,0.137,0.17,0.393,0.122,0.157
random,0.195651,0.036,0.019,0.047,0.493,0.087,0.318
random,0.19564,0.266,0.0,0.179,0.017,0.004,0.534
random,0.19564,0.072,0.463,0.125,0.183,0.114,0.041
random,0.19564,0.018,0.081,0.527,0.282,0.041,0.051
random,0.195639,0.165,0.301,0.171,0.008,0.041,0.314
random,0.195634,0.019,0.31,0.365,0.258,0.02,0.029
random,0.195627,0.21,0.146,0.077,0.049,0.262,0.256
random,0.195603,0.246,0.004,0.038,0.098,0.113,0.5
random,0.195588,0.447,0.072,0.021,0.058,0.234,0.168
random,0.195558,0.056,0.307,0.301,0.121,0.102,0.113
random,0.19553,0.165,0.088,0.234,0.146,0.112,0.256
random,0.195508,0.098,0.374,0.377,0.033,0.0,0.117
random,0.195502,0.179,0.038,0.078,0.258,0.153,0.294
random,0.195484,0.235,0.032,0.415,0.016,0.155,0.148
random,0.195448,0.186,0.137,0.301,0.058,0.046,0.273
random,0.195421,0.032,0.149,0.365,0.247,0.075,0.132
random,0.195404,0.303,0.044,0.031,0.177,0.008,0.438
random,0.195374,0.267,0.051,0.042,0.051,0.187,0.402
random,0.195342,0.057,0.034,0.473,0.248,0.159,0.029
random,0.195335,0.067,0.163,0.444,0.162,0.146,0.018
random,0.195314,0.19,0.239,0.026,0.053,0.008,0.484
random,0.195309,0.099,0.566,0.079,0.004,0.007,0.246
random,0.195298,0.109,0.147,0.411,0.166,0.012,0.156
random,0.19529,0.044,0.189,0.047,0.282,0.052,0.386
random,0.195279,0.033,0.028,0.0,0.763,0.063,0.112
random,0.195279,0.117,0.421,0.254,0.004,0.132,0.073
random,0.195258,0.008,0.081,0.131,0.548,0.045,0.187
random,0.195254,0.215,0.12,0.036,0.168,0.012,0.449
random,0.195245,0.298,0.155,0.183,0.057,0.306,0.001
random,0.195238,0.165,0.174,0.395,0.064,0.169,0.033
random,0.195232,0.21,0.024,0.323,0.023,0.197,0.224
random,0.195228,0.354,0.142,0.177,0.028,0.295,0.004
random,0.195226,0.131,0.141,0.56,0.088,0.046,0.034
random,0.195202,0.154,0.052,0.662,0.032,0.008,0.093
random,0.19519,0.177,0.112,0.29,0.166,0.021,0.234
random,0.195176,0.097,0.0,0.489,0.349,0.026,0.039
random,0.195168,0.091,0.127,0.459,0.262,0.056,0.004
random,0.195165,0.284,0.194,0.152,0.007,0.348,0.014
random,0.195162,0.2,0.125,0.191,0.039,0.311,0.134
random,0.195118,0.118,0.213,0.362,0.094,0.009,0.204
random,0.195111,0.258,0.004,0.003,0.009,0.01,0.715
random,0.195044,0.15,0.182,0.402,0.121,0.023,0.121
random,0.195022,0.064,0.109,0.329,0.226,0.068,0.203
random,0.195018,0.163,0.23,0.188,0.04,0.257,0.122
random,0.194972,0.111,0.028,0.307,0.147,0.138,0.27
random,0.194935,0.013,0.384,0.18,0.381,0.042,0.001
random,0.194887,0.161,0.148,0.145,0.173,0.066,0.305
random,0.194775,0.243,0.124,0.149,0.053,0.033,0.398
random,0.194774,0.169,0.037,0.707,0.008,0.078,0.0
random,0.194753,0.042,0.171,0.016,0.365,0.126,0.281
random,0.194746,0.09,0.224,0.043,0.237,0.044,0.362
random,0.194727,0.335,0.063,0.2,0.073,0.315,0.015
random,0.194719,0.002,0.111,0.185,0.368,0.033,0.301
random,0.194666,0.286,0.055,0.277,0.009,0.365,0.007
random,0.194645,0.12,0.111,0.355,0.13,0.066,0.219
random,0.194642,0.267,0.052,0.309,0.001,0.339,0.032
random,0.194634,0.018,0.402,0.11,0.437,0.004,0.029
random,0.194605,0.084,0.015,0.599,0.171,0.11,0.02
random,0.19459,0.086,0.083,0.43,0.146,0.171,0.085
random,0.194589,0.154,0.182,0.639,0.003,0.022,0.0
random,0.194582,0.104,0.286,0.25,0.125,0.196,0.039
random,0.194558,0.148,0.026,0.589,0.125,0.01,0.102
random,0.19454,0.024,0.294,0.318,0.219,0.047,0.097
random,0.194526,0.13,0.079,0.048,0.288,0.015,0.441
random,0.194512,0.045,0.056,0.345,0.395,0.007,0.152
random,0.194506,0.105,0.111,0.094,0.228,0.221,0.24
random,0.19449,0.0,0.268,0.332,0.293,0.085,0.021
random,0.194485,0.07,0.026,0.169,0.314,0.085,0.336
random,0.194481,0.006,0.196,0.371,0.384,0.015,0.029
random,0.194475,0.04,0.308,0.171,0.26,0.136,0.085
random,0.194436,0.157,0.233,0.005,0.109,0.103,0.393
random,0.194424,0.173,0.051,0.425,0.021,0.0,0.33
random,0.194419,0.179,0.064,0.344,0.121,0.289,0.004
random,0.194389,0.361,0.135,0.105,0.039,0.316,0.045
random,0.194387,0.016,0.086,0.265,0.551,0.001,0.082
random,0.194375,0.01,0.053,0.222,0.455,0.031,0.23
random,0.194374,0.274,0.041,0.063,0.025,0.299,0.297
random,0.194362,0.374,0.005,0.156,0.103,0.29,0.071
random,0.194313,0.208,0.014,0.173,0.15,0.289,0.166
random,0.194307,0.069,0.088,0.035,0.279,0.049,0.48
random,0.194287,0.214,0.018,0.202,0.108,0.039,0.419
random,0.194247,0.105,0.038,0.48,0.209,0.165,0.003
random,0.194199,0.239,0.075,0.002,0.018,0.013,0.653
random,0.194196,0.03,0.363,0.168,0.356,0.033,0.05
random,0.194188,0.188,0.149,0.236,0.06,0.318,0.049
random,0.194146,0.177,0.044,0.469,0.005,0.107,0.197
random,0.194117,0.068,0.241,0.004,0.563,0.084,0.041
random,0.194057,0.154,0.282,0.326,0.052,0.181,0.005
random,0.194054,0.079,0.157,0.371,0.177,0.115,0.102
random,0.194033,0.174,0.1,0.505,0.015,0.073,0.133
random,0.19401,0.139,0.607,0.006,0.078,0.101,0.069
random,0.194007,0.01,0.041,0.156,0.4,0.045,0.347
random,0.193981,0.24,0.062,0.065,0.059,0.093,0.481
random,0.193953,0.108,0.495,0.121,0.014,0.024,0.239
random,0.193944,0.071,0.47,0.138,0.177,0.108,0.036
random,0.19379,0.057,0.439,0.294,0.122,0.009,0.08
random,0.193713,0.082,0.201,0.439,0.139,0.134,0.005
random,0.193697,0.199,0.072,0.221,0.065,0.281,0.162
random,0.193675,0.083,0.506,0.316,0.031,0.064,0.0
random,0.193629,0.043,0.017,0.419,0.338,0.181,0.003
random,0.193619,0.03,0.099,0.04,0.808,0.019,0.004
random,0.193611,0.219,0.089,0.087,0.023,0.006,0.576
random,0.193577,0.1,0.049,0.281,0.287,0.006,0.278
random,0.193528,0.116,0.185,0.574,0.016,0.004,0.106
random,0.193522,0.204,0.235,0.025,0.003,0.122,0.411
random,0.193477,0.205,0.015,0.229,0.078,0.255,0.217
random,0.193464,0.16,0.343,0.117,0.015,0.067,0.299
random,0.193463,0.304,0.221,0.108,0.001,0.354,0.011
random,0.193439,0.096,0.146,0.026,0.35,0.039,0.343
random,0.193357,0.021,0.267,0.111,0.461,0.024,0.116
random,0.193271,0.129,0.167,0.35,0.101,0.022,0.231
random,0.193258,0.119,0.165,0.53,0.045,0.047,0.095
random,0.193253,0.212,0.205,0.083,0.001,0.017,0.482
random,0.193232,0.057,0.002,0.071,0.628,0.156,0.085
random,0.193227,0.207,0.135,0.247,0.011,0.055,0.346
random,0.193204,0.09,0.042,0.081,0.314,0.153,0.319
random,0.193191,0.05,0.313,0.28,0.121,0.108,0.129
random,0.193149,0.071,0.002,0.404,0.335,0.022,0.166
random,0.193147,0.325,0.114,0.172,0.014,0.361,0.013
random,0.193069,0.067,0.297,0.057,0.204,0.042,0.334
random,0.193055,0.242,0.0,0.538,0.002,0.139,0.08
random,0.193031,0.074,0.235,0.436,0.113,0.004,0.137
random,0.193031,0.074,0.202,0.453,0.125,0.02,0.127
random,0.19303,0.148,0.02,0.42,0.081,0.073,0.258
random,0.193024,0.033,0.405,0.144,0.238,0.004,0.176
random,0.192895,0.368,0.053,0.017,0.069,0.295,0.198
random,0.192864,0.118,0.165,0.193,0.115,0.091,0.319
random,0.19283,0.065,0.082,0.205,0.312,0.161,0.175
random,0.192822,0.14,0.175,0.615,0.058,0.011,0.001
random,0.192778,0.058,0.138,0.477,0.155,0.173,0.0
random,0.192755,0.021,0.197,0.45,0.285,0.024,0.024
random,0.192686,0.022,0.158,0.045,0.459,0.033,0.283
random,0.192595,0.027,0.003,0.369,0.23,0.08,0.292
random,0.192594,0.208,0.053,0.099,0.042,0.036,0.561
random,0.192591,0.277,0.035,0.161,0.005,0.282,0.241
random,0.192576,0.12,0.106,0.553,0.094,0.062,0.065
random,0.192565,0.047,0.002,0.371,0.399,0.037,0.144
random,0.192562,0.223,0.018,0.363,0.047,0.081,0.267
random,0.192538,0.074,0.004,0.047,0.428,0.083,0.364
random,0.192524,0.076,0.204,0.262,0.11,0.063,0.285
random,0.192512,0.03,0.327,0.122,0.359,0.046,0.116
random,0.192465,0.079,0.471,0.114,0.086,0.003,0.248
random,0.192448,0.26,0.051,0.024,0.174,0.034,0.457
random,0.192439,0.168,0.22,0.192,0.083,0.036,0.302
random,0.192357,0.025,0.131,0.072,0.689,0.051,0.033
random,0.192346,0.134,0.177,0.17,0.172,0.028,0.318
random,0.192243,0.078,0.474,0.356,0.004,0.001,0.086
random,0.192236,0.125,0.052,0.605,0.141,0.002,0.076
random,0.192234,0.018,0.033,0.575,0.25,0.044,0.081
random,0.192209,0.144,0.189,0.415,0.012,0.001,0.239
random,0.192197,0.101,0.055,0.428,0.241,0.006,0.168
random,0.192171,0.104,0.044,0.299,0.199,0.172,0.182
random,0.192161,0.455,0.003,0.0,0.003,0.335,0.203
random,0.192138,0.018,0.22,0.167,0.477,0.077,0.041
random,0.192107,0.039,0.199,0.059,0.25,0.127,0.326
random,0.1921,0.078,0.414,0.158,0.09,0.056,0.204
random,0.19209,0.002,0.133,0.335,0.51,0.02,0.0
random,0.19209,0.113,0.236,0.08,0.131,0.154,0.286
random,0.192053,0.13,0.021,0.472,0.083,0.079,0.215
random,0.192049,0.236,0.0,0.099,0.05,0.046,0.569
random,0.192041,0.042,0.418,0.091,0.302,0.004,0.143
random,0.192031,0.255,0.068,0.055,0.016,0.304,0.302
random,0.192029,0.134,0.088,0.357,0.128,0.018,0.276
random,0.192024,0.171,0.09,0.418,0.05,0.008,0.262
random,0.192004,0.004,0.2,0.328,0.319,0.087,0.062
random,0.191954,0.112,0.002,0.022,0.478,0.192,0.195
random,0.191951,0.168,0.245,0.137,0.015,0.022,0.413
random,0.191911,0.227,0.014,0.28,0.003,0.179,0.297
random,0.191896,0.059,0.14,0.276,0.209,0.147,0.17
random,0.191873,0.093,0.021,0.427,0.139,0.047,0.273
random,0.191871,0.381,0.008,0.039,0.097,0.323,0.152
random,0.191863,0.023,0.225,0.001,0.251,0.059,0.442
random,0.191812,0.26,0.026,0.009,0.066,0.016,0.622
random,0.191799,0.171,0.009,0.001,0.265,0.101,0.454
random,0.191774,0.114,0.389,0.057,0.041,0.115,0.285
random,0.191772,0.069,0.252,0.245,0.141,0.022,0.272
random,0.191734,0.017,0.17,0.433,0.3,0.036,0.045
random,0.191734,0.205,0.05,0.398,0.02,0.128,0.199
random,0.19173,0.111,0.304,0.049,0.065,0.21,0.261
random,0.191728,0.022,0.043,0.153,0.468,0.117,0.196
random,0.191715,0.304,0.028,0.055,0.019,0.281,0.314
random,0.191713,0.146,0.057,0.268,0.087,0.005,0.437
random,0.191679,0.124,0.01,0.472,0.139,0.007,0.248
random,0.191671,0.311,0.008,0.032,0.065,0.278,0.306
random,0.191616,0.198,0.112,0.315,0.007,0.019,0.35
random,0.191613,0.068,0.147,0.401,0.19,0.034,0.16
random,0.191598,0.143,0.089,0.035,0.216,0.119,0.398
random,0.191571,0.507,0.006,0.028,0.059,0.343,0.058
random,0.19147,0.159,0.08,0.664,0.043,0.024,0.03
random,0.19146,0.196,0.04,0.107,0.071,0.029,0.556
random,0.191367,0.145,0.369,0.121,0.077,0.25,0.039
random,0.191267,0.123,0.03,0.212,0.196,0.161,0.279
random,0.191265,0.177,0.013,0.145,0.285,0.028,0.352
random,0.191258,0.5,0.037,0.002,0.025,0.338,0.098
random,0.191239,0.019,0.0,0.446,0.3,0.106,0.129
random,0.191229,0.025,0.106,0.128,0.458,0.054,0.23
random,0.19122,0.022,0.002,0.298,0.416,0.04,0.223
random,0.19121,0.26,0.061,0.036,0.008,0.205,0.43
random,0.191208,0.109,0.166,0.082,0.421,0.204,0.019
random,0.191205,0.083,0.074,0.208,0.28,0.019,0.337
random,0.191127,0.076,0.018,0.099,0.35,0.13,0.326
random,0.191121,0.365,0.03,0.198,0.099,0.306,0.002
random,0.19103,0.009,0.14,0.393,0.273,0.006,0.179
random,0.191014,0.062,0.512,0.324,0.005,0.013,0.085
random,0.191012,0.149,0.052,0.146,0.176,0.199,0.278
random,0.191006,0.024,0.284,0.339,0.126,0.035,0.192
random,0.190998,0.025,0.454,0.37,0.092,0.047,0.012
random,0.190994,0.173,0.012,0.183,0.226,0.184,0.222
random,0.190959,0.104,0.51,0.01,0.01,0.046,0.321
random,0.190885,0.005,0.449,0.337,0.153,0.029,0.027
random,0.190859,0.377,0.072,0.188,0.016,0.342,0.005
random,0.190839,0.212,0.002,0.025,0.033,0.006,0.722
random,0.19082,0.079,0.309,0.457,0.069,0.057,0.03
random,0.190809,0.482,0.064,0.053,0.046,0.343,0.013
random,0.190807,0.002,0.0,0.206,0.588,0.045,0.159
random,0.190807,0.063,0.167,0.065,0.254,0.004,0.447
random,0.190742,0.228,0.089,0.195,0.035,0.08,0.374
random,0.190729,0.135,0.274,0.267,0.002,0.236,0.085
random,0.190667,0.249,0.017,0.1,0.152,0.039,0.444
random,0.190663,0.031,0.338,0.226,0.1,0.086,0.22
random,0.190653,0.105,0.297,0.146,0.085,0.071,0.296
random,0.190635,0.087,0.067,0.007,0.327,0.071,0.441
random,0.190629,0.103,0.371,0.232,0.025,0.099,0.17
random,0.190603,0.076,0.353,0.125,0.089,0.186,0.172
random,0.190569,0.463,0.076,0.03,0.054,0.343,0.034
random,0.190485,0.09,0.366,0.266,0.03,0.079,0.17
random,0.190478,0.015,0.181,0.101,0.587,0.066,0.049
random,0.190465,0.012,0.095,0.022,0.614,0.063,0.194
random,0.190426,0.036,0.009,0.55,0.196,0.008,0.201
random,0.190409,0.01,0.038,0.139,0.371,0.026,0.415
random,0.190351,0.029,0.136,0.56,0.192,0.036,0.048
random,0.190342,0.058,0.413,0.132,0.087,0.09,0.222
random,0.190342,0.013,0.089,0.115,0.461,0.063,0.258
random,0.190334,0.067,0.186,0.398,0.112,0.096,0.141
random,0.190317,0.042,0.253,0.468,0.105,0.02,0.111
random,0.190308,0.001,0.078,0.501,0.305,0.088,0.026
random,0.190284,0.038,0.023,0.46,0.182,0.022,0.276
random,0.190224,0.009,0.409,0.436,0.133,0.011,0.001
random,0.190207,0.011,0.256,0.054,0.276,0.013,0.39
random,0.190179,0.084,0.327,0.0,0.159,0.02,0.41
random,0.190167,0.234,0.057,0.052,0.068,0.008,0.582
random,0.190162,0.146,0.418,0.017,0.012,0.055,0.353
random,0.190143,0.146,0.027,0.696,0.02,0.101,0.01
random,0.190135,0.02,0.023,0.574,0.172,0.139,0.073
random,0.190066,0.105,0.594,0.031,0.033,0.089,0.148
random,0.190029,0.22,0.079,0.442,0.001,0.214,0.044
random,0.190008,0.06,0.529,0.099,0.079,0.166,0.067
random,0.190004,0.084,0.035,0.598,0.208,0.005,0.071
random,0.189932,0.056,0.32,0.276,0.08,0.04,0.228
random,0.189865,0.041,0.3,0.277,0.096,0.046,0.239
random,0.189853,0.206,0.266,0.035,0.174,0.266,0.054
random,0.189814,0.117,0.002,0.661,0.076,0.07,0.074
random,0.189793,0.187,0.013,0.022,0.176,0.262,0.34
random,0.189782,0.051,0.312,0.199,0.106,0.07,0.261
random,0.189769,0.049,0.372,0.214,0.089,0.108,0.168
random,0.18975,0.38,0.083,0.034,0.097,0.36,0.046
random,0.18972,0.008,0.189,0.292,0.252,0.127,0.133
random,0.189718,0.043,0.005,0.432,0.164,0.12,0.236
random,0.189695,0.016,0.06,0.161,0.607,0.128,0.028
random,0.189693,0.132,0.172,0.478,0.035,0.137,0.046
random,0.189685,0.092,0.117,0.413,0.211,0.016,0.151
random,0.189663,0.004,0.22,0.277,0.282,0.003,0.215
random,0.189655,0.116,0.006,0.087,0.297,0.161,0.332
random,0.189624,0.135,0.076,0.198,0.103,0.109,0.38
random,0.189611,0.008,0.093,0.177,0.457,0.122,0.142
random,0.189575,0.061,0.583,0.198,0.004,0.004,0.151
random,0.189572,0.058,0.041,0.371,0.127,0.074,0.328
random,0.189562,0.054,0.173,0.359,0.18,0.196,0.038
random,0.189544,0.013,0.008,0.183,0.505,0.001,0.291
random,0.189527,0.004,0.307,0.406,0.2,0.047,0.036
random,0.189487,0.172,0.277,0.014,0.029,0.033,0.476
random,0.189456,0.079,0.391,0.034,0.233,0.164,0.099
random,0.189442,0.03,0.075,0.489,0.341,0.062,0.003
random,0.189402,0.165,0.154,0.145,0.089,0.108,0.339
random,0.189392,0.11,0.089,0.669,0.106,0.019,0.006
random,0.189304,0.106,0.036,0.046,0.295,0.149,0.367
random,0.189285,0.044,0.48,0.082,0.247,0.02,0.128
random,0.189281,0.056,0.102,0.464,0.153,0.009,0.215
random,0.189229,0.188,0.006,0.062,0.229,0.081,0.435
random,0.189221,0.087,0.0,0.286,0.249,0.051,0.327
random,0.189194,0.186,0.014,0.415,0.008,0.029,0.348
random,0.18919,0.164,0.063,0.551,0.014,0.139,0.069
random,0.189189,0.226,0.154,0.005,0.077,0.245,0.293
random,0.189096,0.184,0.093,0.183,0.137,0.015,0.388
random,0.189089,0.259,0.066,0.042,0.011,0.314,0.308
random,0.189049,0.133,0.242,0.37,0.005,0.238,0.012
random,0.189022,0.107,0.701,0.001,0.098,0.01,0.083
random,0.188998,0.14,0.087,0.699,0.052,0.017,0.005
random,0.188986,0.1,0.005,0.651,0.135,0.001,0.107
random,0.188955,0.008,0.103,0.012,0.449,0.081,0.346
random,0.188942,0.27,0.039,0.102,0.005,0.289,0.295
random,0.188942,0.026,0.133,0.468,0.119,0.062,0.193
random,0.18894,0.056,0.585,0.303,0.022,0.001,0.033
random,0.188915,0.052,0.349,0.036,0.19,0.003,0.369
random,0.188912,0.106,0.215,0.457,0.069,0.003,0.151
random,0.188907,0.24,0.008,0.082,0.018,0.035,0.617
random,0.188854,0.133,0.153,0.493,0.028,0.061,0.131
random,0.188799,0.052,0.008,0.539,0.194,0.055,0.151
random,0.188778,0.056,0.391,0.293,0.055,0.084,0.122
random,0.188766,0.137,0.0,0.376,0.226,0.223,0.037
random,0.188758,0.149,0.023,0.437,0.032,0.03,0.327
random,0.188745,0.239,0.169,0.01,0.022,0.279,0.28
random,0.188741,0.119,0.038,0.388,0.082,0.037,0.336
random,0.188733,0.097,0.037,0.311,0.258,0.013,0.283
random,0.188727,0.092,0.2,0.052,0.218,0.128,0.309
random,0.188672,0.025,0.008,0.621,0.219,0.013,0.114
random,0.188658,0.13,0.618,0.003,0.02,0.141,0.089
random,0.188584,0.045,0.068,0.348,0.294,0.056,0.189
random,0.188581,0.106,0.496,0.071,0.016,0.064,0.247
random,0.188565,0.075,0.572,0.093,0.051,0.149,0.062
random,0.188561,0.06,0.52,0.245,0.014,0.002,0.158
random,0.188502,0.091,0.041,0.306,0.277,0.254,0.031
random,0.188468,0.131,0.028,0.197,0.134,0.057,0.454
random,0.188464,0.043,0.095,0.422,0.141,0.097,0.202
random,0.188463,0.044,0.02,0.373,0.295,0.006,0.263
random,0.188461,0.053,0.01,0.046,0.461,0.0,0.431
random,0.18842,0.176,0.041,0.157,0.067,0.054,0.505
random,0.188332,0.126,0.063,0.294,0.1,0.025,0.391
random,0.188329,0.346,0.0,0.209,0.07,0.349,0.026
random,0.188319,0.349,0.103,0.048,0.065,0.374,0.061
random,0.188314,0.06,0.546,0.103,0.161,0.023,0.107
random,0.188274,0.041,0.205,0.027,0.225,0.023,0.479
random,0.188261,0.217,0.0,0.054,0.146,0.094,0.489
random,0.188254,0.058,0.582,0.162,0.044,0.077,0.077
random,0.188212,0.095,0.255,0.194,0.055,0.011,0.389
random,0.188182,0.086,0.008,0.334,0.223,0.261,0.089
random,0.188175,0.0,0.126,0.202,0.355,0.137,0.179
random,0.188156,0.043,0.188,0.591,0.162,0.002,0.015
random,0.188148,0.2,0.052,0.149,0.031,0.262,0.305
random,0.188133,0.113,0.509,0.023,0.029,0.202,0.124
random,0.188128,0.019,0.142,0.019,0.78,0.028,0.013
random,0.188069,0.015,0.392,0.442,0.123,0.002,0.027
random,0.188064,0.025,0.193,0.018,0.331,0.021,0.41
random,0.188045,0.015,0.056,0.567,0.18,0.078,0.103
random,0.187921,0.094,0.451,0.134,0.001,0.126,0.194
random,0.187917,0.143,0.0,0.421,0.165,0.245,0.026
random,0.187905,0.15,0.117,0.497,0.001,0.009,0.226
random,0.187899,0.095,0.168,0.385,0.06,0.088,0.205
random,0.187882,0.197,0.071,0.144,0.086,0.002,0.5
random,0.187856,0.185,0.037,0.136,0.17,0.281,0.191
random,0.187852,0.198,0.038,0.182,0.042,0.326,0.214
random,0.187844,0.144,0.013,0.485,0.043,0.108,0.207
random,0.187842,0.003,0.147,0.216,0.301,0.121,0.212
random,0.187841,0.095,0.037,0.04,0.609,0.173,0.046
random,0.18782,0.167,0.109,0.294,0.043,0.179,0.209
random,0.18778,0.109,0.019,0.351,0.082,0.075,0.364
random,0.187776,0.071,0.206,0.205,0.124,0.036,0.358
random,0.187739,0.148,0.294,0.005,0.079,0.03,0.444
random,0.187734,0.061,0.197,0.011,0.632,0.097,0.001
random,0.187706,0.072,0.351,0.438,0.006,0.0,0.133
random,0.187701,0.247,0.096,0.003,0.329,0.28,0.045
random,0.187678,0.271,0.01,0.008,0.041,0.169,0.502
random,0.187623,0.042,0.419,0.385,0.012,0.046,0.097
random,0.187579,0.145,0.249,0.024,0.118,0.072,0.392
random,0.187545,0.003,0.105,0.122,0.315,0.077,0.378
random,0.187543,0.084,0.442,0.017,0.072,0.005,0.381
random,0.187524,0.074,0.026,0.732,0.055,0.082,0.03
random,0.187474,0.107,0.262,0.46,0.023,0.027,0.122
random,0.187467,0.07,0.003,0.077,0.282,0.146,0.422
random,0.187465,0.141,0.098,0.611,0.021,0.068,0.062
random,0.187403,0.03,0.127,0.076,0.29,0.145,0.332
random,0.187395,0.191,0.004,0.342,0.012,0.155,0.297
random,0.187391,0.038,0.203,0.266,0.147,0.185,0.163
random,0.187341,0.02,0.042,0.015,0.451,0.014,0.459
random,0.187327,0.004,0.188,0.053,0.551,0.034,0.17
random,0.187321,0.091,0.279,0.238,0.07,0.146,0.176
random,0.187312,0.194,0.04,0.206,0.081,0.155,0.325
random,0.187304,0.073,0.173,0.434,0.107,0.185,0.028
random,0.187236,0.004,0.019,0.136,0.737,0.091,0.013
random,0.187154,0.041,0.009,0.716,0.175,0.026,0.033
random,0.187142,0.119,0.089,0.544,0.064,0.001,0.184
random,0.187142,0.259,0.173,0.148,0.049,0.352,0.018
random,0.187105,0.025,0.393,0.089,0.336,0.036,0.121
random,0.187049,0.052,0.011,0.304,0.334,0.07,0.23
random,0.187038,0.073,0.045,0.692,0.053,0.079,0.058
random,0.187009,0.232,0.001,0.201,0.015,0.106,0.445
random,0.187007,0.013,0.216,0.553,0.134,0.057,0.027
random,0.186961,0.203,0.143,0.039,0.0,0.05,0.565
random,0.186958,0.113,0.06,0.706,0.008,0.072,0.042
random,0.186929,0.08,0.0,0.017,0.346,0.085,0.472
random,0.186808,0.049,0.126,0.128,0.243,0.186,0.269
random,0.186799,0.02,0.191,0.014,0.246,0.037,0.492
random,0.186777,0.009,0.001,0.735,0.228,0.026,0.001
random,0.186761,0.078,0.02,0.347,0.221,0.279,0.054
random,0.186738,0.388,0.01,0.005,0.101,0.36,0.135
random,0.186689,0.174,0.154,0.036,0.026,0.277,0.333
random,0.186651,0.016,0.381,0.052,0.185,0.005,0.362
random,0.186632,0.024,0.336,0.098,0.188,0.004,0.35
random,0.186577,0.126,0.29,0.019,0.072,0.12,0.372
random,0.186491,0.131,0.468,0.003,0.139,0.201,0.058
random,0.186491,0.044,0.338,0.038,0.364,0.102,0.114
random,0.186429,0.129,0.003,0.83,0.014,0.012,0.012
random,0.186384,0.105,0.042,0.27,0.234,0.028,0.323
random,0.186368,0.144,0.191,0.421,0.006,0.165,0.072
random,0.186347,0.334,0.004,0.039,0.125,0.344,0.155
random,0.186334,0.149,0.004,0.511,0.013,0.045,0.278
random,0.186323,0.198,0.121,0.113,0.117,0.065,0.386
random,0.186279,0.146,0.166,0.02,0.188,0.005,0.476
random,0.186273,0.111,0.684,0.007,0.123,0.031,0.044
random,0.186255,0.079,0.126,0.483,0.079,0.001,0.233
random,0.186226,0.001,0.206,0.168,0.33,0.118,0.176
random,0.186197,0.128,0.167,0.288,0.071,0.149,0.198
random,0.186196,0.009,0.004,0.689,0.231,0.028,0.039
random,0.186188,0.05,0.236,0.175,0.11,0.112,0.318
random,0.186172,0.045,0.214,0.423,0.067,0.016,0.236
random,0.186165,0.005,0.084,0.398,0.366,0.099,0.049
random,0.186163,0.186,0.003,0.294,0.044,0.377,0.096
random,0.186153,0.005,0.051,0.063,0.327,0.054,0.5
random,0.186145,0.167,0.093,0.097,0.36,0.268,0.015
random,0.186069,0.13,0.013,0.615,0.042,0.145,0.054
random,0.186057,0.209,0.089,0.12,0.016,0.264,0.302
random,0.185997,0.369,0.079,0.127,0.018,0.365,0.042
random,0.185972,0.09,0.399,0.189,0.0,0.1,0.221
random,0.185962,0.22,0.005,0.091,0.17,0.286,0.228
random,0.185877,0.055,0.245,0.49,0.089,0.056,0.064
random,0.185874,0.137,0.515,0.011,0.039,0.22,0.078
random,0.185825,0.042,0.026,0.461,0.222,0.245,0.004
random,0.185823,0.394,0.024,0.078,0.054,0.344,0.106
random,0.185812,0.012,0.139,0.604,0.213,0.015,0.017
random,0.185804,0.005,0.326,0.077,0.219,0.036,0.337
random,0.185781,0.079,0.022,0.46,0.069,0.097,0.273
random,0.185699,0.358,0.012,0.135,0.062,0.418,0.015
random,0.185681,0.037,0.376,0.249,0.108,0.006,0.224
random,0.185669,0.093,0.03,0.474,0.046,0.001,0.356
random,0.185652,0.106,0.086,0.775,0.013,0.002,0.019
random,0.18564,0.221,0.008,0.05,0.049,0.271,0.402
random,0.185637,0.101,0.231,0.252,0.027,0.012,0.376
random,0.185634,0.032,0.136,0.031,0.25,0.104,0.448
random,0.18563,0.003,0.021,0.428,0.304,0.025,0.219
random,0.185626,0.141,0.246,0.041,0.038,0.005,0.529
random,0.185591,0.042,0.277,0.02,0.19,0.126,0.345
random,0.185556,0.004,0.542,0.337,0.019,0.003,0.094
random,0.185541,0.563,0.009,0.01,0.002,0.387,0.029
random,0.185537,0.018,0.383,0.027,0.496,0.001,0.074
random,0.185491,0.092,0.251,0.531,0.037,0.008,0.081
random,0.185467,0.071,0.031,0.471,0.063,0.025,0.339
random,0.185457,0.117,0.012,0.699,0.005,0.082,0.085
random,0.185451,0.166,0.069,0.167,0.041,0.028,0.529
random,0.185386,0.073,0.055,0.178,0.266,0.084,0.345
random,0.185381,0.004,0.033,0.552,0.209,0.018,0.184
random,0.18538,0.06,0.316,0.014,0.548,0.052,0.01
random,0.185377,0.053,0.478,0.059,0.343,0.052,0.014
random,0.185352,0.049,0.536,0.049,0.053,0.116,0.198
random,0.185349,0.235,0.054,0.1,0.0,0.296,0.314
random,0.185346,0.12,0.0,0.618,0.067,0.024,0.17
random,0.185288,0.058,0.007,0.408,0.174,0.228,0.124
random,0.185277,0.041,0.394,0.163,0.1,0.107,0.195
random,0.185264,0.056,0.055,0.367,0.079,0.047,0.395
random,0.185238,0.029,0.063,0.386,0.251,0.191,0.081
random,0.185208,0.004,0.364,0.097,0.458,0.005,0.073
random,0.185205,0.058,0.07,0.004,0.286,0.129,0.453
random,0.185175,0.061,0.054,0.388,0.171,0.031,0.295
random,0.18517,0.054,0.164,0.195,0.194,0.103,0.29
random,0.185106,0.12,0.389,0.021,0.068,0.034,0.368
random,0.185087,0.018,0.203,0.223,0.14,0.077,0.339
random,0.185072,0.053,0.316,0.531,0.057,0.001,0.04
random,0.185063,0.003,0.018,0.438,0.331,0.106,0.105
random,0.185056,0.009,0.019,0.713,0.187,0.071,0.002
random,0.185044,0.15,0.23,0.118,0.068,0.001,0.434
random,0.185021,0.19,0.068,0.143,0.115,0.065,0.419
random,0.184977,0.039,0.07,0.239,0.434,0.19,0.028
random,0.184953,0.003,0.041,0.66,0.219,0.072,0.005
random,0.184932,0.1,0.228,0.295,0.025,0.205,0.147
random,0.184915,0.17,0.21,0.181,0.012,0.153,0.273
random,0.184889,0.035,0.01,0.637,0.129,0.113,0.075
random,0.184883,0.361,0.0,0.033,0.095,0.34,0.171
random,0.184876,0.091,0.06,0.757,0.017,0.0,0.076
random,0.184871,0.018,0.016,0.014,0.899,0.044,0.009
random,0.184859,0.158,0.162,0.234,0.007,0.259,0.18
random,0.184832,0.269,0.104,0.066,0.042,0.34,0.18
random,0.184819,0.21,0.004,0.059,0.048,0.078,0.6
random,0.18477,0.034,0.095,0.008,0.425,0.03,0.407
random,0.184738,0.225,0.072,0.122,0.0,0.344,0.237
random,0.184737,0.105,0.02,0.4,0.132,0.199,0.143
random,0.184737,0.158,0.002,0.48,0.036,0.062,0.263
random,0.184727,0.103,0.153,0.377,0.051,0.011,0.306
random,0.184721,0.032,0.455,0.389,0.009,0.007,0.107
random,0.184696,0.079,0.004,0.188,0.299,0.04,0.39
random,0.18469,0.095,0.183,0.485,0.005,0.005,0.227
random,0.184675,0.254,0.194,0.053,0.027,0.313,0.159
random,0.184596,0.011,0.421,0.106,0.192,0.028,0.242
random,0.184593,0.069,0.028,0.377,0.078,0.034,0.414
random,0.18458,0.336,0.07,0.095,0.09,0.31,0.1
random,0.184533,0.138,0.249,0.008,0.025,0.0,0.58
random,0.184483,0.117,0.277,0.024,0.059,0.191,0.331
random,0.184483,0.195,0.068,0.0,0.128,0.123,0.487
random,0.184481,0.272,0.258,0.022,0.083,0.312,0.054
random,0.184478,0.337,0.018,0.038,0.03,0.345,0.232
random,0.184476,0.08,0.303,0.217,0.009,0.142,0.25
random,0.184318,0.08,0.062,0.352,0.087,0.039,0.379
random,0.184262,0.106,0.014,0.221,0.205,0.21,0.245
random,0.184254,0.195,0.023,0.209,0.143,0.333,0.097
random,0.184214,0.087,0.003,0.49,0.087,0.051,0.282
random,0.184206,0.036,0.01,0.427,0.134,0.066,0.327
random,0.184195,0.228,0.007,0.099,0.004,0.314,0.348
random,0.184178,0.011,0.039,0.346,0.369,0.005,0.231
random,0.184119,0.006,0.159,0.221,0.254,0.016,0.344
random,0.184078,0.028,0.037,0.445,0.118,0.035,0.337
random,0.184049,0.185,0.151,0.079,0.142,0.01,0.433
random,0.184019,0.009,0.384,0.34,0.111,0.01,0.146
random,0.184012,0.043,0.314,0.262,0.06,0.152,0.169
random,0.183866,0.09,0.008,0.642,0.084,0.142,0.034
random,0.183849,0.135,0.004,0.382,0.002,0.069,0.408
random,0.183784,0.139,0.169,0.183,0.073,0.149,0.287
random,0.183765,0.188,0.134,0.115,0.115,0.067,0.382
random,0.183709,0.123,0.001,0.383,0.088,0.156,0.249
random,0.183703,0.048,0.387,0.475,0.012,0.07,0.008
random,0.183701,0.036,0.559,0.205,0.075,0.004,0.122
random,0.183687,0.041,0.01,0.535,0.172,0.228,0.014
random,0.183658,0.104,0.12,0.135,0.086,0.034,0.521
random,0.183646,0.245,0.0,0.135,0.0,0.217,0.402
random,0.183594,0.002,0.352,0.388,0.09,0.117,0.051
random,0.183563,0.058,0.438,0.282,0.012,0.115,0.095
random,0.183517,0.031,0.269,0.38,0.097,0.164,0.059
random,0.183497,0.213,0.032,0.252,0.004,0.219,0.28
random,0.183497,0.115,0.302,0.038,0.066,0.167,0.313
random,0.183495,0.019,0.339,0.363,0.076,0.086,0.116
random,0.183458,0.005,0.087,0.438,0.23,0.048,0.194
random,0.183451,0.138,0.224,0.161,0.054,0.128,0.295
random,0.183439,0.282,0.188,0.039,0.172,0.32,0.0
random,0.183421,0.06,0.196,0.337,0.07,0.008,0.33
random,0.183407,0.039,0.587,0.326,0.031,0.013,0.006
random,0.183398,0.085,0.224,0.042,0.288,0.202,0.159
random,0.183395,0.094,0.018,0.304,0.068,0.072,0.445
random,0.183391,0.124,0.083,0.072,0.188,0.118,0.414
random,0.183385,0.394,0.073,0.07,0.015,0.424,0.024
random,0.183377,0.378,0.0,0.102,0.0,0.399,0.12
random,0.183287,0.086,0.51,0.058,0.22,0.123,0.003
random,0.183273,0.203,0.083,0.066,0.164,0.003,0.482
random,0.183262,0.11,0.766,0.043,0.037,0.02,0.025
random,0.183248,0.083,0.017,0.252,0.156,0.215,0.276
random,0.183247,0.114,0.152,0.046,0.209,0.228,0.25
random,0.183243,0.328,0.039,0.118,0.035,0.387,0.093
random,0.183218,0.013,0.389,0.433,0.084,0.013,0.069
random,0.183131,0.101,0.013,0.43,0.082,0.117,0.257
random,0.183088,0.197,0.079,0.061,0.038,0.241,0.384
random,0.183044,0.027,0.38,0.106,0.338,0.088,0.062
random,0.183024,0.001,0.392,0.331,0.103,0.107,0.066
random,0.183009,0.036,0.233,0.526,0.079,0.101,0.025
random,0.18299,0.006,0.313,0.531,0.13,0.012,0.008
random,0.182935,0.045,0.064,0.733,0.009,0.075,0.074
random,0.182885,0.108,0.064,0.136,0.123,0.039,0.529
random,0.182874,0.122,0.033,0.221,0.052,0.084,0.488
random,0.182868,0.06,0.613,0.144,0.03,0.029,0.124
random,0.182859,0.001,0.17,0.428,0.301,0.05,0.051
random,0.182842,0.055,0.598,0.147,0.069,0.13,0.001
random,0.182789,0.086,0.431,0.084,0.074,0.006,0.318
random,0.182647,0.17,0.146,0.046,0.001,0.015,0.622
random,0.182639,0.056,0.565,0.011,0.198,0.0,0.17
random,0.182629,0.028,0.261,0.024,0.166,0.107,0.414
random,0.182627,0.098,0.824,0.063,0.007,0.005,0.003
random,0.182615,0.144,0.152,0.224,0.023,0.095,0.363
random,0.182615,0.105,0.144,0.206,0.078,0.04,0.427
random,0.18261,0.026,0.109,0.135,0.257,0.092,0.381
random,0.18256,0.024,0.0,0.52,0.13,0.064,0.262
random,0.182496,0.009,0.54,0.358,0.022,0.052,0.019
random,0.182468,0.003,0.205,0.14,0.236,0.139,0.278
random,0.182466,0.089,0.746,0.088,0.045,0.015,0.017
random,0.18243,0.038,0.456,0.042,0.247,0.007,0.21
random,0.182411,0.063,0.029,0.255,0.217,0.001,0.435
random,0.182292,0.021,0.252,0.067,0.609,0.023,0.027
random,0.18229,0.014,0.024,0.441,0.304,0.161,0.055
random,0.182263,0.138,0.009,0.343,0.037,0.124,0.349
random,0.182229,0.192,0.576,0.0,0.005,0.22,0.007
random,0.182181,0.047,0.109,0.363,0.1,0.035,0.345
random,0.182104,0.152,0.033,0.152,0.055,0.278,0.329
random,0.182081,0.117,0.039,0.37,0.16,0.3,0.015
random,0.182026,0.037,0.061,0.09,0.577,0.148,0.087
random,0.182026,0.048,0.266,0.129,0.178,0.003,0.375
random,0.182013,0.09,0.217,0.523,0.005,0.062,0.103
random,0.181857,0.008,0.246,0.59,0.081,0.048,0.028
random,0.181719,0.012,0.046,0.898,0.001,0.002,0.04
random,0.181715,0.17,0.287,0.034,0.221,0.255,0.033
random,0.181709,0.083,0.024,0.757,0.006,0.091,0.038
random,0.18168,0.013,0.281,0.202,0.1,0.119,0.284
random,0.181661,0.033,0.328,0.154,0.335,0.132,0.019
random,0.181652,0.075,0.299,0.109,0.121,0.004,0.392
random,0.1816,0.043,0.212,0.267,0.066,0.051,0.36
random,0.18155,0.125,0.237,0.427,0.003,0.139,0.069
random,0.181543,0.078,0.175,0.558,0.007,0.169,0.013
random,0.181536,0.178,0.003,0.101,0.174,0.019,0.524
random,0.181528,0.128,0.07,0.193,0.055,0.092,0.462
random,0.18148,0.179,0.027,0.076,0.111,0.025,0.583
random,0.181479,0.055,0.018,0.044,0.279,0.064,0.54
random,0.181423,0.214,0.132,0.013,0.002,0.129,0.511
random,0.181407,0.076,0.005,0.507,0.03,0.028,0.354
random,0.181385,0.072,0.015,0.477,0.055,0.003,0.378
random,0.181366,0.175,0.025,0.252,0.011,0.112,0.425
random,0.181329,0.186,0.23,0.029,0.234,0.257,0.064
random,0.181255,0.072,0.061,0.181,0.269,0.001,0.416
random,0.181214,0.032,0.36,0.236,0.062,0.175,0.135
random,0.181154,0.112,0.247,0.07,0.01,0.111,0.451
random,0.181144,0.172,0.26,0.07,0.042,0.281,0.175
random,0.181117,0.045,0.183,0.197,0.114,0.131,0.33
random,0.181116,0.02,0.041,0.614,0.022,0.06,0.242
random,0.181106,0.015,0.171,0.563,0.098,0.102,0.051
random,0.181093,0.011,0.015,0.837,0.091,0.004,0.041
random,0.181074,0.058,0.128,0.024,0.66,0.123,0.007
random,0.181052,0.088,0.065,0.623,0.021,0.003,0.2
random,0.181035,0.019,0.325,0.509,0.021,0.116,0.009
random,0.181014,0.073,0.027,0.541,0.03,0.046,0.283
random,0.180948,0.163,0.136,0.04,0.046,0.008,0.606
random,0.180943,0.158,0.008,0.425,0.045,0.326,0.037
random,0.18094,0.096,0.004,0.825,0.031,0.04,0.003
random,0.180932,0.308,0.003,0.047,0.031,0.379,0.232
random,0.180929,0.025,0.454,0.113,0.255,0.007,0.146
random,0.180904,0.162,0.069,0.193,0.03,0.249,0.298
random,0.180894,0.062,0.091,0.258,0.185,0.01,0.393
random,0.180891,0.063,0.268,0.086,0.411,0.158,0.014
random,0.180877,0.063,0.16,0.007,0.345,0.158,0.268
random,0.180831,0.09,0.285,0.044,0.073,0.038,0.47
random,0.180809,0.263,0.007,0.191,0.026,0.408,0.105
random,0.180793,0.043,0.389,0.162,0.035,0.082,0.288
random,0.180784,0.146,0.211,0.051,0.08,0.071,0.441
random,0.180784,0.099,0.27,0.392,0.009,0.089,0.141
random,0.180765,0.012,0.468,0.262,0.166,0.018,0.074
random,0.180737,0.039,0.008,0.18,0.143,0.107,0.523
random,0.180727,0.002,0.002,0.869,0.106,0.009,0.012
random,0.18072,0.068,0.267,0.606,0.0,0.042,0.016
random,0.180686,0.058,0.375,0.006,0.068,0.14,0.353
random,0.180668,0.101,0.041,0.054,0.206,0.088,0.51
random,0.180664,0.06,0.291,0.398,0.035,0.094,0.121
random,0.180591,0.409,0.099,0.003,0.083,0.399,0.007
random,0.180554,0.159,0.016,0.078,0.074,0.13,0.542
random,0.180547,0.184,0.362,0.049,0.139,0.261,0.005
random,0.18051,0.111,0.178,0.379,0.002,0.16,0.171
random,0.180478,0.036,0.478,0.079,0.126,0.108,0.173
random,0.180397,0.099,0.219,0.434,0.02,0.026,0.202
random,0.180326,0.039,0.021,0.242,0.14,0.145,0.412
random,0.180303,0.06,0.052,0.34,0.226,0.22,0.102
random,0.180283,0.025,0.366,0.163,0.202,0.089,0.155
random,0.180244,0.105,0.023,0.263,0.25,0.212,0.147
random,0.180211,0.201,0.066,0.149,0.021,0.115,0.448
random,0.180205,0.042,0.026,0.546,0.038,0.075,0.273
random,0.180192,0.091,0.182,0.478,0.027,0.115,0.108
random,0.180185,0.135,0.003,0.167,0.159,0.017,0.52
random,0.180176,0.002,0.144,0.065,0.28,0.151,0.357
random,0.180167,0.023,0.365,0.349,0.01,0.041,0.211
random,0.180086,0.027,0.093,0.559,0.002,0.03,0.289
random,0.180083,0.05,0.096,0.603,0.014,0.092,0.144
random,0.180045,0.062,0.692,0.044,0.076,0.001,0.125
random,0.17996,0.128,0.001,0.106,0.137,0.057,0.57
random,0.179911,0.155,0.277,0.001,0.057,0.25,0.26
random,0.179864,0.099,0.026,0.288,0.001,0.003,0.582
random,0.179853,0.037,0.115,0.749,0.078,0.019,0.003
random,0.179851,0.207,0.023,0.239,0.009,0.179,0.343
random,0.17985,0.068,0.093,0.064,0.578,0.165,0.032
random,0.179828,0.113,0.065,0.191,0.182,0.014,0.434
random,0.179822,0.003,0.176,0.026,0.21,0.107,0.48
random,0.179817,0.24,0.227,0.012,0.193,0.296,0.032
random,0.179751,0.041,0.449,0.07,0.182,0.098,0.16
random,0.179742,0.039,0.022,0.774,0.019,0.078,0.068
random,0.179699,0.122,0.183,0.11,0.109,0.016,0.46
random,0.17967,0.094,0.25,0.023,0.408,0.176,0.049
random,0.179635,0.007,0.0,0.515,0.199,0.069,0.21
random,0.179628,0.02,0.384,0.065,0.223,0.007,0.3
random,0.179575,0.068,0.028,0.715,0.009,0.071,0.109
random,0.17956,0.017,0.054,0.782,0.083,0.002,0.062
random,0.179547,0.211,0.004,0.086,0.037,0.131,0.531
random,0.17952,0.043,0.043,0.358,0.114,0.003,0.438
random,0.179489,0.07,0.005,0.857,0.037,0.029,0.002
random,0.179476,0.079,0.465,0.023,0.016,0.14,0.278
random,0.179408,0.062,0.049,0.53,0.109,0.235,0.016
random,0.179392,0.194,0.033,0.043,0.071,0.275,0.384
random,0.17935,0.029,0.069,0.203,0.25,0.171,0.278
random,0.17934,0.021,0.045,0.72,0.069,0.022,0.123
random,0.179328,0.129,0.246,0.012,0.086,0.077,0.449
random,0.179325,0.162,0.007,0.153,0.003,0.019,0.656
random,0.179311,0.134,0.204,0.173,0.001,0.181,0.307
random,0.179286,0.055,0.289,0.373,0.037,0.134,0.112
random,0.179285,0.052,0.503,0.171,0.003,0.206,0.065
random,0.179251,0.068,0.251,0.076,0.045,0.048,0.513
random,0.179246,0.169,0.118,0.352,0.007,0.19,0.164
random,0.179244,0.379,0.023,0.021,0.075,0.402,0.099
random,0.179207,0.003,0.088,0.088,0.518,0.119,0.183
random,0.179153,0.074,0.017,0.115,0.52,0.19,0.085
random,0.179151,0.001,0.026,0.36,0.295,0.03,0.287
random,0.179094,0.038,0.065,0.618,0.007,0.109,0.163
random,0.179065,0.205,0.0,0.063,0.145,0.308,0.279
random,0.17905,0.013,0.321,0.149,0.162,0.038,0.317
random,0.179049,0.009,0.032,0.245,0.34,0.035,0.339
random,0.179039,0.014,0.367,0.083,0.155,0.01,0.372
random,0.179032,0.119,0.209,0.004,0.074,0.089,0.506
random,0.178989,0.099,0.13,0.081,0.094,0.019,0.578
random,0.178952,0.011,0.419,0.045,0.337,0.016,0.174
random,0.178949,0.27,0.053,0.03,0.077,0.359,0.212
random,0.178945,0.023,0.167,0.031,0.628,0.074,0.077
random,0.178941,0.008,0.015,0.47,0.236,0.153,0.118
random,0.178907,0.085,0.263,0.204,0.087,0.229,0.131
random,0.178897,0.019,0.291,0.208,0.079,0.139,0.263
random,0.178842,0.041,0.138,0.489,0.006,0.064,0.263
random,0.178824,0.024,0.063,0.35,0.148,0.147,0.268
random,0.178773,0.163,0.078,0.075,0.09,0.002,0.592
random,0.17876,0.127,0.051,0.281,0.06,0.181,0.301
random,0.178674,0.096,0.04,0.478,0.001,0.126,0.259
random,0.178665,0.017,0.001,0.743,0.041,0.081,0.117
random,0.178622,0.044,0.476,0.194,0.002,0.001,0.282
random,0.178604,0.084,0.34,0.107,0.057,0.184,0.228
random,0.178602,0.08,0.146,0.605,0.015,0.062,0.092
random,0.178585,0.007,0.414,0.137,0.318,0.006,0.119
random,0.178549,0.026,0.027,0.818,0.093,0.034,0.001
random,0.178536,0.091,0.361,0.103,0.213,0.213,0.019
random,0.178534,0.195,0.009,0.026,0.374,0.273,0.124
random,0.178519,0.056,0.078,0.334,0.025,0.023,0.483
random,0.178511,0.065,0.008,0.074,0.573,0.19,0.09
random,0.178492,0.126,0.346,0.131,0.076,0.268,0.054
random,0.178487,0.12,0.023,0.283,0.124,0.314,0.135
random,0.178471,0.105,0.273,0.029,0.079,0.172,0.342
random,0.178447,0.04,0.155,0.381,0.024,0.071,0.329
random,0.178411,0.035,0.373,0.22,0.039,0.117,0.217
random,0.17841,0.05,0.041,0.15,0.194,0.183,0.382
random,0.178409,0.013,0.371,0.553,0.046,0.009,0.009
random,0.178359,0.017,0.017,0.42,0.21,0.098,0.238
random,0.178329,0.005,0.01,0.325,0.382,0.006,0.272
random,0.178319,0.098,0.094,0.068,0.167,0.083,0.49
random,0.178312,0.04,0.109,0.42,0.128,0.198,0.105
random,0.178298,0.086,0.022,0.016,0.105,0.11,0.661
random,0.178291,0.059,0.5,0.112,0.051,0.064,0.214
random,0.178234,0.057,0.152,0.049,0.226,0.201,0.317
random,0.178186,0.189,0.01,0.348,0.002,0.365,0.087
random,0.178107,0.05,0.015,0.114,0.531,0.187,0.102
random,0.178076,0.053,0.223,0.056,0.105,0.035,0.528
random,0.17807,0.057,0.116,0.195,0.118,0.024,0.489
random,0.178063,0.0,0.053,0.344,0.255,0.005,0.343
random,0.17805,0.046,0.005,0.39,0.047,0.042,0.469
random,0.178043,0.045,0.614,0.067,0.175,0.003,0.096
random,0.177979,0.361,0.008,0.104,0.016,0.408,0.103
random,0.177976,0.11,0.011,0.333,0.129,0.317,0.098
random,0.177965,0.104,0.066,0.02,0.117,0.089,0.604
random,0.177965,0.023,0.003,0.154,0.312,0.096,0.411
random,0.177929,0.053,0.131,0.011,0.158,0.149,0.498
random,0.177927,0.002,0.395,0.471,0.036,0.096,0.001
random,0.177883,0.059,0.386,0.046,0.055,0.145,0.309
random,0.177822,0.193,0.059,0.196,0.001,0.238,0.312
random,0.177769,0.017,0.48,0.203,0.145,0.095,0.059
random,0.177764,0.113,0.005,0.182,0.16,0.281,0.258
random,0.177759,0.06,0.001,0.02,0.596,0.17,0.154
random,0.177711,0.154,0.016,0.001,0.07,0.057,0.702
random,0.177707,0.212,0.019,0.197,0.027,0.185,0.36
random,0.177682,0.061,0.381,0.095,0.075,0.132,0.256
random,0.177623,0.179,0.269,0.022,0.116,0.255,0.159
random,0.177622,0.015,0.162,0.111,0.175,0.027,0.51
random,0.177591,0.09,0.016,0.52,0.003,0.064,0.306
random,0.17758,0.067,0.488,0.028,0.154,0.145,0.117
random,0.177567,0.084,0.008,0.768,0.017,0.05,0.072
random,0.177475,0.047,0.209,0.115,0.209,0.189,0.231
random,0.177474,0.065,0.391,0.038,0.074,0.028,0.404
random,0.177433,0.296,0.044,0.005,0.248,0.332,0.076
random,0.177433,0.133,0.104,0.079,0.072,0.013,0.599
random,0.177425,0.116,0.005,0.098,0.208,0.005,0.568
random,0.177382,0.09,0.071,0.198,0.115,0.258,0.268
random,0.177378,0.008,0.336,0.195,0.256,0.128,0.077
random,0.177374,0.032,0.121,0.203,0.153,0.189,0.303
random,0.177334,0.134,0.441,0.035,0.139,0.223,0.028
random,0.1773,0.068,0.127,0.295,0.043,0.036,0.432
random,0.177258,0.1,0.212,0.121,0.06,0.211,0.296
random,0.177246,0.061,0.001,0.208,0.498,0.211,0.021
random,0.177244,0.1,0.095,0.445,0.087,0.27,0.002
random,0.177213,0.154,0.122,0.109,0.031,0.161,0.423
random,0.177199,0.104,0.083,0.032,0.154,0.02,0.608
random,0.177117,0.009,0.299,0.625,0.032,0.03,0.005
random,0.177094,0.074,0.002,0.14,0.205,0.238,0.34
random,0.177007,0.026,0.003,0.411,0.227,0.239,0.093
random,0.177004,0.007,0.047,0.348,0.278,0.112,0.209
random,0.176999,0.044,0.278,0.613,0.05,0.002,0.012
random,0.176983,0.096,0.095,0.037,0.16,0.073,0.539
random,0.176941,0.001,0.002,0.405,0.232,0.023,0.338
random,0.176933,0.045,0.622,0.095,0.197,0.02,0.022
random,0.176911,0.059,0.01,0.776,0.042,0.083,0.03
random,0.176886,0.091,0.212,0.401,0.018,0.052,0.224
random,0.176871,0.016,0.062,0.767,0.058,0.059,0.039
random,0.176823,0.143,0.063,0.037,0.108,0.001,0.649
random,0.176817,0.009,0.048,0.303,0.201,0.199,0.24
random,0.176812,0.101,0.05,0.064,0.168,0.164,0.453
random,0.176758,0.001,0.159,0.471,0.193,0.037,0.139
random,0.176715,0.027,0.008,0.308,0.173,0.164,0.319
random,0.176707,0.052,0.149,0.139,0.129,0.039,0.491
random,0.176694,0.064,0.132,0.543,0.027,0.065,0.169
random,0.176674,0.124,0.109,0.424,0.009,0.334,0.001
random,0.176648,0.074,0.427,0.058,0.001,0.165,0.274
random,0.176595,0.138,0.178,0.065,0.147,0.264,0.208
random,0.176568,0.075,0.369,0.01,0.021,0.06,0.466
random,0.176527,0.01,0.16,0.251,0.156,0.027,0.397
random,0.176518,0.033,0.014,0.327,0.223,0.01,0.394
random,0.176476,0.013,0.043,0.803,0.03,0.051,0.06
random,0.176469,0.004,0.487,0.143,0.263,0.007,0.094
random,0.176463,0.073,0.026,0.363,0.235,0.298,0.006
random,0.176405,0.035,0.271,0.433,0.031,0.184,0.046
random,0.176389,0.082,0.217,0.298,0.04,0.249,0.114
random,0.176377,0.038,0.05,0.83,0.019,0.021,0.042
random,0.176372,0.158,0.243,0.007,0.003,0.105,0.485
random,0.176316,0.051,0.003,0.121,0.201,0.154,0.469
random,0.176264,0.044,0.103,0.266,0.093,0.055,0.439
random,0.176203,0.024,0.352,0.413,0.021,0.152,0.038
random,0.176181,0.135,0.286,0.09,0.012,0.143,0.334
random,0.176169,0.066,0.022,0.117,0.173,0.027,0.595
random,0.176155,0.099,0.07,0.096,0.008,0.022,0.706
random,0.176116,0.071,0.068,0.013,0.265,0.001,0.582
random,0.176089,0.021,0.121,0.646,0.068,0.006,0.139
random,0.176082,0.092,0.062,0.354,0.003,0.161,0.328
random,0.176064,0.052,0.002,0.06,0.203,0.145,0.538
random,0.176041,0.189,0.082,0.076,0.002,0.257,0.395
random,0.176,0.08,0.062,0.193,0.268,0.245,0.152
random,0.175979,0.079,0.38,0.026,0.025,0.119,0.371
random,0.175958,0.116,0.07,0.035,0.046,0.031,0.701
random,0.175936,0.007,0.1,0.34,0.156,0.077,0.32
random,0.175927,0.112,0.017,0.179,0.388,0.252,0.052
random,0.175861,0.153,0.038,0.426,0.022,0.231,0.129
random,0.175855,0.019,0.068,0.576,0.105,0.227,0.005
random,0.175847,0.025,0.014,0.246,0.283,0.19,0.243
random,0.175828,0.142,0.293,0.093,0.202,0.27,0.0
random,0.175817,0.064,0.235,0.18,0.04,0.117,0.363
random,0.175813,0.032,0.097,0.109,0.234,0.085,0.442
random,0.175788,0.063,0.234,0.509,0.031,0.081,0.082
random,0.175771,0.108,0.476,0.0,0.137,0.191,0.088
random,0.175763,0.002,0.094,0.011,0.828,0.035,0.03
random,0.175732,0.07,0.705,0.016,0.031,0.013,0.165
random,0.175701,0.196,0.077,0.006,0.098,0.093,0.529
random,0.175655,0.061,0.002,0.231,0.001,0.002,0.704
random,0.175646,0.0,0.26,0.516,0.125,0.023,0.076
random,0.175497,0.094,0.196,0.379,0.003,0.271,0.058
random,0.175497,0.004,0.375,0.159,0.252,0.046,0.164
random,0.175456,0.001,0.068,0.308,0.172,0.087,0.364
random,0.175454,0.058,0.006,0.205,0.177,0.221,0.334
random,0.175433,0.04,0.598,0.097,0.082,0.107,0.076
random,0.175401,0.02,0.293,0.143,0.073,0.076,0.395
random,0.175381,0.064,0.308,0.065,0.073,0.099,0.391
random,0.175379,0.467,0.007,0.029,0.018,0.385,0.094
random,0.175366,0.072,0.714,0.022,0.009,0.001,0.182
random,0.175336,0.034,0.212,0.358,0.091,0.208,0.097
random,0.175331,0.042,0.261,0.042,0.126,0.016,0.512
random,0.175305,0.034,0.0,0.357,0.039,0.001,0.569
random,0.175252,0.023,0.446,0.05,0.184,0.057,0.24
random,0.175229,0.014,0.017,0.182,0.337,0.007,0.443
random,0.175221,0.011,0.038,0.894,0.027,0.001,0.029
random,0.175174,0.026,0.467,0.203,0.089,0.183,0.032
random,0.175126,0.0,0.142,0.38,0.15,0.016,0.311
random,0.175118,0.081,0.402,0.018,0.067,0.006,0.426
random,0.175116,0.134,0.006,0.01,0.144,0.132,0.574
random,0.175077,0.006,0.475,0.113,0.211,0.005,0.189
random,0.175068,0.101,0.198,0.425,0.012,0.032,0.231
random,0.175043,0.071,0.37,0.186,0.131,0.223,0.02
random,0.17503,0.007,0.01,0.141,0.357,0.002,0.484
random,0.175028,0.143,0.098,0.019,0.036,0.001,0.703
random,0.175006,0.024,0.141,0.442,0.022,0.127,0.245
random,0.175005,0.042,0.338,0.044,0.38,0.124,0.072
random,0.174986,0.071,0.048,0.26,0.03,0.025,0.566
random,0.174983,0.036,0.21,0.005,0.528,0.112,0.109
random,0.174965,0.098,0.018,0.039,0.162,0.167,0.516
random,0.17496,0.014,0.635,0.22,0.036,0.084,0.011
random,0.17495,0.388,0.037,0.005,0.165,0.387,0.018
random,0.174912,0.023,0.042,0.137,0.244,0.071,0.484
random,0.174902,0.068,0.192,0.238,0.064,0.223,0.215
random,0.17481,0.034,0.314,0.084,0.184,0.146,0.238
random,0.17476,0.035,0.019,0.039,0.285,0.087,0.534
random,0.174742,0.086,0.049,0.318,0.077,0.231,0.24
random,0.174724,0.032,0.095,0.416,0.0,0.023,0.434
random,0.174712,0.031,0.09,0.015,0.408,0.153,0.305
random,0.174667,0.068,0.071,0.459,0.042,0.148,0.213
random,0.174641,0.138,0.03,0.026,0.19,0.036,0.581
random,0.174612,0.171,0.048,0.213,0.122,0.343,0.104
random,0.174605,0.179,0.059,0.154,0.001,0.329,0.277
random,0.17459,0.067,0.029,0.507,0.103,0.281,0.013
random,0.174554,0.051,0.261,0.281,0.01,0.16,0.237
random,0.17455,0.065,0.007,0.018,0.153,0.12,0.637
random,0.174545,0.039,0.052,0.253,0.163,0.005,0.488
random,0.174535,0.022,0.073,0.071,0.264,0.022,0.548
random,0.17453,0.011,0.076,0.543,0.019,0.084,0.268
random,0.17451,0.138,0.04,0.006,0.146,0.04,0.63
random,0.174488,0.008,0.39,0.201,0.27,0.107,0.025
random,0.174415,0.017,0.035,0.005,0.742,0.08,0.121
random,0.174404,0.06,0.07,0.07,0.146,0.037,0.617
random,0.174358,0.106,0.01,0.113,0.537,0.23,0.005
random,0.174339,0.037,0.191,0.027,0.12,0.092,0.533
random,0.174327,0.052,0.053,0.088,0.235,0.059,0.513
random,0.174257,0.139,0.091,0.243,0.004,0.134,0.39
random,0.174186,0.1,0.408,0.018,0.022,0.034,0.419
random,0.174137,0.186,0.068,0.274,0.087,0.361,0.024
random,0.174098,0.019,0.071,0.158,0.264,0.043,0.446
random,0.174094,0.001,0.332,0.011,0.16,0.038,0.459
random,0.174075,0.05,0.085,0.285,0.075,0.004,0.501
random,0.17407,0.012,0.011,0.326,0.258,0.237,0.157
random,0.174066,0.024,0.155,0.773,0.032,0.014,0.001
random,0.17405,0.044,0.075,0.052,0.15,0.036,0.643
random,0.174032,0.054,0.296,0.087,0.169,0.186,0.207
random,0.173989,0.004,0.404,0.098,0.28,0.047,0.168
random,0.173872,0.072,0.177,0.136,0.064,0.11,0.442
random,0.17387,0.025,0.478,0.165,0.071,0.178,0.082
random,0.17387,0.082,0.06,0.562,0.066,0.215,0.016
random,0.173851,0.002,0.096,0.508,0.14,0.111,0.144
random,0.17384,0.002,0.408,0.44,0.073,0.028,0.049
random,0.173791,0.056,0.25,0.261,0.039,0.004,0.39
random,0.173787,0.001,0.033,0.082,0.814,0.061,0.009
random,0.173733,0.01,0.228,0.108,0.57,0.08,0.004
random,0.173731,0.035,0.362,0.066,0.12,0.009,0.408
random,0.173726,0.239,0.341,0.082,0.002,0.327,0.01
random,0.173714,0.022,0.007,0.131,0.251,0.189,0.4
random,0.17369,0.1,0.008,0.457,0.066,0.304,0.066
random,0.173689,0.056,0.153,0.0,0.148,0.084,0.558
random,0.173652,0.121,0.268,0.009,0.323,0.214,0.065
random,0.173621,0.005,0.219,0.427,0.121,0.191,0.036
random,0.173601,0.021,0.477,0.2,0.121,0.059,0.122
random,0.173591,0.013,0.429,0.224,0.186,0.144,0.005
random,0.173557,0.027,0.068,0.606,0.066,0.192,0.041
random,0.173533,0.046,0.153,0.22,0.059,0.084,0.438
random,0.173522,0.007,0.019,0.857,0.01,0.043,0.064
random,0.173484,0.003,0.0,0.212,0.159,0.089,0.538
random,0.173434,0.131,0.074,0.175,0.015,0.281,0.325
random,0.173395,0.134,0.282,0.008,0.022,0.075,0.48
random,0.173394,0.036,0.239,0.248,0.05,0.039,0.388
random,0.173378,0.067,0.089,0.276,0.021,0.156,0.39
random,0.173355,0.093,0.083,0.002,0.169,0.007,0.646
random,0.17335,0.135,0.06,0.049,0.016,0.084,0.656
random,0.173337,0.008,0.034,0.747,0.058,0.075,0.078
random,0.173249,0.099,0.095,0.075,0.001,0.02,0.709
random,0.173224,0.117,0.146,0.128,0.016,0.074,0.518
random,0.173174,0.203,0.006,0.017,0.074,0.153,0.547
random,0.173126,0.149,0.174,0.003,0.003,0.057,0.613
random,0.173125,0.064,0.027,0.147,0.139,0.245,0.378
random,0.173056,0.033,0.198,0.012,0.584,0.107,0.067
random,0.173009,0.137,0.337,0.181,0.006,0.304,0.036
random,0.172992,0.007,0.281,0.296,0.057,0.031,0.327
random,0.17299,0.028,0.297,0.432,0.029,0.164,0.05
random,0.172982,0.061,0.072,0.587,0.02,0.176,0.082
random,0.172964,0.047,0.29,0.013,0.114,0.118,0.418
random,0.172963,0.022,0.048,0.479,0.16,0.271,0.021
random,0.172953,0.053,0.15,0.325,0.001,0.146,0.326
random,0.172939,0.076,0.015,0.387,0.014,0.032,0.476
random,0.172937,0.016,0.224,0.337,0.078,0.127,0.219
random,0.172935,0.283,0.007,0.06,0.018,0.396,0.236
random,0.172838,0.071,0.427,0.093,0.02,0.008,0.38
random,0.172837,0.114,0.74,0.002,0.042,0.097,0.004
random,0.172806,0.061,0.124,0.409,0.011,0.026,0.369
random,0.172759,0.008,0.079,0.156,0.198,0.003,0.555
random,0.172738,0.106,0.052,0.003,0.164,0.047,0.629
random,0.17273,0.068,0.246,0.194,0.001,0.243,0.247
random,0.172669,0.0,0.236,0.265,0.155,0.169,0.174
random,0.172638,0.066,0.281,0.093,0.02,0.164,0.376
random,0.172621,0.016,0.406,0.01,0.353,0.002,0.213
random,0.172555,0.12,0.167,0.02,0.028,0.149,0.516
random,0.172545,0.083,0.104,0.099,0.055,0.107,0.553
random,0.172534,0.025,0.086,0.097,0.122,0.043,0.627
random,0.172522,0.027,0.053,0.385,0.15,0.241,0.144
random,0.172495,0.001,0.194,0.014,0.225,0.004,0.562
random,0.172487,0.012,0.402,0.211,0.004,0.046,0.323
random,0.17248,0.066,0.274,0.361,0.005,0.226,0.068
random,0.172465,0.002,0.415,0.135,0.263,0.03,0.155
random,0.172463,0.136,0.119,0.038,0.03,0.167,0.51
random,0.172461,0.017,0.352,0.198,0.044,0.114,0.275
random,0.172391,0.001,0.372,0.218,0.091,0.072,0.246
random,0.172296,0.047,0.025,0.093,0.522,0.17,0.143
random,0.172199,0.11,0.011,0.368,0.053,0.2,0.256
random,0.172196,0.061,0.417,0.062,0.057,0.034,0.37
random,0.172104,0.005,0.266,0.657,0.001,0.006,0.066
random,0.172037,0.017,0.216,0.507,0.053,0.069,0.139
random,0.172027,0.088,0.795,0.024,0.024,0.03,0.038
random,0.171958,0.0,0.457,0.302,0.022,0.074,0.145
random,0.171956,0.163,0.051,0.069,0.001,0.184,0.532
random,0.171946,0.007,0.06,0.121,0.253,0.038,0.522
random,0.17193,0.006,0.049,0.171,0.26,0.109,0.406
random,0.171837,0.001,0.196,0.004,0.634,0.05,0.116
random,0.171832,0.007,0.102,0.206,0.207,0.172,0.306
random,0.171787,0.005,0.174,0.254,0.105,0.023,0.439
random,0.171764,0.055,0.151,0.478,0.017,0.261,0.038
random,0.171735,0.077,0.0,0.178,0.057,0.142,0.546
random,0.171733,0.004,0.026,0.068,0.224,0.008,0.671
random,0.171707,0.028,0.115,0.192,0.118,0.06,0.489
random,0.171679,0.001,0.076,0.64,0.003,0.065,0.215
random,0.171666,0.089,0.054,0.006,0.125,0.032,0.694
random,0.17162,0.002,0.141,0.049,0.165,0.069,0.574
random,0.171587,0.171,0.008,0.069,0.083,0.203,0.466
random,0.171575,0.073,0.221,0.408,0.011,0.023,0.264
random,0.171562,0.036,0.215,0.496,0.042,0.055,0.156
random,0.171562,0.036,0.545,0.261,0.01,0.089,0.059
random,0.171554,0.089,0.035,0.605,0.011,0.258,0.002
random,0.171448,0.003,0.299,0.51,0.021,0.035,0.133
random,0.171435,0.002,0.224,0.31,0.132,0.186,0.145
random,0.171433,0.057,0.415,0.03,0.414,0.075,0.009
random,0.171351,0.082,0.476,0.038,0.027,0.219,0.158
random,0.171325,0.022,0.035,0.164,0.17,0.038,0.57
random,0.171267,0.08,0.032,0.589,0.031,0.259,0.008
random,0.171262,0.018,0.006,0.33,0.179,0.223,0.245
random,0.171235,0.054,0.189,0.129,0.045,0.073,0.51
random,0.171234,0.004,0.061,0.055,0.234,0.159,0.486
random,0.171221,0.033,0.097,0.375,0.031,0.165,0.298
random,0.171216,0.008,0.37,0.419,0.012,0.127,0.064
random,0.17121,0.051,0.572,0.009,0.161,0.059,0.147
random,0.171161,0.014,0.618,0.18,0.051,0.035,0.102
random,0.171142,0.091,0.226,0.073,0.022,0.175,0.412
random,0.171141,0.07,0.399,0.035,0.029,0.005,0.461
random,0.171136,0.006,0.008,0.491,0.136,0.061,0.299
random,0.171124,0.066,0.005,0.152,0.046,0.095,0.636
random,0.171004,0.006,0.402,0.005,0.234,0.017,0.336
random,0.170973,0.127,0.163,0.004,0.088,0.228,0.39
random,0.170969,0.009,0.101,0.243,0.154,0.172,0.32
random,0.170901,0.035,0.003,0.014,0.143,0.096,0.708
random,0.170795,0.066,0.009,0.483,0.105,0.314,0.023
random,0.170746,0.032,0.001,0.034,0.219,0.06,0.653
random,0.170701,0.029,0.304,0.424,0.008,0.159,0.077
random,0.170684,0.05,0.003,0.102,0.038,0.006,0.8
random,0.170643,0.005,0.304,0.004,0.283,0.043,0.362
random,0.170615,0.006,0.036,0.262,0.219,0.228,0.249
random,0.17061,0.08,0.036,0.204,0.066,0.273,0.341
random,0.170601,0.083,0.16,0.06,0.041,0.177,0.479
random,0.1706,0.015,0.289,0.328,0.013,0.019,0.335
random,0.170581,0.056,0.034,0.345,0.092,0.26,0.212
random,0.170579,0.255,0.0,0.068,0.344,0.331,0.002
random,0.170466,0.018,0.253,0.316,0.175,0.206,0.032
random,0.170374,0.086,0.046,0.027,0.124,0.215,0.502
random,0.170331,0.014,0.28,0.149,0.245,0.156,0.157
random,0.170315,0.036,0.103,0.048,0.157,0.07,0.585
random,0.170282,0.038,0.068,0.197,0.01,0.122,0.565
random,0.170256,0.0,0.096,0.727,0.089,0.002,0.085
random,0.170231,0.009,0.064,0.114,0.231,0.033,0.549
random,0.17023,0.037,0.053,0.071,0.144,0.059,0.636
random,0.170198,0.073,0.157,0.301,0.016,0.185,0.268
random,0.170172,0.011,0.225,0.015,0.517,0.107,0.124
random,0.170154,0.027,0.027,0.682,0.043,0.18,0.042
random,0.170053,0.029,0.449,0.205,0.119,0.184,0.013
random,0.170025,0.048,0.308,0.126,0.002,0.015,0.501
random,0.169978,0.025,0.133,0.492,0.032,0.173,0.144
random,0.169977,0.076,0.208,0.045,0.06,0.201,0.41
random,0.169963,0.011,0.147,0.076,0.099,0.053,0.614
random,0.169949,0.035,0.136,0.325,0.04,0.146,0.317
random,0.169934,0.348,0.152,0.034,0.066,0.394,0.006
random,0.169841,0.055,0.018,0.096,0.022,0.027,0.783
random,0.169767,0.138,0.008,0.018,0.087,0.29,0.46
random,0.169739,0.001,0.265,0.007,0.097,0.002,0.628
random,0.16972,0.016,0.091,0.148,0.21,0.006,0.528
random,0.169684,0.0,0.019,0.175,0.145,0.087,0.574
random,0.169625,0.048,0.003,0.556,0.048,0.21,0.135
random,0.169613,0.1,0.163,0.182,0.01,0.041,0.503
random,0.169604,0.001,0.113,0.099,0.477,0.142,0.169
random,0.169603,0.005,0.573,0.356,0.006,0.043,0.017
random,0.169534,0.029,0.05,0.574,0.02,0.2,0.128
random,0.169514,0.002,0.002,0.01,0.17,0.011,0.805
random,0.169472,0.008,0.24,0.488,0.053,0.183,0.028
random,0.169465,0.106,0.141,0.068,0.007,0.08,0.598
random,0.169451,0.324,0.215,0.004,0.0,0.376,0.081
random,0.169418,0.0,0.044,0.543,0.094,0.007,0.311
random,0.169392,0.005,0.492,0.194,0.195,0.105,0.008
random,0.169341,0.112,0.025,0.415,0.008,0.252,0.188
random,0.16924,0.092,0.089,0.022,0.059,0.132,0.606
random,0.169188,0.017,0.51,0.329,0.012,0.123,0.01
random,0.169164,0.027,0.349,0.238,0.004,0.182,0.199
random,0.16911,0.011,0.269,0.082,0.209,0.147,0.283
random,0.169089,0.112,0.024,0.18,0.286,0.289,0.109
random,0.169001,0.026,0.027,0.008,0.288,0.004,0.648
random,0.168982,0.05,0.586,0.056,0.065,0.024,0.218
random,0.168981,0.01,0.113,0.108,0.294,0.172,0.303
random,0.168892,0.115,0.015,0.007,0.023,0.038,0.801
random,0.168887,0.015,0.383,0.168,0.009,0.06,0.366
random,0.168886,0.357,0.02,0.02,0.215,0.382,0.007
random,0.1688,0.011,0.37,0.042,0.444,0.044,0.088
random,0.168787,0.132,0.003,0.23,0.031,0.306,0.298
random,0.168769,0.2,0.003,0.022,0.289,0.311,0.175
random,0.168736,0.017,0.005,0.437,0.063,0.009,0.47
random,0.16871,0.005,0.021,0.905,0.013,0.054,0.003
random,0.16864,0.04,0.12,0.215,0.07,0.005,0.55
random,0.168619,0.182,0.13,0.236,0.016,0.363,0.074
random,0.168599,0.016,0.531,0.105,0.176,0.066,0.105
random,0.168594,0.007,0.089,0.313,0.317,0.204,0.069
random,0.168576,0.102,0.071,0.003,0.012,0.03,0.783
random,0.168568,0.004,0.067,0.158,0.144,0.101,0.526
random,0.16855,0.002,0.326,0.02,0.32,0.064,0.267
random,0.168548,0.22,0.036,0.01,0.399,0.302,0.032
random,0.168547,0.024,0.029,0.022,0.193,0.061,0.671
random,0.168543,0.021,0.001,0.65,0.0,0.152,0.175
random,0.168391,0.087,0.002,0.096,0.018,0.097,0.699
random,0.168373,0.12,0.016,0.236,0.235,0.309,0.084
random,0.168361,0.13,0.282,0.214,0.03,0.303,0.041
random,0.168356,0.046,0.07,0.23,0.085,0.015,0.553
random,0.168355,0.021,0.658,0.155,0.053,0.026,0.086
random,0.1683,0.007,0.003,0.364,0.092,0.121,0.413
random,0.168296,0.021,0.435,0.199,0.065,0.077,0.203
random,0.168271,0.022,0.252,0.246,0.015,0.064,0.401
random,0.168243,0.001,0.515,0.231,0.098,0.105,0.05
random,0.168028,0.034,0.424,0.048,0.001,0.089,0.404
random,0.168024,0.025,0.43,0.099,0.085,0.168,0.193
random,0.167999,0.046,0.11,0.168,0.025,0.106,0.544
random,0.167966,0.002,0.204,0.449,0.092,0.101,0.152
random,0.16792,0.037,0.279,0.029,0.091,0.171,0.392
random,0.167829,0.002,0.004,0.211,0.171,0.016,0.596
random,0.167754,0.019,0.326,0.025,0.092,0.069,0.469
random,0.167606,0.088,0.358,0.07,0.001,0.237,0.245
random,0.167516,0.035,0.018,0.001,0.223,0.179,0.544
random,0.16745,0.055,0.228,0.003,0.053,0.059,0.603
random,0.167385,0.0,0.636,0.239,0.075,0.002,0.047
random,0.167357,0.082,0.036,0.352,0.004,0.217,0.308
random,0.167355,0.069,0.342,0.111,0.075,0.229,0.174
random,0.167323,0.004,0.251,0.497,0.061,0.148,0.039
random,0.167291,0.047,0.07,0.236,0.033,0.001,0.613
random,0.167282,0.13,0.414,0.028,0.001,0.264,0.163
random,0.16721,0.04,0.058,0.388,0.064,0.232,0.218
random,0.167152,0.008,0.577,0.113,0.173,0.008,0.121
random,0.166941,0.016,0.378,0.131,0.008,0.013,0.455
random,0.166939,0.043,0.192,0.239,0.045,0.223,0.257
random,0.166842,0.0,0.141,0.465,0.135,0.25,0.008
random,0.166699,0.04,0.208,0.015,0.404,0.15,0.183
random,0.166689,0.103,0.771,0.0,0.095,0.023,0.008
random,0.166686,0.09,0.002,0.044,0.121,0.267,0.475
random,0.166559,0.0,0.58,0.241,0.028,0.133,0.019
random,0.16646,0.024,0.352,0.11,0.097,0.13,0.287
random,0.166456,0.034,0.017,0.049,0.106,0.098,0.696
random,0.166454,0.019,0.13,0.029,0.294,0.16,0.368
random,0.16642,0.011,0.493,0.173,0.084,0.072,0.167
random,0.166388,0.02,0.093,0.179,0.08,0.108,0.519
random,0.166357,0.053,0.623,0.035,0.025,0.118,0.145
random,0.166355,0.015,0.031,0.008,0.515,0.132,0.299
random,0.16634,0.008,0.358,0.254,0.025,0.122,0.233
random,0.166211,0.024,0.417,0.232,0.062,0.172,0.094
random,0.166197,0.026,0.06,0.316,0.328,0.236,0.034
random,0.166152,0.011,0.606,0.162,0.056,0.035,0.131
random,0.16615,0.002,0.074,0.024,0.183,0.125,0.592
random,0.166131,0.236,0.239,0.056,0.053,0.34,0.076
random,0.166105,0.152,0.003,0.18,0.167,0.334,0.164
random,0.166045,0.058,0.047,0.084,0.053,0.005,0.754
random,0.166031,0.0,0.012,0.05,0.713,0.097,0.128
random,0.165954,0.039,0.129,0.318,0.052,0.187,0.275
random,0.165889,0.001,0.018,0.078,0.743,0.105,0.055
random,0.1658,0.012,0.097,0.208,0.136,0.215,0.331
random,0.165782,0.027,0.155,0.222,0.068,0.004,0.523
random,0.165767,0.128,0.687,0.004,0.029,0.151,0.0
random,0.165767,0.13,0.065,0.025,0.009,0.209,0.563
random,0.165728,0.001,0.288,0.229,0.052,0.034,0.396
random,0.165699,0.02,0.193,0.514,0.024,0.245,0.005
random,0.165677,0.021,0.421,0.004,0.0,0.012,0.542
random,0.165664,0.177,0.215,0.061,0.131,0.296,0.119
random,0.165589,0.049,0.333,0.069,0.0,0.2,0.349
random,0.165559,0.011,0.067,0.259,0.059,0.074,0.53
random,0.165481,0.072,0.286,0.016,0.016,0.008,0.603
random,0.165381,0.144,0.327,0.058,0.108,0.279,0.085
random,0.165374,0.012,0.057,0.003,0.469,0.145,0.313
random,0.16536,0.087,0.259,0.082,0.001,0.214,0.357
random,0.165331,0.042,0.001,0.018,0.03,0.022,0.889
random,0.165298,0.037,0.035,0.132,0.029,0.1,0.668
random,0.165294,0.178,0.308,0.097,0.057,0.326,0.034
random,0.165237,0.039,0.099,0.404,0.034,0.235,0.188
random,0.165183,0.008,0.256,0.004,0.08,0.026,0.626
random,0.165173,0.162,0.221,0.231,0.048,0.336,0.002
random,0.165024,0.003,0.064,0.265,0.079,0.023,0.566
random,0.164985,0.08,0.788,0.018,0.066,0.009,0.039
random,0.164949,0.103,0.034,0.496,0.015,0.281,0.07
random,0.164941,0.022,0.496,0.075,0.047,0.128,0.234
random,0.16489,0.023,0.364,0.029,0.062,0.01,0.512
random,0.164856,0.01,0.014,0.069,0.687,0.121,0.1
random,0.164836,0.02,0.408,0.184,0.142,0.176,0.069
random,0.164699,0.019,0.589,0.198,0.058,0.014,0.123
random,0.164696,0.038,0.011,0.106,0.027,0.08,0.738
random,0.164597,0.039,0.195,0.055,0.048,0.059,0.605
random,0.164594,0.147,0.004,0.034,0.017,0.266,0.532
random,0.164546,0.047,0.057,0.102,0.256,0.227,0.312
random,0.164501,0.302,0.056,0.026,0.106,0.378,0.132
random,0.164481,0.024,0.241,0.101,0.327,0.163,0.143
random,0.164467,0.085,0.029,0.23,0.239,0.28,0.136
random,0.164417,0.056,0.21,0.002,0.062,0.195,0.476
random,0.164313,0.024,0.086,0.292,0.023,0.189,0.386
random,0.164251,0.048,0.025,0.108,0.009,0.039,0.771
random,0.1642,0.021,0.014,0.486,0.085,0.206,0.188
random,0.164088,0.013,0.198,0.298,0.0,0.01,0.48
random,0.163973,0.04,0.297,0.062,0.021,0.015,0.567
random,0.163941,0.028,0.001,0.188,0.017,0.026,0.741
random,0.163939,0.003,0.279,0.059,0.196,0.134,0.328
random,0.163912,0.024,0.407,0.066,0.004,0.088,0.41
random,0.163885,0.026,0.042,0.204,0.034,0.015,0.68
random,0.163879,0.014,0.643,0.3,0.005,0.014,0.025
random,0.163814,0.033,0.048,0.239,0.02,0.006,0.654
random,0.163761,0.208,0.25,0.134,0.033,0.359,0.016
random,0.163617,0.008,0.021,0.135,0.127,0.107,0.602
random,0.16349,0.0,0.188,0.619,0.027,0.153,0.012
random,0.163372,0.074,0.282,0.349,0.001,0.286,0.008
random,0.163327,0.157,0.01,0.132,0.015,0.323,0.362
random,0.163252,0.007,0.616,0.186,0.153,0.03,0.008
random,0.163251,0.016,0.488,0.04,0.3,0.007,0.149
random,0.163192,0.015,0.245,0.073,0.062,0.093,0.512
random,0.163171,0.259,0.008,0.172,0.173,0.388,0.001
random,0.163002,0.017,0.102,0.355,0.054,0.182,0.289
random,0.162917,0.009,0.207,0.572,0.003,0.134,0.075
random,0.16291,0.0,0.257,0.205,0.068,0.13,0.339
random,0.162902,0.002,0.064,0.372,0.053,0.029,0.479
random,0.162873,0.034,0.106,0.146,0.006,0.029,0.678
random,0.162822,0.145,0.067,0.03,0.007,0.299,0.452
random,0.162789,0.015,0.516,0.139,0.124,0.026,0.18
random,0.162748,0.057,0.004,0.291,0.218,0.298,0.132
random,0.162671,0.113,0.017,0.006,0.176,0.258,0.43
random,0.162547,0.062,0.082,0.564,0.007,0.283,0.003
random,0.162544,0.19,0.38,0.058,0.004,0.314,0.054
random,0.162538,0.004,0.689,0.218,0.062,0.026,0.001
random,0.162433,0.065,0.034,0.013,0.024,0.061,0.804
random,0.162431,0.07,0.098,0.08,0.013,0.21,0.53
random,0.162399,0.008,0.026,0.174,0.216,0.192,0.383
random,0.162381,0.023,0.267,0.062,0.039,0.099,0.51
random,0.162376,0.19,0.11,0.106,0.033,0.355,0.206
random,0.162371,0.012,0.384,0.018,0.008,0.02,0.558
random,0.16236,0.024,0.371,0.051,0.449,0.089,0.015
random,0.162269,0.026,0.063,0.325,0.035,0.2,0.351
random,0.162257,0.127,0.034,0.08,0.005,0.257,0.497
random,0.162216,0.042,0.395,0.014,0.058,0.071,0.42
random,0.162077,0.039,0.214,0.168,0.025,0.23,0.324
random,0.161986,0.141,0.052,0.26,0.106,0.362,0.079
random,0.161984,0.034,0.118,0.127,0.035,0.025,0.661
random,0.161981,0.038,0.023,0.062,0.705,0.151,0.02
random,0.161938,0.003,0.293,0.152,0.034,0.058,0.46
random,0.161908,0.062,0.212,0.028,0.226,0.225,0.247
random,0.161834,0.011,0.018,0.275,0.073,0.155,0.467
random,0.161804,0.055,0.378,0.051,0.245,0.186,0.085
random,0.161802,0.199,0.109,0.28,0.009,0.392,0.011
random,0.161766,0.021,0.505,0.022,0.33,0.014,0.107
random,0.161635,0.007,0.005,0.722,0.055,0.187,0.025
random,0.161577,0.06,0.067,0.042,0.004,0.161,0.666
random,0.161512,0.023,0.25,0.035,0.048,0.072,0.572
random,0.161456,0.068,0.177,0.003,0.009,0.163,0.58
random,0.161432,0.035,0.268,0.216,0.141,0.225,0.115
random,0.161426,0.042,0.447,0.022,0.072,0.16,0.257
random,0.161421,0.032,0.607,0.107,0.051,0.086,0.117
random,0.161409,0.123,0.071,0.241,0.102,0.346,0.117
random,0.16121,0.064,0.364,0.001,0.371,0.158,0.042
random,0.161155,0.022,0.488,0.139,0.051,0.032,0.268
random,0.161103,0.05,0.184,0.033,0.471,0.157,0.105
random,0.161053,0.032,0.349,0.281,0.099,0.229,0.01
random,0.161045,0.002,0.159,0.308,0.278,0.218,0.035
random,0.161029,0.034,0.549,0.023,0.3,0.008,0.087
random,0.161021,0.019,0.502,0.049,0.138,0.076,0.217
random,0.160996,0.201,0.209,0.008,0.105,0.303,0.174
random,0.160987,0.064,0.006,0.442,0.07,0.324,0.093
random,0.16096,0.067,0.057,0.161,0.033,0.244,0.438
random,0.160955,0.039,0.029,0.018,0.108,0.185,0.621
random,0.160885,0.157,0.277,0.211,0.023,0.331,0.001
random,0.160874,0.02,0.16,0.197,0.04,0.063,0.519
random,0.160844,0.041,0.052,0.571,0.019,0.27,0.048
random,0.160753,0.119,0.235,0.106,0.085,0.288,0.167
random,0.160729,0.074,0.046,0.473,0.014,0.332,0.062
random,0.160715,0.098,0.277,0.271,0.012,0.305,0.037
random,0.160641,0.018,0.056,0.221,0.36,0.248,0.097
random,0.160604,0.001,0.086,0.387,0.034,0.13,0.362
random,0.160513,0.001,0.449,0.016,0.466,0.001,0.067
random,0.160507,0.111,0.034,0.396,0.081,0.352,0.027
random,0.16038,0.002,0.213,0.363,0.04,0.034,0.348
random,0.16035,0.002,0.419,0.263,0.03,0.174,0.113
random,0.160328,0.178,0.263,0.013,0.093,0.302,0.151
random,0.160166,0.014,0.123,0.574,0.003,0.238,0.05
random,0.160142,0.0,0.291,0.076,0.051,0.062,0.52
random,0.160108,0.05,0.074,0.036,0.082,0.221,0.537
random,0.160106,0.016,0.039,0.088,0.003,0.001,0.852
random,0.160004,0.025,0.139,0.38,0.006,0.221,0.228
random,0.159971,0.012,0.021,0.059,0.044,0.077,0.788
random,0.159946,0.083,0.009,0.053,0.013,0.218,0.623
random,0.159901,0.026,0.281,0.049,0.033,0.134,0.476
random,0.159895,0.019,0.019,0.053,0.533,0.169,0.206
random,0.159828,0.335,0.009,0.1,0.078,0.43,0.048
random,0.159807,0.044,0.024,0.267,0.07,0.266,0.329
random,0.159679,0.009,0.388,0.0,0.004,0.063,0.535
random,0.159666,0.127,0.001,0.114,0.007,0.28,0.471
random,0.159545,0.015,0.357,0.275,0.011,0.211,0.13
random,0.159529,0.013,0.348,0.003,0.048,0.101,0.487
random,0.159524,0.022,0.212,0.095,0.044,0.09,0.537
random,0.159302,0.013,0.314,0.001,0.544,0.1,0.028
random,0.159275,0.071,0.006,0.076,0.243,0.269,0.335
random,0.159253,0.009,0.04,0.035,0.052,0.001,0.861
random,0.159206,0.079,0.206,0.183,0.126,0.282,0.125
random,0.159186,0.001,0.033,0.134,0.061,0.004,0.766
random,0.15918,0.001,0.363,0.016,0.126,0.054,0.44
random,0.159167,0.013,0.22,0.242,0.233,0.21,0.082
random,0.15913,0.018,0.018,0.013,0.478,0.17,0.302
random,0.158926,0.132,0.05,0.069,0.005,0.31,0.434
random,0.158888,0.077,0.249,0.28,0.098,0.294,0.003
random,0.158867,0.037,0.366,0.031,0.302,0.162,0.103
random,0.158738,0.021,0.012,0.035,0.03,0.063,0.84
random,0.158616,0.088,0.035,0.188,0.142,0.329,0.218
random,0.158544,0.005,0.586,0.211,0.017,0.083,0.098
random,0.158544,0.017,0.145,0.089,0.075,0.154,0.52
random,0.158492,0.006,0.07,0.519,0.088,0.273,0.045
random,0.158363,0.307,0.001,0.148,0.059,0.429,0.057
random,0.158359,0.228,0.294,0.017,0.018,0.338,0.105
random,0.158332,0.114,0.051,0.088,0.347,0.286,0.114
random,0.158328,0.012,0.584,0.236,0.002,0.017,0.149
random,0.158294,0.019,0.113,0.07,0.086,0.175,0.537
random,0.158103,0.15,0.003,0.151,0.366,0.326,0.005
random,0.158031,0.025,0.201,0.402,0.003,0.257,0.112
random,0.157993,0.043,0.411,0.017,0.236,0.155,0.138
random,0.157871,0.0,0.035,0.087,0.644,0.142,0.092
random,0.157868,0.003,0.025,0.584,0.102,0.287,0.0
random,0.157856,0.092,0.174,0.189,0.204,0.29,0.052
random,0.157817,0.013,0.148,0.194,0.046,0.132,0.466
random,0.157751,0.004,0.134,0.202,0.101,0.22,0.339
random,0.157651,0.027,0.387,0.01,0.326,0.117,0.133
random,0.157615,0.035,0.004,0.591,0.013,0.263,0.095
random,0.157555,0.101,0.078,0.015,0.005,0.243,0.557
random,0.157393,0.005,0.194,0.118,0.019,0.051,0.612
random,0.157358,0.067,0.261,0.196,0.04,0.276,0.161
random,0.157179,0.019,0.105,0.015,0.1,0.203,0.559
random,0.157118,0.038,0.623,0.023,0.051,0.0,0.265
random,0.157034,0.032,0.1,0.099,0.012,0.197,0.56
random,0.156942,0.072,0.492,0.102,0.048,0.228,0.059
random,0.156841,0.179,0.066,0.224,0.129,0.363,0.039
random,0.156735,0.125,0.119,0.131,0.066,0.312,0.246
random,0.156701,0.044,0.631,0.038,0.07,0.0,0.216
random,0.156696,0.051,0.839,0.056,0.002,0.01,0.041
random,0.156658,0.015,0.191,0.075,0.014,0.005,0.701
random,0.156656,0.256,0.113,0.065,0.135,0.373,0.058
random,0.156556,0.247,0.072,0.033,0.045,0.379,0.223
random,0.156528,0.001,0.065,0.029,0.302,0.178,0.426
random,0.156445,0.086,0.045,0.299,0.169,0.335,0.067
random,0.156303,0.037,0.118,0.007,0.014,0.063,0.762
random,0.156301,0.115,0.007,0.045,0.469,0.255,0.109
random,0.156066,0.0,0.412,0.015,0.319,0.046,0.208
random,0.15603,0.0,0.006,0.057,0.104,0.083,0.749
random,0.155939,0.097,0.193,0.18,0.245,0.278,0.007
random,0.155904,0.014,0.021,0.081,0.034,0.105,0.745
random,0.15584,0.026,0.2,0.009,0.302,0.174,0.289
random,0.155791,0.026,0.093,0.285,0.094,0.256,0.246
random,0.155652,0.06,0.054,0.288,0.198,0.316,0.085
random,0.155453,0.031,0.206,0.102,0.128,0.199,0.333
random,0.155387,0.134,0.002,0.018,0.156,0.282,0.408
random,0.155387,0.024,0.375,0.056,0.074,0.145,0.326
random,0.155209,0.018,0.058,0.254,0.001,0.2,0.469
random,0.155168,0.002,0.124,0.537,0.046,0.279,0.012
random,0.15512,0.014,0.147,0.347,0.172,0.241,0.08
random,0.155013,0.028,0.439,0.026,0.059,0.174,0.273
random,0.154947,0.042,0.055,0.011,0.012,0.155,0.725
random,0.154604,0.061,0.282,0.236,0.023,0.311,0.087
random,0.15459,0.006,0.503,0.013,0.067,0.022,0.39
random,0.154585,0.046,0.001,0.011,0.012,0.151,0.779
random,0.154456,0.016,0.177,0.095,0.009,0.189,0.514
random,0.154452,0.007,0.237,0.254,0.02,0.209,0.275
random,0.154307,0.002,0.012,0.001,0.615,0.124,0.246
random,0.154291,0.257,0.033,0.146,0.111,0.395,0.058
random,0.154275,0.019,0.481,0.023,0.037,0.007,0.433
random,0.154199,0.012,0.019,0.119,0.085,0.146,0.618
random,0.153907,0.008,0.564,0.09,0.156,0.046,0.136
random,0.15387,0.016,0.063,0.586,0.025,0.278,0.032
random,0.153847,0.093,0.046,0.287,0.12,0.363,0.091
random,0.153649,0.01,0.628,0.204,0.009,0.039,0.111
random,0.153582,0.094,0.43,0.083,0.113,0.237,0.043
random,0.153544,0.008,0.046,0.024,0.388,0.17,0.364
random,0.153405,0.265,0.209,0.006,0.059,0.37,0.092
random,0.153332,0.044,0.631,0.003,0.111,0.018,0.193
random,0.153315,0.02,0.188,0.142,0.364,0.194,0.092
random,0.153303,0.026,0.052,0.587,0.009,0.293,0.033
random,0.153302,0.062,0.169,0.217,0.15,0.292,0.11
random,0.153287,0.245,0.328,0.034,0.03,0.36,0.003
random,0.153243,0.093,0.27,0.004,0.449,0.179,0.004
random,0.153216,0.007,0.229,0.153,0.046,0.195,0.37
random,0.153161,0.018,0.016,0.709,0.0,0.251,0.005
random,0.153138,0.041,0.519,0.007,0.015,0.035,0.383
random,0.153131,0.01,0.534,0.074,0.035,0.001,0.346
random,0.153093,0.089,0.051,0.255,0.26,0.321,0.024
random,0.153087,0.207,0.006,0.03,0.275,0.353,0.129
random,0.152874,0.036,0.563,0.024,0.326,0.04,0.012
random,0.152742,0.01,0.517,0.139,0.023,0.055,0.257
random,0.15256,0.01,0.193,0.014,0.487,0.156,0.139
random,0.152456,0.02,0.614,0.039,0.212,0.002,0.113
random,0.152407,0.019,0.002,0.039,0.036,0.138,0.767
random,0.152344,0.31,0.006,0.105,0.004,0.428,0.146
random,0.152325,0.014,0.522,0.04,0.292,0.079,0.054
random,0.152261,0.026,0.441,0.04,0.046,0.078,0.369
random,0.152257,0.005,0.007,0.284,0.262,0.275,0.167
random,0.152161,0.001,0.354,0.107,0.397,0.139,0.002
random,0.15206,0.109,0.18,0.315,0.037,0.35,0.009
random,0.151933,0.006,0.394,0.311,0.028,0.223,0.039
random,0.151808,0.091,0.629,0.02,0.021,0.189,0.051
random,0.151697,0.128,0.077,0.039,0.091,0.316,0.347
random,0.1516,0.13,0.168,0.02,0.017,0.301,0.365
random,0.1516,0.018,0.146,0.204,0.005,0.218,0.409
random,0.151457,0.003,0.399,0.013,0.574,0.009,0.002
random,0.151368,0.091,0.171,0.045,0.089,0.254,0.35
random,0.151331,0.029,0.245,0.008,0.558,0.141,0.019
random,0.151308,0.013,0.207,0.002,0.004,0.13,0.644
random,0.151069,0.032,0.303,0.123,0.245,0.21,0.086
random,0.150885,0.04,0.225,0.318,0.097,0.301,0.02
random,0.150804,0.124,0.214,0.217,0.045,0.346,0.054
random,0.150639,0.036,0.206,0.001,0.013,0.197,0.547
random,0.150575,0.006,0.154,0.019,0.0,0.127,0.694
random,0.150266,0.003,0.456,0.038,0.369,0.063,0.071
random,0.150256,0.023,0.041,0.133,0.036,0.225,0.542
random,0.150178,0.096,0.158,0.192,0.007,0.35,0.197
random,0.149997,0.034,0.36,0.151,0.218,0.201,0.036
random,0.149996,0.042,0.768,0.071,0.02,0.049,0.05
random,0.149932,0.323,0.016,0.089,0.005,0.45,0.116
random,0.149606,0.045,0.052,0.257,0.07,0.292,0.285
random,0.149481,0.006,0.081,0.528,0.014,0.293,0.078
random,0.149402,0.146,0.03,0.139,0.057,0.37,0.259
random,0.149326,0.029,0.349,0.219,0.005,0.231,0.167
random,0.149259,0.155,0.118,0.071,0.165,0.327,0.164
random,0.149158,0.002,0.109,0.414,0.174,0.274,0.028
random,0.149121,0.0,0.053,0.444,0.074,0.247,0.182
random,0.148934,0.061,0.006,0.388,0.003,0.328,0.213
random,0.148826,0.048,0.722,0.024,0.054,0.103,0.049
random,0.148574,0.01,0.588,0.106,0.004,0.017,0.274
random,0.148553,0.205,0.093,0.171,0.097,0.399,0.037
random,0.14851,0.015,0.614,0.183,0.02,0.142,0.026
random,0.148488,0.004,0.07,0.341,0.17,0.266,0.15
random,0.148484,0.092,0.052,0.079,0.066,0.293,0.419
random,0.148375,0.067,0.081,0.258,0.091,0.328,0.174
random,0.148362,0.004,0.284,0.352,0.005,0.241,0.115
random,0.148323,0.24,0.052,0.181,0.098,0.426,0.002
random,0.148257,0.007,0.124,0.045,0.043,0.155,0.625
random,0.148047,0.173,0.035,0.004,0.243,0.334,0.211
random,0.148043,0.031,0.767,0.066,0.059,0.036,0.041
random,0.148032,0.052,0.528,0.026,0.08,0.17,0.145
random,0.14801,0.005,0.349,0.036,0.071,0.132,0.407
random,0.147979,0.183,0.128,0.121,0.023,0.377,0.169
random,0.147889,0.206,0.083,0.274,0.001,0.435,0.001
random,0.147847,0.037,0.069,0.002,0.488,0.171,0.233
random,0.147807,0.102,0.209,0.25,0.102,0.333,0.005
random,0.147515,0.024,0.001,0.653,0.0,0.318,0.003
random,0.147474,0.096,0.153,0.225,0.083,0.344,0.1
random,0.147457,0.034,0.528,0.045,0.0,0.084,0.308
random,0.147376,0.004,0.137,0.006,0.065,0.179,0.609
random,0.147331,0.014,0.021,0.012,0.208,0.198,0.546
random,0.147273,0.106,0.073,0.346,0.039,0.377,0.059
random,0.147188,0.307,0.001,0.045,0.068,0.429,0.15
random,0.147187,0.029,0.162,0.096,0.317,0.225,0.171
random,0.147063,0.052,0.178,0.411,0.004,0.335,0.019
random,0.146963,0.015,0.496,0.061,0.023,0.057,0.349
random,0.146911,0.219,0.083,0.132,0.073,0.407,0.087
random,0.146813,0.003,0.053,0.004,0.004,0.173,0.763
random,0.146769,0.033,0.834,0.067,0.01,0.003,0.054
random,0.146703,0.0,0.522,0.067,0.285,0.001,0.125
random,0.146679,0.057,0.651,0.084,0.122,0.085,0.001
random,0.146565,0.369,0.032,0.014,0.046,0.459,0.079
random,0.146538,0.15,0.214,0.167,0.111,0.354,0.005
random,0.146518,0.118,0.024,0.089,0.136,0.34,0.292
random,0.146386,0.273,0.272,0.028,0.004,0.376,0.048
random,0.146228,0.008,0.368,0.023,0.009,0.154,0.438
random,0.146194,0.004,0.349,0.017,0.11,0.158,0.362
random,0.146155,0.169,0.14,0.018,0.164,0.319,0.19
random,0.146144,0.002,0.453,0.001,0.103,0.112,0.329
random,0.146126,0.151,0.044,0.2,0.001,0.382,0.221
random,0.146061,0.173,0.172,0.156,0.0,0.374,0.126
random,0.145987,0.067,0.079,0.005,0.493,0.215,0.14
random,0.145761,0.001,0.01,0.029,0.01,0.138,0.812
random,0.145327,0.009,0.016,0.431,0.227,0.315,0.002
random,0.145318,0.097,0.037,0.437,0.005,0.381,0.042
random,0.145223,0.005,0.084,0.345,0.034,0.243,0.289
random,0.144992,0.228,0.001,0.102,0.057,0.421,0.191
random,0.144952,0.066,0.825,0.022,0.022,0.063,0.002
random,0.144929,0.006,0.234,0.199,0.114,0.227,0.219
random,0.144398,0.195,0.035,0.007,0.112,0.361,0.29
random,0.14423,0.081,0.011,0.093,0.243,0.313,0.258
random,0.14418,0.071,0.202,0.26,0.035,0.332,0.101
random,0.144144,0.125,0.194,0.133,0.057,0.337,0.153
random,0.143985,0.026,0.443,0.035,0.003,0.165,0.328
random,0.143777,0.01,0.393,0.303,0.063,0.224,0.007
random,0.143764,0.005,0.749,0.086,0.075,0.019,0.067
random,0.143748,0.163,0.13,0.279,0.016,0.412,0.0
random,0.143485,0.171,0.002,0.033,0.001,0.394,0.399
random,0.143385,0.006,0.695,0.102,0.088,0.03,0.078
random,0.143108,0.037,0.019,0.152,0.178,0.283,0.33
random,0.143013,0.075,0.044,0.334,0.064,0.337,0.146
random,0.142956,0.203,0.406,0.018,0.037,0.321,0.015
random,0.142941,0.032,0.761,0.079,0.023,0.105,0.001
random,0.14288,0.017,0.439,0.011,0.001,0.108,0.424
random,0.142849,0.011,0.608,0.014,0.063,0.046,0.258
random,0.142821,0.158,0.065,0.017,0.083,0.353,0.325
random,0.142716,0.066,0.075,0.029,0.333,0.259,0.237
random,0.142672,0.01,0.077,0.084,0.212,0.209,0.408
random,0.142649,0.0,0.655,0.105,0.149,0.037,0.053
random,0.142611,0.095,0.119,0.101,0.108,0.327,0.251
random,0.142593,0.018,0.333,0.151,0.078,0.205,0.215
random,0.14256,0.008,0.045,0.424,0.098,0.294,0.13
random,0.142523,0.004,0.186,0.395,0.095,0.283,0.037
random,0.142476,0.053,0.251,0.266,0.015,0.321,0.095
random,0.142439,0.006,0.494,0.106,0.259,0.135,0.0
random,0.142415,0.052,0.642,0.004,0.062,0.093,0.145
random,0.1424,0.007,0.46,0.001,0.291,0.053,0.187
random,0.142317,0.094,0.359,0.003,0.204,0.223,0.117
random,0.14221,0.277,0.002,0.079,0.166,0.442,0.034
random,0.142183,0.0,0.011,0.096,0.087,0.234,0.572
random,0.142171,0.002,0.155,0.154,0.046,0.207,0.436
random,0.142098,0.006,0.067,0.394,0.004,0.287,0.241
random,0.142087,0.02,0.147,0.069,0.001,0.229,0.535
random,0.141838,0.023,0.092,0.172,0.131,0.258,0.325
random,0.14182,0.01,0.208,0.26,0.101,0.268,0.152
random,0.14174,0.001,0.002,0.168,0.541,0.197,0.092
random,0.141677,0.068,0.337,0.118,0.216,0.246,0.015
random,0.141343,0.003,0.226,0.003,0.423,0.167,0.178
random,0.141093,0.006,0.508,0.061,0.164,0.083,0.178
random,0.141073,0.118,0.099,0.007,0.539,0.237,0.0
random,0.140993,0.02,0.048,0.158,0.001,0.241,0.532
random,0.140839,0.001,0.098,0.276,0.1,0.253,0.273
random,0.140725,0.025,0.611,0.038,0.085,0.122,0.12
random,0.14066,0.004,0.839,0.124,0.001,0.026,0.006
random,0.140654,0.35,0.096,0.039,0.067,0.446,0.002
random,0.140643,0.066,0.051,0.349,0.051,0.348,0.135
random,0.140568,0.044,0.014,0.198,0.148,0.316,0.279
random,0.140524,0.013,0.316,0.04,0.058,0.178,0.394
random,0.140426,0.315,0.039,0.111,0.003,0.484,0.049
random,0.140316,0.169,0.009,0.314,0.026,0.427,0.056
random,0.140206,0.003,0.462,0.027,0.211,0.093,0.205
random,0.140065,0.033,0.198,0.04,0.492,0.173,0.065
random,0.140007,0.063,0.286,0.151,0.153,0.272,0.076
random,0.139977,0.115,0.113,0.057,0.009,0.302,0.403
random,0.139974,0.009,0.426,0.05,0.169,0.172,0.173
random,0.139787,0.191,0.031,0.03,0.14,0.38,0.23
random,0.13977,0.142,0.287,0.042,0.257,0.27,0.001
random,0.139667,0.133,0.034,0.313,0.001,0.387,0.132
random,0.139629,0.008,0.294,0.217,0.087,0.245,0.15
random,0.139491,0.044,0.107,0.198,0.379,0.255,0.017
random,0.13944,0.002,0.749,0.096,0.0,0.011,0.142
random,0.13936,0.066,0.204,0.067,0.081,0.293,0.29
random,0.139348,0.076,0.026,0.062,0.052,0.284,0.5
random,0.13934,0.023,0.16,0.298,0.15,0.291,0.078
random,0.139235,0.0,0.085,0.163,0.271,0.243,0.237
random,0.139151,0.006,0.001,0.071,0.676,0.189,0.058
random,0.139141,0.082,0.169,0.202,0.152,0.34,0.055
random,0.139107,0.023,0.068,0.003,0.693,0.151,0.062
random,0.139003,0.005,0.376,0.145,0.27,0.195,0.009
random,0.138835,0.057,0.028,0.097,0.464,0.248,0.106
random,0.138805,0.072,0.044,0.085,0.35,0.283,0.165
random,0.138689,0.132,0.027,0.004,0.393,0.288,0.156
random,0.13844,0.024,0.167,0.04,0.043,0.216,0.51
random,0.138393,0.002,0.003,0.071,0.005,0.228,0.691
random,0.138058,0.006,0.074,0.005,0.523,0.178,0.214
random,0.138046,0.236,0.166,0.018,0.001,0.392,0.185
random,0.138008,0.05,0.102,0.214,0.013,0.294,0.327
random,0.137827,0.007,0.011,0.054,0.432,0.208,0.287
random,0.137602,0.199,0.003,0.248,0.045,0.455,0.05
random,0.137585,0.145,0.058,0.018,0.36,0.306,0.114
random,0.137417,0.04,0.004,0.377,0.162,0.365,0.053
random,0.137352,0.015,0.001,0.035,0.403,0.218,0.328
random,0.137228,0.02,0.677,0.05,0.019,0.157,0.076
random,0.137219,0.245,0.137,0.119,0.072,0.427,0.0
random,0.137057,0.159,0.093,0.11,0.03,0.392,0.214
random,0.137031,0.06,0.035,0.269,0.088,0.36,0.188
random,0.136865,0.039,0.134,0.233,0.066,0.296,0.232
random,0.136817,0.009,0.438,0.226,0.038,0.235,0.054
random,0.136677,0.1,0.013,0.43,0.009,0.396,0.052
random,0.136423,0.031,0.511,0.128,0.0,0.236,0.094
random,0.136304,0.05,0.393,0.071,0.004,0.257,0.224
random,0.136209,0.226,0.236,0.068,0.075,0.387,0.007
random,0.135986,0.09,0.285,0.029,0.32,0.224,0.051
random,0.135968,0.046,0.161,0.149,0.195,0.286,0.163
random,0.135896,0.006,0.084,0.477,0.008,0.31,0.114
random,0.135877,0.042,0.347,0.026,0.107,0.216,0.261
random,0.135849,0.302,0.074,0.006,0.038,0.437,0.143
random,0.135763,0.063,0.041,0.47,0.022,0.388,0.016
random,0.135521,0.091,0.211,0.216,0.043,0.352,0.088
random,0.135322,0.287,0.085,0.01,0.1,0.417,0.101
random,0.135315,0.019,0.128,0.455,0.078,0.321,0.0
random,0.135263,0.003,0.054,0.088,0.117,0.223,0.515
random,0.135198,0.079,0.001,0.015,0.132,0.328,0.444
random,0.134929,0.1,0.034,0.01,0.279,0.299,0.278
random,0.134649,0.027,0.45,0.032,0.318,0.165,0.009
random,0.134476,0.007,0.602,0.169,0.003,0.149,0.068
random,0.134464,0.009,0.707,0.005,0.025,0.075,0.178
random,0.134344,0.243,0.007,0.05,0.004,0.425,0.271
random,0.134237,0.091,0.016,0.301,0.002,0.405,0.185
random,0.134185,0.004,0.21,0.108,0.36,0.214,0.105
random,0.134101,0.01,0.673,0.071,0.139,0.08,0.027
random,0.134035,0.015,0.678,0.011,0.199,0.036,0.061
random,0.133752,0.021,0.191,0.201,0.245,0.248,0.095
random,0.13358,0.246,0.044,0.042,0.048,0.438,0.182
random,0.133537,0.045,0.165,0.141,0.01,0.267,0.372
random,0.133467,0.03,0.182,0.08,0.468,0.196,0.043
random,0.133427,0.001,0.269,0.007,0.074,0.181,0.467
random,0.133198,0.229,0.08,0.125,0.032,0.442,0.092
random,0.132861,0.019,0.001,0.437,0.179,0.352,0.012
random,0.132827,0.019,0.139,0.505,0.002,0.334,0.001
random,0.132346,0.051,0.003,0.011,0.203,0.288,0.444
random,0.132065,0.01,0.562,0.078,0.033,0.123,0.194
random,0.132054,0.139,0.007,0.092,0.397,0.324,0.041
random,0.131923,0.001,0.663,0.088,0.185,0.057,0.006
random,0.13172,0.012,0.792,0.014,0.018,0.006,0.158
random,0.131584,0.005,0.424,0.139,0.083,0.24,0.108
random,0.13144,0.342,0.014,0.005,0.193,0.442,0.003
random,0.131277,0.052,0.061,0.458,0.01,0.394,0.025
random,0.131244,0.147,0.076,0.089,0.05,0.398,0.24
random,0.131161,0.031,0.285,0.155,0.273,0.243,0.013
random,0.131115,0.003,0.089,0.009,0.711,0.15,0.038
random,0.130853,0.004,0.236,0.001,0.628,0.128,0.003
random,0.130815,0.096,0.1,0.004,0.001,0.289,0.51
random,0.130765,0.093,0.089,0.003,0.018,0.321,0.475
random,0.130764,0.012,0.3,0.11,0.001,0.213,0.365
random,0.130716,0.0,0.29,0.005,0.197,0.174,0.334
random,0.130553,0.017,0.195,0.019,0.298,0.23,0.242
random,0.129969,0.074,0.015,0.337,0.025,0.379,0.171
random,0.129469,0.052,0.152,0.1,0.29,0.273,0.134
random,0.12943,0.005,0.0,0.494,0.013,0.335,0.152
random,0.129425,0.012,0.87,0.035,0.0,0.08,0.003
random,0.129407,0.025,0.032,0.113,0.037,0.266,0.527
random,0.129011,0.007,0.008,0.009,0.359,0.252,0.364
random,0.129011,0.192,0.12,0.065,0.103,0.39,0.13
random,0.128982,0.022,0.682,0.002,0.196,0.046,0.053
random,0.128896,0.015,0.122,0.031,0.062,0.226,0.544
random,0.128841,0.001,0.374,0.023,0.097,0.177,0.327
random,0.128668,0.089,0.185,0.174,0.116,0.333,0.103
random,0.128569,0.291,0.091,0.02,0.138,0.426,0.034
random,0.128503,0.015,0.708,0.003,0.258,0.001,0.016
random,0.128326,0.118,0.101,0.042,0.433,0.285,0.021
random,0.128253,0.025,0.223,0.2,0.219,0.283,0.05
random,0.128229,0.422,0.036,0.017,0.001,0.517,0.007
random,0.128206,0.023,0.001,0.174,0.018,0.288,0.495
random,0.128185,0.049,0.358,0.079,0.083,0.259,0.171
random,0.128081,0.282,0.023,0.0,0.225,0.404,0.066
random,0.127279,0.336,0.131,0.015,0.008,0.46,0.049
random,0.12691,0.055,0.158,0.096,0.444,0.246,0.001
random,0.126694,0.091,0.002,0.279,0.042,0.417,0.169
random,0.126391,0.111,0.011,0.112,0.203,0.358,0.205
random,0.126361,0.107,0.011,0.117,0.206,0.362,0.196
random,0.126271,0.012,0.756,0.002,0.108,0.109,0.013
random,0.126135,0.171,0.042,0.141,0.168,0.407,0.071
random,0.126131,0.173,0.2,0.043,0.058,0.363,0.164
random,0.126042,0.008,0.834,0.031,0.0,0.008,0.118
random,0.125987,0.004,0.84,0.025,0.057,0.008,0.066
random,0.125861,0.006,0.11,0.311,0.043,0.298,0.233
random,0.125736,0.045,0.032,0.073,0.616,0.23,0.005
random,0.125648,0.005,0.647,0.04,0.029,0.075,0.203
random,0.125552,0.022,0.006,0.434,0.077,0.372,0.09
random,0.125249,0.008,0.286,0.148,0.276,0.233,0.049
random,0.125176,0.022,0.051,0.098,0.05,0.27,0.508
random,0.125006,0.025,0.075,0.291,0.083,0.341,0.185
random,0.124553,0.051,0.278,0.013,0.388,0.21,0.061
random,0.124336,0.017,0.644,0.02,0.095,0.155,0.069
random,0.124316,0.13,0.002,0.013,0.199,0.358,0.299
random,0.124166,0.146,0.171,0.047,0.079,0.352,0.204
random,0.123841,0.08,0.115,0.085,0.373,0.288,0.058
random,0.123481,0.0,0.043,0.377,0.06,0.327,0.193
random,0.123423,0.003,0.247,0.023,0.241,0.229,0.257
random,0.12316,0.003,0.155,0.016,0.282,0.246,0.298
random,0.122948,0.001,0.707,0.002,0.006,0.048,0.236
random,0.122745,0.12,0.539,0.031,0.057,0.254,0.0
random,0.122251,0.023,0.064,0.254,0.248,0.335,0.076
random,0.121504,0.103,0.121,0.017,0.464,0.275,0.021
random,0.120855,0.108,0.038,0.07,0.026,0.387,0.372
random,0.120798,0.01,0.884,0.001,0.052,0.032,0.022
random,0.120108,0.012,0.772,0.019,0.026,0.07,0.101
random,0.119986,0.031,0.115,0.028,0.17,0.279,0.378
random,0.119964,0.027,0.032,0.009,0.111,0.276,0.544
random,0.119858,0.055,0.294,0.141,0.18,0.277,0.053
random,0.119761,0.008,0.038,0.272,0.355,0.315,0.011
random,0.119557,0.001,0.324,0.003,0.252,0.202,0.219
random,0.119557,0.024,0.0,0.009,0.006,0.271,0.69
random,0.11923,0.011,0.254,0.079,0.409,0.21,0.037
random,0.119168,0.128,0.063,0.135,0.047,0.408,0.22
random,0.118546,0.084,0.062,0.05,0.492,0.283,0.029
random,0.117965,0.101,0.402,0.018,0.206,0.252,0.021
random,0.117558,0.033,0.496,0.024,0.21,0.181,0.058
random,0.117501,0.014,0.536,0.049,0.177,0.178,0.046
random,0.117326,0.144,0.209,0.165,0.107,0.375,0.0
random,0.117312,0.102,0.596,0.004,0.006,0.243,0.05
random,0.117076,0.277,0.042,0.102,0.055,0.484,0.04
random,0.117043,0.004,0.295,0.295,0.078,0.298,0.031
random,0.117041,0.175,0.071,0.006,0.284,0.346,0.118
random,0.116894,0.018,0.037,0.154,0.219,0.305,0.268
random,0.116701,0.191,0.098,0.0,0.26,0.345,0.106
random,0.116521,0.132,0.138,0.022,0.094,0.35,0.264
random,0.115526,0.055,0.038,0.243,0.005,0.398,0.261
random,0.11538,0.005,0.105,0.118,0.045,0.265,0.463
random,0.115323,0.014,0.076,0.037,0.199,0.263,0.411
random,0.115233,0.188,0.071,0.035,0.072,0.404,0.228
random,0.115004,0.017,0.063,0.071,0.463,0.263,0.123
random,0.114741,0.191,0.148,0.124,0.133,0.401,0.002
random,0.114697,0.054,0.011,0.134,0.044,0.352,0.404
random,0.114634,0.147,0.017,0.001,0.255,0.358,0.222
random,0.114628,0.047,0.1,0.069,0.444,0.259,0.082
random,0.114304,0.0,0.153,0.352,0.146,0.325,0.024
random,0.114205,0.008,0.038,0.214,0.212,0.332,0.197
random,0.113031,0.001,0.276,0.007,0.012,0.222,0.482
random,0.112893,0.019,0.462,0.013,0.182,0.195,0.128
random,0.112222,0.003,0.419,0.204,0.077,0.269,0.028
random,0.112144,0.158,0.01,0.079,0.327,0.376,0.05
random,0.112103,0.217,0.083,0.049,0.245,0.386,0.018
random,0.11202,0.258,0.05,0.16,0.006,0.49,0.037
random,0.111979,0.052,0.118,0.129,0.097,0.355,0.249
random,0.111868,0.055,0.405,0.0,0.035,0.264,0.241
random,0.111813,0.045,0.1,0.042,0.243,0.308,0.261
random,0.111365,0.202,0.083,0.112,0.082,0.437,0.084
random,0.111163,0.004,0.172,0.09,0.424,0.236,0.075
random,0.11102,0.21,0.23,0.069,0.048,0.402,0.041
random,0.110774,0.029,0.093,0.106,0.374,0.295,0.104
random,0.110314,0.107,0.015,0.001,0.586,0.283,0.008
random,0.110129,0.259,0.115,0.035,0.153,0.428,0.01
random,0.110041,0.0,0.318,0.078,0.231,0.239,0.133
random,0.109887,0.087,0.449,0.034,0.071,0.287,0.073
random,0.109826,0.04,0.007,0.144,0.061,0.351,0.397
random,0.109652,0.048,0.054,0.005,0.508,0.255,0.129
random,0.10958,0.036,0.101,0.051,0.103,0.332,0.378
random,0.109074,0.017,0.11,0.134,0.444,0.276,0.02
random,0.108762,0.029,0.018,0.121,0.351,0.326,0.155
random,0.108508,0.0,0.701,0.093,0.002,0.176,0.027
random,0.108393,0.008,0.121,0.147,0.424,0.28,0.021
random,0.108113,0.0,0.386,0.026,0.013,0.244,0.331
random,0.108102,0.065,0.397,0.112,0.0,0.301,0.125
random,0.107632,0.135,0.256,0.098,0.093,0.352,0.065
random,0.107477,0.045,0.171,0.019,0.13,0.312,0.322
random,0.107475,0.049,0.183,0.062,0.033,0.326,0.346
random,0.10681,0.028,0.618,0.088,0.011,0.221,0.034
random,0.1063,0.104,0.124,0.028,0.003,0.373,0.368
random,0.106035,0.057,0.114,0.288,0.093,0.401,0.046
random,0.105677,0.059,0.205,0.165,0.002,0.36,0.209
random,0.105668,0.029,0.002,0.062,0.341,0.325,0.241
random,0.105527,0.006,0.778,0.025,0.014,0.175,0.003
random,0.105408,0.017,0.127,0.179,0.249,0.324,0.105
random,0.105042,0.112,0.366,0.101,0.074,0.343,0.004
random,0.104857,0.218,0.054,0.0,0.315,0.386,0.026
random,0.104691,0.011,0.109,0.311,0.137,0.366,0.066
random,0.104574,0.221,0.017,0.147,0.016,0.489,0.11
random,0.104509,0.166,0.023,0.014,0.185,0.395,0.217
random,0.104453,0.014,0.031,0.054,0.48,0.276,0.145
random,0.104295,0.033,0.04,0.383,0.106,0.39,0.048
random,0.10426,0.016,0.084,0.334,0.186,0.374,0.006
random,0.104167,0.061,0.307,0.036,0.14,0.276,0.18
random,0.104107,0.035,0.003,0.025,0.398,0.303,0.235
random,0.103859,0.026,0.041,0.185,0.315,0.354,0.08
random,0.103056,0.077,0.421,0.058,0.01,0.287,0.147
random,0.103055,0.0,0.536,0.001,0.269,0.163,0.031
random,0.102624,0.128,0.155,0.022,0.151,0.349,0.195
random,0.102373,0.055,0.233,0.142,0.103,0.334,0.133
random,0.102212,0.01,0.214,0.168,0.204,0.308,0.097
random,0.102169,0.104,0.01,0.045,0.022,0.396,0.422
random,0.102122,0.001,0.446,0.098,0.22,0.227,0.009
random,0.101875,0.029,0.088,0.005,0.425,0.265,0.188
random,0.101857,0.022,0.518,0.041,0.189,0.215,0.015
random,0.101714,0.031,0.432,0.101,0.094,0.284,0.057
random,0.101692,0.079,0.458,0.023,0.024,0.285,0.131
random,0.101615,0.021,0.555,0.09,0.03,0.244,0.059
random,0.101516,0.033,0.225,0.19,0.207,0.323,0.023
random,0.101407,0.159,0.082,0.135,0.198,0.406,0.021
random,0.101263,0.017,0.033,0.001,0.622,0.244,0.084
random,0.101098,0.043,0.002,0.438,0.092,0.42,0.006
random,0.100966,0.014,0.149,0.205,0.075,0.345,0.212
random,0.100829,0.113,0.165,0.095,0.093,0.369,0.165
random,0.10065,0.005,0.08,0.112,0.458,0.283,0.061
random,0.100546,0.082,0.001,0.069,0.274,0.367,0.208
random,0.10053,0.047,0.003,0.018,0.639,0.265,0.028
random,0.100484,0.051,0.268,0.007,0.11,0.296,0.269
random,0.100324,0.058,0.406,0.127,0.119,0.29,0.0
random,0.100137,0.063,0.261,0.035,0.119,0.317,0.206
random,0.099408,0.028,0.02,0.004,0.131,0.349,0.468
random,0.099255,0.213,0.322,0.062,0.006,0.388,0.01
random,0.099185,0.006,0.583,0.135,0.003,0.247,0.026
random,0.098664,0.067,0.389,0.003,0.11,0.291,0.139
random,0.098561,0.075,0.157,0.02,0.156,0.341,0.251
random,0.098284,0.118,0.171,0.071,0.199,0.357,0.084
random,0.09817,0.053,0.134,0.071,0.025,0.356,0.361
random,0.098146,0.07,0.0,0.264,0.107,0.434,0.124
random,0.097692,0.046,0.005,0.051,0.08,0.376,0.443
random,0.097499,0.213,0.025,0.078,0.079,0.458,0.148
random,0.097395,0.152,0.161,0.091,0.216,0.371,0.008
random,0.097331,0.063,0.274,0.189,0.121,0.341,0.012
random,0.097202,0.003,0.0,0.043,0.07,0.308,0.576
random,0.097162,0.046,0.288,0.03,0.008,0.306,0.322
random,0.097153,0.003,0.052,0.049,0.001,0.316,0.58
random,0.096912,0.01,0.255,0.287,0.043,0.342,0.064
random,0.096371,0.005,0.158,0.109,0.022,0.301,0.405
random,0.096026,0.023,0.664,0.042,0.005,0.229,0.036
random,0.095798,0.003,0.127,0.255,0.07,0.336,0.21
random,0.095695,0.109,0.129,0.073,0.224,0.358,0.107
random,0.095274,0.001,0.265,0.022,0.356,0.229,0.127
random,0.094563,0.019,0.349,0.052,0.008,0.277,0.295
random,0.094088,0.045,0.085,0.076,0.004,0.382,0.408
random,0.094013,0.125,0.008,0.117,0.247,0.404,0.1
random,0.09364,0.127,0.002,0.001,0.297,0.379,0.193
random,0.093367,0.007,0.136,0.155,0.312,0.317,0.074
random,0.093207,0.06,0.036,0.406,0.015,0.444,0.039
random,0.093056,0.154,0.245,0.173,0.002,0.414,0.011
random,0.092971,0.082,0.199,0.024,0.007,0.351,0.338
random,0.092914,0.086,0.262,0.004,0.351,0.29,0.007
random,0.092484,0.026,0.072,0.216,0.059,0.365,0.262
random,0.092119,0.083,0.085,0.066,0.451,0.314,0.001
random,0.091804,0.055,0.091,0.038,0.401,0.311,0.103
random,0.091653,0.038,0.561,0.0,0.164,0.231,0.006
random,0.091607,0.077,0.155,0.213,0.043,0.402,0.11
random,0.091445,0.005,0.342,0.048,0.012,0.275,0.317
random,0.091256,0.001,0.001,0.026,0.711,0.259,0.002
random,0.091187,0.041,0.094,0.17,0.348,0.347,0.0
random,0.091149,0.056,0.449,0.128,0.055,0.304,0.009
random,0.090478,0.018,0.007,0.457,0.058,0.431,0.029
random,0.090357,0.001,0.161,0.252,0.025,0.363,0.198
random,0.090113,0.083,0.033,0.233,0.029,0.449,0.174
random,0.090043,0.157,0.339,0.013,0.106,0.35,0.035
random,0.089902,0.0,0.435,0.068,0.223,0.237,0.037
random,0.08967,0.003,0.167,0.066,0.003,0.32,0.442
random,0.08946,0.11,0.163,0.013,0.23,0.352,0.133
random,0.089458,0.008,0.653,0.007,0.08,0.217,0.035
random,0.089184,0.275,0.053,0.017,0.159,0.463,0.034
random,0.089128,0.029,0.242,0.005,0.049,0.306,0.37
random,0.089086,0.191,0.027,0.063,0.236,0.439,0.044
random,0.088724,0.028,0.037,0.31,0.06,0.437,0.127
random,0.088672,0.0,0.509,0.004,0.205,0.214,0.068
random,0.088469,0.008,0.013,0.092,0.459,0.314,0.113
random,0.08803,0.038,0.213,0.0,0.126,0.313,0.31
random,0.087834,0.023,0.485,0.009,0.184,0.24,0.059
random,0.087789,0.001,0.269,0.102,0.263,0.291,0.074
random,0.08761,0.012,0.308,0.171,0.103,0.32,0.087
random,0.086646,0.151,0.034,0.09,0.17,0.432,0.123
random,0.086524,0.057,0.1,0.208,0.003,0.423,0.209
random,0.085997,0.174,0.119,0.048,0.257,0.398,0.005
random,0.08588,0.11,0.004,0.314,0.024,0.493,0.056
random,0.085828,0.081,0.038,0.082,0.448,0.347,0.004
random,0.085663,0.006,0.202,0.015,0.502,0.236,0.04
random,0.085391,0.001,0.113,0.383,0.019,0.418,0.067
random,0.084869,0.0,0.042,0.009,0.032,0.345,0.571
random,0.084525,0.031,0.132,0.039,0.094,0.346,0.358
random,0.08445,0.032,0.219,0.152,0.024,0.352,0.221
random,0.084048,0.065,0.049,0.369,0.018,0.476,0.024
random,0.083866,0.062,0.037,0.053,0.417,0.341,0.091
random,0.083802,0.005,0.101,0.29,0.189,0.383,0.032
random,0.083756,0.023,0.156,0.065,0.31,0.317,0.129
random,0.083489,0.178,0.161,0.0,0.04,0.4,0.222
random,0.083265,0.0,0.629,0.01,0.072,0.236,0.051
random,0.082662,0.022,0.007,0.369,0.0,0.462,0.14
random,0.082317,0.264,0.003,0.034,0.016,0.51,0.173
random,0.082141,0.05,0.043,0.013,0.461,0.324,0.11
random,0.081931,0.109,0.013,0.008,0.049,0.408,0.413
random,0.080718,0.117,0.209,0.074,0.08,0.389,0.131
random,0.080506,0.009,0.438,0.006,0.116,0.254,0.177
random,0.080328,0.146,0.129,0.148,0.119,0.425,0.033
random,0.0799,0.015,0.208,0.263,0.068,0.384,0.061
random,0.079536,0.372,0.01,0.003,0.021,0.575,0.018
random,0.079531,0.131,0.1,0.012,0.307,0.377,0.072
random,0.079394,0.0,0.08,0.011,0.642,0.263,0.003
random,0.079266,0.203,0.321,0.0,0.072,0.397,0.006
random,0.079168,0.151,0.133,0.002,0.082,0.399,0.234
random,0.07914,0.053,0.124,0.001,0.522,0.29,0.009
random,0.078845,0.01,0.029,0.008,0.621,0.285,0.048
random,0.078381,0.03,0.064,0.037,0.522,0.301,0.047
random,0.078307,0.11,0.076,0.127,0.262,0.414,0.012
random,0.078288,0.025,0.076,0.261,0.204,0.401,0.033
random,0.07778,0.054,0.108,0.044,0.055,0.387,0.351
random,0.0776,0.298,0.031,0.001,0.025,0.519,0.125
random,0.077341,0.074,0.157,0.159,0.219,0.387,0.004
random,0.076586,0.104,0.122,0.036,0.235,0.377,0.126
random,0.076465,0.007,0.529,0.003,0.07,0.261,0.131
random,0.076222,0.05,0.449,0.144,0.008,0.318,0.032
random,0.076139,0.209,0.104,0.025,0.151,0.456,0.055
random,0.075831,0.103,0.054,0.003,0.26,0.391,0.189
random,0.075552,0.003,0.088,0.315,0.094,0.412,0.088
random,0.075497,0.007,0.43,0.038,0.27,0.236,0.019
random,0.074959,0.0,0.297,0.284,0.021,0.351,0.047
random,0.074649,0.005,0.397,0.109,0.072,0.303,0.115
random,0.074312,0.018,0.041,0.21,0.296,0.397,0.038
random,0.074242,0.025,0.012,0.026,0.323,0.372,0.242
random,0.074052,0.012,0.528,0.048,0.026,0.265,0.121
random,0.074008,0.215,0.043,0.03,0.208,0.47,0.034
random,0.073845,0.065,0.006,0.245,0.201,0.438,0.045
random,0.07384,0.082,0.336,0.064,0.052,0.345,0.12
random,0.073161,0.18,0.009,0.069,0.255,0.46,0.026
random,0.072885,0.019,0.164,0.279,0.069,0.406,0.063
random,0.072609,0.166,0.247,0.008,0.165,0.4,0.014
random,0.07201,0.107,0.029,0.307,0.051,0.495,0.01
random,0.071844,0.005,0.063,0.209,0.16,0.408,0.155
random,0.071573,0.061,0.329,0.152,0.08,0.356,0.022
random,0.070958,0.255,0.062,0.08,0.013,0.504,0.085
random,0.070912,0.228,0.009,0.145,0.003,0.526,0.088
random,0.070832,0.28,0.06,0.049,0.068,0.52,0.024
random,0.070292,0.18,0.111,0.167,0.066,0.475,0.001
random,0.069445,0.073,0.273,0.002,0.256,0.315,0.081
random,0.069163,0.006,0.333,0.004,0.285,0.257,0.116
random,0.068914,0.004,0.035,0.008,0.648,0.297,0.009
random,0.068819,0.148,0.143,0.003,0.032,0.416,0.257
random,0.068818,0.018,0.132,0.018,0.543,0.288,0.001
random,0.068737,0.062,0.04,0.042,0.491,0.356,0.009
random,0.06872,0.083,0.076,0.151,0.16,0.425,0.106
random,0.06863,0.0,0.306,0.117,0.27,0.302,0.005
random,0.068213,0.042,0.072,0.05,0.43,0.34,0.066
random,0.067698,0.154,0.15,0.035,0.241,0.404,0.015
random,0.067592,0.056,0.003,0.005,0.444,0.358,0.134
random,0.067581,0.058,0.238,0.002,0.373,0.3,0.028
random,0.067572,0.017,0.013,0.039,0.541,0.338,0.053
random,0.067204,0.001,0.0,0.057,0.372,0.372,0.197
random,0.067096,0.306,0.001,0.054,0.071,0.563,0.005
random,0.066347,0.017,0.06,0.248,0.045,0.448,0.183
random,0.066271,0.078,0.203,0.003,0.337,0.331,0.049
random,0.065998,0.031,0.153,0.012,0.482,0.304,0.019
random,0.065928,0.0,0.059,0.048,0.27,0.358,0.264
random,0.065908,0.057,0.039,0.018,0.182,0.403,0.301
random,0.065574,0.035,0.085,0.328,0.074,0.459,0.02
random,0.065237,0.056,0.173,0.304,0.004,0.453,0.01
random,0.065204,0.11,0.018,0.002,0.061,0.42,0.389
random,0.064854,0.074,0.065,0.118,0.215,0.428,0.101
random,0.064685,0.035,0.307,0.171,0.045,0.368,0.075
random,0.064183,0.14,0.282,0.062,0.081,0.408,0.026
random,0.064062,0.019,0.018,0.035,0.195,0.389,0.344
random,0.063941,0.025,0.028,0.003,0.005,0.41,0.529
random,0.063653,0.063,0.0,0.002,0.482,0.375,0.078
random,0.063605,0.15,0.055,0.002,0.186,0.448,0.159
random,0.063333,0.024,0.025,0.192,0.308,0.426,0.024
random,0.063235,0.004,0.196,0.172,0.03,0.388,0.211
random,0.06321,0.007,0.143,0.02,0.357,0.314,0.158
random,0.062825,0.244,0.029,0.094,0.062,0.547,0.023
random,0.062612,0.2,0.005,0.091,0.078,0.517,0.109
random,0.062519,0.002,0.374,0.02,0.333,0.27,0.0
random,0.062287,0.267,0.028,0.102,0.017,0.555,0.032
random,0.061898,0.008,0.476,0.096,0.024,0.307,0.09
random,0.061573,0.158,0.216,0.132,0.02,0.451,0.024
random,0.061495,0.032,0.318,0.085,0.234,0.322,0.009
random,0.061368,0.02,0.094,0.005,0.39,0.324,0.167
random,0.061179,0.27,0.047,0.037,0.0,0.542,0.104
random,0.060982,0.033,0.023,0.247,0.114,0.46,0.123
random,0.060342,0.178,0.062,0.189,0.007,0.519,0.044
random,0.060117,0.045,0.057,0.209,0.213,0.447,0.029
random,0.060026,0.033,0.055,0.021,0.023,0.411,0.457
random,0.059763,0.075,0.151,0.079,0.205,0.407,0.084
random,0.059455,0.027,0.086,0.248,0.019,0.463,0.156
random,0.0594,0.124,0.001,0.076,0.316,0.465,0.018
random,0.058959,0.203,0.232,0.06,0.041,0.461,0.004
random,0.058686,0.002,0.058,0.011,0.53,0.328,0.07
random,0.058544,0.019,0.04,0.139,0.1,0.422,0.281
random,0.058398,0.056,0.038,0.126,0.163,0.457,0.16
random,0.058088,0.119,0.196,0.103,0.096,0.434,0.053
random,0.058009,0.012,0.262,0.179,0.0,0.394,0.153
random,0.057655,0.005,0.007,0.021,0.443,0.357,0.167
random,0.057112,0.07,0.021,0.062,0.348,0.413,0.086
random,0.056854,0.133,0.239,0.018,0.189,0.409,0.011
random,0.056769,0.028,0.39,0.001,0.119,0.325,0.137
random,0.056757,0.182,0.001,0.125,0.103,0.523,0.067
random,0.056713,0.009,0.04,0.05,0.404,0.365,0.132
random,0.056395,0.21,0.132,0.068,0.01,0.519,0.061
random,0.056333,0.08,0.003,0.019,0.453,0.403,0.042
random,0.056312,0.0,0.019,0.036,0.57,0.346,0.03
random,0.055562,0.011,0.039,0.226,0.24,0.441,0.044
random,0.055515,0.01,0.245,0.08,0.347,0.308,0.01
random,0.055465,0.014,0.07,0.043,0.001,0.427,0.445
random,0.055313,0.051,0.302,0.001,0.295,0.328,0.022
random,0.055134,0.105,0.115,0.086,0.004,0.436,0.254
random,0.053959,0.118,0.019,0.276,0.008,0.542,0.037
random,0.053358,0.047,0.03,0.052,0.491,0.376,0.004
random,0.053351,0.161,0.353,0.02,0.05,0.414,0.002
random,0.053241,0.204,0.041,0.11,0.082,0.54,0.023
random,0.053033,0.167,0.157,0.11,0.003,0.488,0.076
random,0.052962,0.076,0.264,0.039,0.014,0.395,0.213
random,0.052885,0.109,0.001,0.098,0.291,0.487,0.013
random,0.05221,0.081,0.313,0.0,0.211,0.376,0.019
random,0.052103,0.007,0.485,0.003,0.066,0.286,0.154
random,0.051703,0.032,0.003,0.104,0.009,0.465,0.387
random,0.051456,0.003,0.022,0.076,0.428,0.378,0.093
random,0.050956,0.01,0.287,0.059,0.249,0.335,0.06
random,0.05078,0.192,0.164,0.043,0.067,0.482,0.051
random,0.050184,0.183,0.238,0.046,0.002,0.48,0.05
random,0.049846,0.1,0.189,0.001,0.304,0.403,0.003
random,0.04967,0.042,0.0,0.189,0.266,0.464,0.039
random,0.049561,0.075,0.13,0.061,0.008,0.437,0.29
random,0.049535,0.087,0.125,0.024,0.317,0.419,0.028
random,0.049458,0.017,0.523,0.106,0.01,0.323,0.022
random,0.049263,0.114,0.168,0.105,0.019,0.434,0.16
random,0.049222,0.081,0.054,0.032,0.022,0.455,0.355
random,0.04897,0.014,0.122,0.02,0.265,0.377,0.202
random,0.048842,0.062,0.242,0.056,0.146,0.396,0.098
random,0.048553,0.114,0.031,0.045,0.044,0.478,0.288
random,0.048515,0.187,0.047,0.158,0.001,0.548,0.059
random,0.04844,0.012,0.146,0.016,0.399,0.331,0.095
random,0.048386,0.065,0.45,0.037,0.085,0.359,0.004
random,0.048287,0.093,0.001,0.295,0.01,0.555,0.046
random,0.047926,0.013,0.331,0.043,0.233,0.329,0.051
random,0.047604,0.01,0.005,0.005,0.481,0.374,0.125
random,0.047539,0.031,0.186,0.059,0.335,0.365,0.024
random,0.047539,0.014,0.205,0.069,0.338,0.355,0.019
random,0.047498,0.02,0.106,0.214,0.221,0.438,0.001
random,0.047438,0.072,0.011,0.019,0.06,0.467,0.371
random,0.046429,0.063,0.044,0.159,0.128,0.468,0.139
random,0.046257,0.037,0.18,0.0,0.36,0.391,0.032
random,0.045976,0.013,0.014,0.055,0.408,0.459,0.051
random,0.045686,0.017,0.146,0.113,0.013,0.429,0.283
random,0.045672,0.027,0.037,0.084,0.051,0.449,0.353
random,0.045448,0.087,0.046,0.075,0.251,0.468,0.072
random,0.045404,0.126,0.189,0.079,0.127,0.461,0.018
random,0.04526,0.016,0.0,0.029,0.37,0.456,0.128
random,0.044783,0.027,0.299,0.031,0.231,0.356,0.056
random,0.044569,0.047,0.035,0.034,0.041,0.46,0.382
random,0.044509,0.161,0.065,0.018,0.169,0.503,0.084
random,0.044476,0.013,0.203,0.159,0.034,0.423,0.167
random,0.044325,0.029,0.018,0.11,0.111,0.46,0.272
random,0.044313,0.056,0.295,0.011,0.214,0.394,0.031
random,0.044247,0.08,0.117,0.119,0.053,0.478,0.153
random,0.044233,0.101,0.093,0.158,0.014,0.524,0.11
random,0.044029,0.161,0.079,0.151,0.076,0.513,0.021
random,0.043988,0.128,0.009,0.055,0.185,0.522,0.1
random,0.043981,0.224,0.055,0.047,0.065,0.561,0.048
random,0.043783,0.027,0.014,0.201,0.13,0.477,0.151
random,0.043743,0.005,0.185,0.064,0.147,0.393,0.207
random,0.043735,0.029,0.343,0.012,0.198,0.369,0.049
random,0.043393,0.124,0.026,0.193,0.026,0.556,0.075
random,0.043348,0.02,0.506,0.009,0.107,0.338,0.019
random,0.043244,0.162,0.151,0.117,0.002,0.506,0.062
random,0.042717,0.083,0.118,0.17,0.009,0.506,0.113
random,0.042616,0.001,0.092,0.182,0.276,0.43,0.02
random,0.042277,0.034,0.001,0.083,0.005,0.499,0.379
random,0.041674,0.1,0.219,0.089,0.032,0.443,0.117
random,0.041348,0.002,0.084,0.189,0.144,0.435,0.147
random,0.04133,0.046,0.039,0.002,0.009,0.467,0.437
random,0.041288,0.019,0.029,0.21,0.092,0.503,0.148
random,0.04125,0.055,0.005,0.117,0.293,0.473,0.058
random,0.041237,0.013,0.33,0.002,0.258,0.37,0.026
random,0.041224,0.039,0.16,0.126,0.205,0.419,0.051
random,0.041101,0.057,0.018,0.256,0.148,0.513,0.008
random,0.04098,0.24,0.024,0.037,0.038,0.575,0.084
random,0.040386,0.053,0.026,0.317,0.01,0.591,0.003
random,0.039711,0.011,0.082,0.08,0.005,0.472,0.35
random,0.039662,0.265,0.08,0.006,0.049,0.587,0.013
random,0.039421,0.004,0.39,0.006,0.092,0.33,0.178
random,0.038938,0.148,0.302,0.022,0.003,0.458,0.065
random,0.038924,0.053,0.002,0.004,0.218,0.452,0.271
random,0.038538,0.168,0.004,0.168,0.06,0.564,0.035
random,0.038348,0.154,0.078,0.191,0.039,0.537,0.0
random,0.037961,0.005,0.014,0.084,0.354,0.457,0.085
random,0.037919,0.032,0.131,0.142,0.006,0.469,0.221
random,0.037491,0.306,0.017,0.005,0.04,0.627,0.003
random,0.037413,0.009,0.451,0.084,0.057,0.356,0.043
random,0.036754,0.022,0.004,0.173,0.045,0.522,0.234
random,0.036157,0.061,0.284,0.001,0.073,0.393,0.189
random,0.035931,0.046,0.032,0.033,0.017,0.5,0.372
random,0.035856,0.143,0.053,0.027,0.175,0.523,0.079
random,0.035265,0.018,0.131,0.039,0.2,0.426,0.187
random,0.034879,0.009,0.071,0.117,0.231,0.455,0.117
random,0.034728,0.07,0.167,0.037,0.202,0.452,0.072
random,0.034624,0.047,0.128,0.147,0.17,0.468,0.039
random,0.034551,0.05,0.432,0.0,0.063,0.364,0.091
random,0.034019,0.013,0.27,0.006,0.271,0.432,0.008
random,0.03389,0.003,0.144,0.045,0.156,0.417,0.235
random,0.033842,0.01,0.07,0.003,0.339,0.456,0.124
random,0.033817,0.123,0.011,0.0,0.118,0.515,0.233
random,0.033499,0.146,0.137,0.022,0.02,0.51,0.165
random,0.033447,0.151,0.023,0.049,0.201,0.553,0.024
random,0.033083,0.036,0.405,0.159,0.0,0.398,0.002
random,0.033017,0.0,0.044,0.065,0.182,0.445,0.263
random,0.032658,0.035,0.357,0.044,0.143,0.396,0.024
random,0.032499,0.085,0.001,0.042,0.232,0.537,0.102
random,0.032302,0.119,0.16,0.024,0.108,0.477,0.112
random,0.032061,0.068,0.065,0.094,0.001,0.526,0.247
random,0.031647,0.007,0.147,0.001,0.078,0.404,0.363
random,0.031613,0.118,0.232,0.001,0.14,0.455,0.054
random,0.031608,0.209,0.015,0.015,0.005,0.58,0.177
random,0.031537,0.163,0.006,0.023,0.019,0.564,0.225
random,0.031389,0.019,0.057,0.227,0.211,0.479,0.006
random,0.031313,0.006,0.225,0.005,0.298,0.463,0.003
random,0.031213,0.022,0.133,0.039,0.237,0.435,0.135
random,0.030842,0.103,0.186,0.078,0.009,0.493,0.131
random,0.030614,0.058,0.294,0.033,0.177,0.426,0.013
random,0.030482,0.027,0.447,0.006,0.002,0.36,0.158
random,0.030424,0.005,0.301,0.016,0.228,0.439,0.011
random,0.03021,0.124,0.244,0.019,0.076,0.464,0.074
random,0.029674,0.189,0.062,0.082,0.031,0.568,0.069
random,0.029292,0.017,0.288,0.195,0.0,0.432,0.069
random,0.029285,0.028,0.231,0.097,0.164,0.444,0.037
random,0.028834,0.208,0.012,0.085,0.001,0.623,0.071
random,0.028805,0.037,0.005,0.015,0.381,0.524,0.038
random,0.028753,0.031,0.105,0.008,0.002,0.466,0.389
random,0.028729,0.11,0.071,0.213,0.011,0.595,0.001
random,0.028348,0.19,0.093,0.007,0.105,0.559,0.044
random,0.028322,0.038,0.286,0.005,0.208,0.456,0.007
random,0.027879,0.053,0.064,0.121,0.234,0.489,0.04
random,0.027834,0.007,0.292,0.07,0.015,0.401,0.215
random,0.027731,0.007,0.164,0.013,0.233,0.436,0.146
random,0.027705,0.105,0.171,0.016,0.183,0.518,0.008
random,0.027669,0.149,0.238,0.042,0.044,0.506,0.021
random,0.027463,0.055,0.151,0.059,0.155,0.468,0.112
random,0.027365,0.02,0.179,0.117,0.218,0.455,0.011
random,0.027245,0.001,0.107,0.007,0.243,0.444,0.198
random,0.026514,0.001,0.213,0.275,0.026,0.48,0.005
random,0.025894,0.008,0.142,0.248,0.023,0.513,0.067
random,0.025554,0.007,0.002,0.211,0.077,0.55,0.153
random,0.025467,0.092,0.333,0.004,0.111,0.456,0.004
random,0.025275,0.007,0.227,0.183,0.074,0.441,0.068
random,0.025194,0.022,0.072,0.223,0.182,0.496,0.006
random,0.025144,0.004,0.057,0.185,0.206,0.483,0.065
random,0.025102,0.047,0.14,0.016,0.231,0.499,0.069
random,0.025012,0.007,0.119,0.105,0.177,0.455,0.137
random,0.024953,0.066,0.013,0.017,0.316,0.556,0.032
random,0.024736,0.023,0.095,0.159,0.219,0.498,0.007
random,0.024715,0.141,0.225,0.018,0.009,0.487,0.119
random,0.023712,0.042,0.069,0.227,0.089,0.543,0.03
random,0.023652,0.013,0.094,0.212,0.018,0.537,0.125
random,0.023546,0.058,0.041,0.019,0.183,0.506,0.193
random,0.02237,0.111,0.183,0.153,0.001,0.539,0.012
random,0.022359,0.054,0.122,0.24,0.011,0.561,0.013
random,0.022341,0.028,0.021,0.021,0.06,0.511,0.359
random,0.022157,0.061,0.081,0.144,0.1,0.521,0.092
random,0.021877,0.021,0.062,0.073,0.289,0.506,0.049
random,0.021696,0.09,0.254,0.074,0.049,0.47,0.063
random,0.021657,0.008,0.059,0.092,0.293,0.518,0.03
random,0.021577,0.171,0.034,0.077,0.099,0.59,0.028
random,0.020827,0.019,0.384,0.031,0.109,0.435,0.021
random,0.020743,0.0,0.125,0.151,0.103,0.474,0.146
random,0.020743,0.0,0.1,0.189,0.079,0.513,0.12
random,0.020726,0.017,0.1,0.232,0.003,0.562,0.086
random,0.020637,0.026,0.011,0.054,0.278,0.552,0.079
random,0.020415,0.037,0.096,0.245,0.0,0.572,0.049
random,0.020266,0.026,0.007,0.265,0.052,0.615,0.035
random,0.020016,0.05,0.0,0.011,0.25,0.555,0.134
random,0.019408,0.031,0.072,0.181,0.122,0.528,0.067
random,0.019323,0.073,0.071,0.01,0.003,0.527,0.316
random,0.018877,0.089,0.003,0.038,0.074,0.561,0.234
random,0.018848,0.175,0.043,0.071,0.098,0.599,0.013
random,0.018848,0.147,0.099,0.028,0.06,0.551,0.115
random,0.018558,0.031,0.028,0.004,0.181,0.488,0.268
random,0.018431,0.003,0.179,0.252,0.039,0.521,0.007
random,0.017573,0.001,0.012,0.224,0.197,0.528,0.037
random,0.017154,0.011,0.038,0.008,0.157,0.471,0.315
random,0.016779,0.038,0.248,0.136,0.009,0.477,0.092
random,0.016779,0.055,0.152,0.122,0.018,0.523,0.132
random,0.016595,0.009,0.16,0.007,0.034,0.463,0.326
random,0.016588,0.076,0.056,0.083,0.004,0.574,0.207
random,0.016369,0.036,0.04,0.114,0.238,0.552,0.021
random,0.016339,0.028,0.227,0.014,0.084,0.426,0.22
random,0.016119,0.024,0.121,0.124,0.106,0.515,0.111
random,0.016119,0.01,0.129,0.137,0.117,0.507,0.101
random,0.0161,0.072,0.0,0.124,0.124,0.587,0.092
random,0.016029,0.095,0.017,0.01,0.019,0.58,0.279
random,0.01566,0.012,0.205,0.015,0.165,0.483,0.12
random,0.01556,0.074,0.25,0.051,0.1,0.521,0.004
random,0.014525,0.014,0.025,0.116,0.021,0.57,0.253
random,0.014186,0.026,0.018,0.014,0.01,0.568,0.364
random,0.01408,0.005,0.019,0.062,0.074,0.548,0.292
random,0.01408,0.207,0.148,0.007,0.006,0.573,0.06
random,0.013931,0.048,0.002,0.249,0.079,0.622,0.001
random,0.013931,0.042,0.045,0.18,0.159,0.554,0.02
random,0.013931,0.112,0.042,0.16,0.014,0.66,0.012
random,0.01381,0.045,0.006,0.22,0.105,0.613,0.012
random,0.01381,0.012,0.129,0.118,0.093,0.507,0.141
random,0.01381,0.17,0.04,0.079,0.005,0.668,0.038
random,0.01374,0.085,0.018,0.14,0.119,0.603,0.035
random,0.013711,0.144,0.021,0.024,0.058,0.627,0.127
random,0.013711,0.115,0.021,0.069,0.168,0.602,0.026
random,0.013711,0.2,0.008,0.072,0.037,0.667,0.016
random,0.013711,0.166,0.006,0.063,0.065,0.647,0.052
random,0.01362,0.093,0.008,0.116,0.18,0.596,0.007
random,0.01352,0.14,0.016,0.001,0.02,0.628,0.195
random,0.013251,0.086,0.271,0.065,0.02,0.548,0.01
random,0.013251,0.061,0.175,0.024,0.061,0.484,0.194
random,0.013151,0.091,0.092,0.056,0.026,0.666,0.07
random,0.011922,0.028,0.045,0.27,0.0,0.648,0.009
random,0.011302,0.048,0.093,0.202,0.004,0.652,0.001
random,0.011302,0.02,0.146,0.199,0.024,0.58,0.031
random,0.011302,0.213,0.023,0.001,0.014,0.681,0.068
random,0.011302,0.043,0.001,0.211,0.068,0.624,0.053
random,0.011302,0.045,0.097,0.185,0.021,0.619,0.033
random,0.011302,0.142,0.174,0.023,0.001,0.562,0.098
random,0.011111,0.026,0.107,0.132,0.013,0.588,0.134
random,0.011111,0.146,0.003,0.012,0.063,0.701,0.074
random,0.011111,0.01,0.059,0.146,0.108,0.567,0.11
random,0.011111,0.139,0.027,0.034,0.082,0.684,0.035
random,0.010962,0.046,0.21,0.133,0.035,0.542,0.034
random,0.010962,0.008,0.059,0.176,0.007,0.673,0.076
random,0.010962,0.141,0.098,0.012,0.0,0.74,0.009
random,0.010842,0.104,0.15,0.039,0.101,0.605,0.0
random,0.010842,0.108,0.148,0.042,0.027,0.615,0.06
random,0.010842,0.105,0.032,0.023,0.105,0.647,0.088
random,0.010842,0.071,0.023,0.077,0.032,0.606,0.191
random,0.010842,0.007,0.031,0.095,0.15,0.564,0.153
random,0.010842,0.13,0.024,0.044,0.027,0.773,0.001
random,0.010742,0.017,0.121,0.085,0.002,0.646,0.128
random,0.010742,0.061,0.063,0.063,0.028,0.629,0.155
random,0.010742,0.034,0.014,0.127,0.089,0.711,0.024
random,0.010742,0.001,0.023,0.125,0.208,0.627,0.016
random,0.010742,0.03,0.015,0.128,0.136,0.671,0.019
random,0.010742,0.062,0.093,0.014,0.012,0.583,0.235
random,0.010742,0.04,0.023,0.136,0.017,0.77,0.014
random,0.010742,0.033,0.181,0.019,0.041,0.529,0.198
random,0.010742,0.05,0.061,0.122,0.166,0.598,0.003
random,0.010742,0.041,0.184,0.032,0.081,0.498,0.164
random,0.010742,0.007,0.37,0.065,0.001,0.481,0.076
random,0.010742,0.062,0.111,0.018,0.116,0.552,0.141
random,0.010742,0.001,0.028,0.046,0.08,0.636,0.209
random,0.010742,0.018,0.186,0.037,0.067,0.517,0.175
random,0.010742,0.019,0.01,0.123,0.156,0.659,0.033
random,0.010742,0.018,0.109,0.082,0.022,0.659,0.11
random,0.010742,0.022,0.171,0.029,0.095,0.536,0.147
random,0.010742,0.022,0.089,0.052,0.023,0.59,0.223
random,0.010742,0.04,0.253,0.034,0.023,0.506,0.144
random,0.010742,0.003,0.217,0.098,0.021,0.606,0.055
random,0.010742,0.022,0.013,0.101,0.129,0.606,0.129
random,0.010742,0.054,0.2,0.046,0.152,0.533,0.015
random,0.010742,0.052,0.005,0.035,0.072,0.629,0.206
random,0.010742,0.059,0.052,0.052,0.028,0.581,0.229
random,0.010742,0.054,0.204,0.038,0.079,0.549,0.077
random,0.010742,0.026,0.153,0.001,0.045,0.564,0.211
random,0.010742,0.058,0.049,0.047,0.126,0.576,0.144
random,0.008333,0.011,0.136,0.035,0.163,0.544,0.111
random,0.008333,0.041,0.097,0.056,0.216,0.588,0.002
random,0.008333,0.002,0.235,0.003,0.19,0.547,0.022
random,0.008333,0.041,0.049,0.051,0.174,0.663,0.022
random,0.008333,0.035,0.05,0.008,0.199,0.616,0.092
random,0.008333,0.095,0.01,0.0,0.0,0.797,0.098
random,0.008333,0.003,0.166,0.05,0.076,0.655,0.05
random,0.008333,0.026,0.156,0.016,0.205,0.563,0.035
random,0.008333,0.051,0.256,0.051,0.001,0.639,0.001
random,0.008333,0.02,0.216,0.003,0.089,0.562,0.111
random,0.008333,0.018,0.104,0.047,0.062,0.681,0.089
random,0.008333,0.012,0.052,0.004,0.167,0.69,0.074
random,0.008333,0.027,0.409,0.004,0.005,0.443,0.111
random,0.008333,0.014,0.249,0.01,0.012,0.681,0.034
random,0.008333,0.079,0.024,0.005,0.107,0.746,0.039
random,0.008333,0.026,0.103,0.096,0.064,0.686,0.026
random,0.008333,0.081,0.019,0.001,0.205,0.693,0.002
random,0.008333,0.014,0.038,0.036,0.043,0.768,0.102
random,0.008333,0.008,0.136,0.014,0.087,0.697,0.059
random,0.008333,0.049,0.017,0.006,0.049,0.781,0.098
random,0.008333,0.067,0.141,0.012,0.091,0.613,0.077
random,0.008333,0.033,0.367,0.013,0.006,0.52,0.061
random,0.008333,0.075,0.181,0.033,0.013,0.698,0.0
random,0.008333,0.021,0.095,0.027,0.105,0.673,0.079
random,0.008333,0.001,0.039,0.022,0.152,0.697,0.089
random,0.008333,0.087,0.061,0.011,0.116,0.708,0.017
random,0.008333,0.034,0.112,0.095,0.05,0.69,0.018
random,0.008333,0.038,0.152,0.025,0.1,0.661,0.024
random,0.008333,0.007,0.143,0.06,0.024,0.759,0.007
random,0.008333,0.023,0.071,0.06,0.188,0.648,0.01
random,0.008333,0.019,0.046,0.001,0.002,0.929,0.003
random,0.008333,0.0,0.298,0.03,0.055,0.499,0.119
random,0.008333,0.017,0.006,0.002,0.006,0.789,0.181
random,0.008333,0.107,0.038,0.013,0.018,0.774,0.05
random,0.008333,0.007,0.205,0.018,0.065,0.684,0.021
random,0.008333,0.102,0.013,0.001,0.147,0.619,0.118
random,0.008333,0.056,0.172,0.046,0.008,0.652,0.066
random,0.008333,0.061,0.1,0.025,0.098,0.663,0.053
random,0.008333,0.047,0.005,0.002,0.019,0.926,0.001
random,0.008333,0.033,0.002,0.01,0.116,0.664,0.175
random,0.008333,0.079,0.027,0.012,0.107,0.667,0.109
random,0.008333,0.0,0.236,0.071,0.111,0.548,0.033
random,0.008333,0.122,0.008,0.008,0.021,0.787,0.054
random,0.008333,0.076,0.135,0.038,0.001,0.697,0.052
random,0.008333,0.038,0.033,0.003,0.005,0.886,0.036
random,0.008333,0.054,0.075,0.008,0.223,0.601,0.04
random,0.008333,0.032,0.241,0.034,0.117,0.569,0.007
random,0.008333,0.001,0.179,0.003,0.026,0.609,0.182
random,0.008333,0.022,0.031,0.114,0.161,0.67,0.002
random,0.008333,0.051,0.143,0.017,0.16,0.558,0.07
random,0.008333,0.112,0.064,0.02,0.02,0.761,0.024
random,0.008333,0.011,0.02,0.003,0.189,0.771,0.006
random,0.008333,0.013,0.318,0.047,0.013,0.553,0.056
random,0.008333,0.087,0.181,0.004,0.085,0.573,0.068
random,0.008333,0.007,0.251,0.003,0.016,0.585,0.139
random,0.008333,0.083,0.118,0.015,0.033,0.676,0.074
random,0.008333,0.073,0.007,0.007,0.024,0.862,0.027
random,0.008333,0.063,0.155,0.033,0.007,0.712,0.029
random,0.008333,0.014,0.072,0.043,0.0,0.725,0.146
random,0.008333,0.008,0.049,0.01,0.054,0.699,0.182
random,0.008333,0.003,0.053,0.002,0.012,0.693,0.237
random,0.008333,0.068,0.06,0.045,0.126,0.64,0.062
random,0.008333,0.07,0.095,0.015,0.097,0.668,0.054
random,0.008333,0.013,0.049,0.006,0.147,0.705,0.081
random,0.008333,0.047,0.057,0.01,0.0,0.87,0.015
random,0.008333,0.008,0.082,0.027,0.004,0.879,0.0
random,0.008333,0.037,0.171,0.013,0.0,0.692,0.087
random,0.008333,0.038,0.228,0.036,0.044,0.653,0.001
random,0.008333,0.051,0.03,0.003,0.008,0.804,0.104
random,0.008333,0.004,0.4,0.002,0.002,0.542,0.049
random,0.008333,0.007,0.076,0.01,0.071,0.821,0.016
random,0.008333,0.057,0.162,0.048,0.055,0.67,0.008
random,0.008333,0.001,0.344,0.005,0.106,0.526,0.018
random,0.008333,0.082,0.183,0.004,0.097,0.589,0.046
